   Compiling tokio-rustls v0.26.4
   Compiling lens-contract v0.1.0 (/private/tmp/lens-datasets-candidate.sdpg3h/checkout/src/worker/crates/contract)
   Compiling litellm-traces v0.1.0 (/private/tmp/lens-datasets-candidate.sdpg3h/checkout/src/worker/crates/traces)
   Compiling sqlx-core v0.9.0
   Compiling bollard-buildkit-proto v0.7.0
   Compiling tempfile v3.27.0
   Compiling litellm-traces-clickhouse v0.1.0 (/private/tmp/lens-datasets-candidate.sdpg3h/checkout/src/worker/crates/traces-clickhouse)
   Compiling hyper-rustls v0.27.9
   Compiling tokio-tungstenite v0.24.0
   Compiling reqwest v0.12.28
   Compiling reqwest v0.13.5
   Compiling sqlx-postgres v0.9.0
   Compiling bollard-stubs v1.52.1-rc.29.1.3
   Compiling litellm-http v0.1.0 (https://github.com/BerriAI/litellm?rev=0721cffab2ecbde51cdef9aeca0ce1c16b3e0aa9#0721cffa)
   Compiling lens-evals-sdk v0.1.0 (/private/tmp/lens-datasets-candidate.sdpg3h/checkout/src/worker/crates/evals-sdk)
   Compiling lens-parity v0.1.0 (/private/tmp/lens-datasets-candidate.sdpg3h/checkout/src/worker/crates/parity)
   Compiling litellm-traces-cache v0.1.0 (/private/tmp/lens-datasets-candidate.sdpg3h/checkout/src/worker/crates/traces-cache)
   Compiling lens-auth v0.1.0 (/private/tmp/lens-datasets-candidate.sdpg3h/checkout/src/worker/crates/auth)
   Compiling lens-datasets v0.1.0 (/private/tmp/lens-datasets-candidate.sdpg3h/checkout/src/worker/crates/datasets)
   Compiling lens-evals v0.1.0 (/private/tmp/lens-datasets-candidate.sdpg3h/checkout/src/worker/crates/evals)
   Compiling lens-server v0.1.0 (/private/tmp/lens-datasets-candidate.sdpg3h/checkout/src/worker/crates/server)
   Compiling sqlx-macros-core v0.9.0
   Compiling sqlx-macros v0.9.0
   Compiling lens-evals-python v0.1.0 (/private/tmp/lens-datasets-candidate.sdpg3h/checkout/src/worker/crates/evals-python)
   Compiling sqlx v0.9.0
   Compiling bollard v0.20.2
   Compiling litellm-storage-clickhouse v0.1.0 (/private/tmp/lens-datasets-candidate.sdpg3h/checkout/src/worker/crates/storage-clickhouse)
   Compiling testcontainers v0.27.3
   Compiling testcontainers-modules v0.15.0
   Compiling litellm-lens v0.1.0 (/private/tmp/lens-datasets-candidate.sdpg3h/checkout/src/worker/crates/lens)
    Finished `test` profile [unoptimized + debuginfo] target(s) in 38.03s
     Running unittests src/lib.rs (/Users/mfkhalil/Code/litellm-lens/runtime/target/debug/deps/lens_auth-ecb357151382ed8e)

running 0 tests

test result: ok. 0 passed; 0 failed; 0 ignored; 0 measured; 0 filtered out; finished in 0.00s

     Running tests/session.rs (/Users/mfkhalil/Code/litellm-lens/runtime/target/debug/deps/session-db7672ee8207caf3)

running 94 tests
test all_gateway_claims_are_required::case_1_iss ... ok
test all_gateway_claims_are_required::case_2_aud ... ok
test all_gateway_claims_are_required::case_4_iat ... ok
test all_gateway_claims_are_required::case_3_sub ... ok
test all_gateway_claims_are_required::case_5_exp ... ok
test all_gateway_claims_are_required::case_6_identity ... ok
test bearer_admin_works_without_storage_or_origin::case_2_mixed_case ... ok
test bearer_admin_works_without_storage_or_origin::case_1_bearer ... ok
test bearer_logout_revokes_cookie_if_present::case_2_without_cookie ... ok
test bearer_logout_revokes_cookie_if_present::case_1_with_cookie ... ok
test configured_origin_retains_authority_spelling::case_2_preserve_default_port ... ok
test configured_origin_retains_authority_spelling::case_1_uppercase_authority ... ok
test cookie_expiry_is_strict::case_1_just_before ... ok
test cookie_expiry_is_strict::case_2_at_expiry ... ok
test cookie_expiry_is_strict::case_3_after ... ok
test cookie_security_follows_configuration::case_1_plain ... ok
test cookie_security_follows_configuration::case_2_tls ... ok
test cookie_security_follows_configuration::case_3_trailing_slash ... ok
test cookie_writes_require_exact_origin::case_1_get ... ok
test cookie_writes_require_exact_origin::case_2_head ... ok
test cookie_writes_require_exact_origin::case_3_options ... ok
test cookie_writes_require_exact_origin::case_4_delete ... ok
test cookie_writes_require_exact_origin::case_5_post ... ok
test cookie_writes_require_exact_origin::case_6_missing ... ok
test cookie_writes_require_exact_origin::case_7_wrong ... ok
test cookie_writes_require_exact_origin::case_8_same_host_wrong_scheme ... ok
test cookie_writes_require_exact_origin::case_9_trailing_path ... ok
test empty_authorization_uses_cookie_and_missing_cookie_requires_sign_in ... ok
test failed_sign_in_does_not_write::case_1_wrong ... ok
test failed_sign_in_does_not_write::case_2_empty ... ok
test gateway_delegation_requires_a_strong_configured_secret::case_1_disabled ... ok
test failed_sign_in_does_not_write::case_3_same_length ... ok
test gateway_delegation_requires_a_strong_configured_secret::case_2_empty ... ok
test gateway_delegation_requires_a_strong_configured_secret::case_3_short ... ok
test gateway_delegation_requires_a_strong_configured_secret::case_4_minimum ... ok
test gateway_delegation_requires_a_strong_configured_secret::case_5_multibyte_short ... ok
test gateway_delegation_requires_a_strong_configured_secret::case_6_multibyte_minimum ... ok
test gateway_preserves_integer_coercion::case_2_integral_floats ... ok
test gateway_preserves_integer_coercion::case_1_integer_strings ... ok
test gateway_rejects_invalid_claims::case_01_issuer ... ok
test gateway_preserves_integer_coercion::case_3_signed_padded_strings ... ok
test gateway_rejects_invalid_claims::case_02_audience ... ok
test gateway_rejects_invalid_claims::case_03_audience_array ... ok
test gateway_rejects_invalid_claims::case_05_null_identity ... ok
test gateway_rejects_invalid_claims::case_04_subject ... ok
test gateway_rejects_invalid_claims::case_06_unknown_claim ... ok
test gateway_rejects_invalid_claims::case_07_unknown_identity_field ... ok
test gateway_rejects_invalid_claims::case_09_fractional_iat ... ok
test gateway_rejects_invalid_claims::case_08_unknown_role ... ok
test gateway_rejects_invalid_claims::case_10_bad_numeric_date ... ok
test gateway_rejects_invalid_claims::case_11_overflow ... ok
test gateway_rejects_invalid_claims::case_12_positive_overflow ... ok
test gateway_rejects_invalid_claims::case_13_null_date ... ok
test gateway_rejects_invalid_claims::case_14_boolean_date ... ok
test gateway_requires_expected_signature::case_1_wrong_secret ... ok
test gateway_requires_expected_signature::case_2_wrong_algorithm ... ok
test gateway_subject_binding::case_1_user_preferred ... ok
test gateway_subject_binding::case_2_token_fallback ... ok
test gateway_subject_binding::case_3_empty_user_fallback ... ok
test gateway_subject_binding::case_4_no_subject_identity ... ok
test gateway_subject_binding::case_5_cannot_use_key_when_user_present ... ok
test gateway_time_boundaries::case_1_valid ... ok
test gateway_time_boundaries::case_2_maximum_lifetime ... ok
test gateway_time_boundaries::case_3_too_long ... ok
test gateway_time_boundaries::case_4_future ... ok
test gateway_time_boundaries::case_5_expiration_boundary ... ok
test gateway_time_boundaries::case_6_expired ... ok
test invalid_authorization_never_falls_back_to_cookie::case_1_basic ... ok
test gateway_time_boundaries::case_7_previous_second ... ok
test invalid_authorization_never_falls_back_to_cookie::case_2_missing_token ... ok
test invalid_authorization_never_falls_back_to_cookie::case_3_empty_token ... ok
test invalid_authorization_never_falls_back_to_cookie::case_4_extra_space ... ok
test invalid_authorization_never_falls_back_to_cookie::case_5_wrong_bearer ... ok
test invalid_authorization_never_falls_back_to_cookie::case_6_tab ... ok
test logout_revokes_only_after_authorization ... ok
test minimum_secret_is_measured_in_characters::case_1_minimum ... ok
test minimum_secret_is_measured_in_characters::case_2_multibyte ... ok
test read_scope_preserves_authorized_teams::case_1_admin ... ok
test read_scope_preserves_authorized_teams::case_2_viewer ... ok
test read_scope_preserves_authorized_teams::case_3_unidentified ... ok
test read_scope_preserves_authorized_teams::case_4_empty_user ... ok
test read_scope_preserves_authorized_teams::case_5_owned ... ok
test sign_in_stores_a_hash_with_eight_hour_expiry ... ok
test unsafe_settings_fail::case_01_weak_token ... ok
test repository_failures_propagate ... ok
test unsafe_settings_fail::case_02_empty_token ... ok
test unsafe_settings_fail::case_03_bad_url ... ok
test unsafe_settings_fail::case_04_wrong_scheme ... ok
test unsafe_settings_fail::case_05_missing_host ... ok
test unsafe_settings_fail::case_07_password ... ok
test unsafe_settings_fail::case_06_username ... ok
test unsafe_settings_fail::case_08_path ... ok
test unsafe_settings_fail::case_09_query ... ok
test unsafe_settings_fail::case_10_fragment ... ok

test result: ok. 94 passed; 0 failed; 0 ignored; 0 measured; 0 filtered out; finished in 0.01s

     Running unittests src/lib.rs (/Users/mfkhalil/Code/litellm-lens/runtime/target/debug/deps/lens_contract-49c7706461e61857)

running 0 tests

test result: ok. 0 passed; 0 failed; 0 ignored; 0 measured; 0 filtered out; finished in 0.00s

     Running tests/auth.rs (/Users/mfkhalil/Code/litellm-lens/runtime/target/debug/deps/auth-9817898b728c3163)

running 15 tests
test identity_defaults_match_gateway_contract ... ok
test identity_rejects_invalid_scope::case_1_unknown_field ... ok
test identity_rejects_invalid_scope::case_2_unknown_role ... ok
test identity_rejects_invalid_scope::case_3_null_role ... ok
test identity_rejects_invalid_scope::case_4_numeric_id ... ok
test identity_rejects_invalid_scope::case_5_non_string_model ... ok
test identity_rejects_invalid_scope::case_6_null_teams ... ok
test role_wire_values::case_1_admin ... ok
test role_wire_values::case_2_admin_viewer ... ok
test role_wire_values::case_3_org_admin ... ok
test role_wire_values::case_4_user ... ok
test role_wire_values::case_6_team ... ok
test role_wire_values::case_5_user_viewer ... ok
test role_wire_values::case_7_customer ... ok
test session_contract_retains_exact_response ... ok

test result: ok. 15 passed; 0 failed; 0 ignored; 0 measured; 0 filtered out; finished in 0.00s

     Running tests/datasets.rs (/Users/mfkhalil/Code/litellm-lens/runtime/target/debug/deps/datasets-d5c6dd593d683740)

running 24 tests
test build_sources_preserve_tags_and_defaults::case_1_trace ... ok
test build_sources_preserve_tags_and_defaults::case_2_finding ... ok
test build_sources_preserve_tags_and_defaults::case_3_text ... ok
test case_defaults_are_materialized_in_the_legacy_field_order ... ok
test invalid_source_shapes_are_rejected::case_1_missing_tag ... ok
test invalid_source_shapes_are_rejected::case_2_unknown_tag ... ok
test invalid_source_shapes_are_rejected::case_3_unknown_field ... ok
test invalid_source_shapes_are_rejected::case_4_null_text ... ok
test message_roles_round_trip::case_1_system ... ok
test message_roles_round_trip::case_2_user ... ok
test message_roles_round_trip::case_3_assistant ... ok
test message_roles_round_trip::case_4_tool ... ok
test records_reject_unknown_or_invalid_fields::case_1_case_extra ... ok
test records_reject_unknown_or_invalid_fields::case_2_message_extra ... ok
test records_reject_unknown_or_invalid_fields::case_3_source_extra ... ok
test records_reject_unknown_or_invalid_fields::case_4_tool_extra ... ok
test records_reject_unknown_or_invalid_fields::case_5_invalid_role ... ok
test records_reject_unknown_or_invalid_fields::case_6_missing_source ... ok
test records_reject_unknown_or_invalid_fields::case_7_null_default ... ok
test skip_reasons_round_trip::case_1_duplicate ... ok
test skip_reasons_round_trip::case_2_no_content ... ok
test skip_reasons_round_trip::case_3_too_large ... ok
test skip_reasons_round_trip::case_4_over_limit ... ok
test skip_reasons_round_trip::case_5_invalid ... ok

test result: ok. 24 passed; 0 failed; 0 ignored; 0 measured; 0 filtered out; finished in 0.00s

     Running tests/eval.rs (/Users/mfkhalil/Code/litellm-lens/runtime/target/debug/deps/eval-91f28225f396184f)

running 31 tests
test case_result_validation::case_1_trace_only ... ok
test case_result_validation::case_2_error_only ... ok
test case_result_validation::case_3_neither ... ok
test case_result_validation::case_4_both ... ok
test case_result_validation::case_5_blank_trace ... ok
test case_result_validation::case_6_message_at_limit ... ok
test case_result_validation::case_7_message_over_limit ... ok
test case_result_validation::case_8_negative_cost ... ok
test case_result_validation::case_9_infinite_cost ... ok
test default_gate_blocks_regressions_and_critical_only ... ok
test golden_fixtures_round_trip::case_1_create_run ... ok
test golden_fixtures_round_trip::case_2_eval_run_done ... ok
test golden_fixtures_round_trip::case_4_case_result_trace ... ok
test golden_fixtures_round_trip::case_3_eval_run_no_baseline ... ok
test golden_fixtures_round_trip::case_5_case_result_error ... ok
test invalid_scorers_are_rejected::case_1_unknown_kind ... ok
test invalid_scorers_are_rejected::case_2_extra_field ... ok
test invalid_scorers_are_rejected::case_3_called_before_missing_then ... ok
test repeated_scorer_kinds_get_numbered_names ... ok
test run_status_uses_snake_case ... ok
test rust_types_match_the_checked_in_schema::case_1_create_eval_run ... ok
test rust_types_match_the_checked_in_schema::case_2_eval_run ... ok
test rust_types_match_the_checked_in_schema::case_4_gate ... ok
test rust_types_match_the_checked_in_schema::case_3_case_result ... ok
test scorers_parse_by_kind::case_1_task_completed ... ok
test scorers_parse_by_kind::case_2_called_before ... ok
test scorers_parse_by_kind::case_3_judge_default_model ... ok
test timeout_per_trial_is_kept_when_sent ... ok
test trace_ref_defaults_to_session_id ... ok
test unknown_fields_on_create_run_are_rejected ... ok
test timeout_per_trial_defaults_to_twenty_minutes ... ok

test result: ok. 31 passed; 0 failed; 0 ignored; 0 measured; 0 filtered out; finished in 0.00s

     Running tests/worker_bounds.rs (/Users/mfkhalil/Code/litellm-lens/runtime/target/debug/deps/worker_bounds-85db1005127d70ce)

running 360 tests
test string_constraints_preserve_unicode_character_lengths::case_01_agent_test_case_expected::boundary_1_Boundary__Empty::character_1___a__ ... ok
test string_constraints_preserve_unicode_character_lengths::case_01_agent_test_case_expected::boundary_1_Boundary__Empty::character_2_____ ... ok
test string_constraints_preserve_unicode_character_lengths::case_01_agent_test_case_expected::boundary_2_Boundary__BelowMinimum::character_1___a__ ... ok
test string_constraints_preserve_unicode_character_lengths::case_01_agent_test_case_expected::boundary_2_Boundary__BelowMinimum::character_2_____ ... ok
test string_constraints_preserve_unicode_character_lengths::case_01_agent_test_case_expected::boundary_3_Boundary__Minimum::character_1___a__ ... ok
test string_constraints_preserve_unicode_character_lengths::case_01_agent_test_case_expected::boundary_3_Boundary__Minimum::character_2_____ ... ok
test string_constraints_preserve_unicode_character_lengths::case_01_agent_test_case_expected::boundary_4_Boundary__AboveMinimum::character_1___a__ ... ok
test string_constraints_preserve_unicode_character_lengths::case_01_agent_test_case_expected::boundary_4_Boundary__AboveMinimum::character_2_____ ... ok
test string_constraints_preserve_unicode_character_lengths::case_01_agent_test_case_expected::boundary_5_Boundary__Maximum::character_1___a__ ... ok
test string_constraints_preserve_unicode_character_lengths::case_01_agent_test_case_expected::boundary_5_Boundary__Maximum::character_2_____ ... ok
test string_constraints_preserve_unicode_character_lengths::case_01_agent_test_case_expected::boundary_6_Boundary__AboveMaximum::character_1___a__ ... ok
test string_constraints_preserve_unicode_character_lengths::case_01_agent_test_case_expected::boundary_6_Boundary__AboveMaximum::character_2_____ ... ok
test string_constraints_preserve_unicode_character_lengths::case_02_agent_test_case_input::boundary_1_Boundary__Empty::character_1___a__ ... ok
test string_constraints_preserve_unicode_character_lengths::case_02_agent_test_case_input::boundary_1_Boundary__Empty::character_2_____ ... ok
test string_constraints_preserve_unicode_character_lengths::case_02_agent_test_case_input::boundary_2_Boundary__BelowMinimum::character_1___a__ ... ok
test string_constraints_preserve_unicode_character_lengths::case_02_agent_test_case_input::boundary_2_Boundary__BelowMinimum::character_2_____ ... ok
test string_constraints_preserve_unicode_character_lengths::case_02_agent_test_case_input::boundary_3_Boundary__Minimum::character_1___a__ ... ok
test string_constraints_preserve_unicode_character_lengths::case_02_agent_test_case_input::boundary_3_Boundary__Minimum::character_2_____ ... ok
test string_constraints_preserve_unicode_character_lengths::case_02_agent_test_case_input::boundary_4_Boundary__AboveMinimum::character_1___a__ ... ok
test string_constraints_preserve_unicode_character_lengths::case_02_agent_test_case_input::boundary_4_Boundary__AboveMinimum::character_2_____ ... ok
test string_constraints_preserve_unicode_character_lengths::case_02_agent_test_case_input::boundary_5_Boundary__Maximum::character_1___a__ ... ok
test string_constraints_preserve_unicode_character_lengths::case_02_agent_test_case_input::boundary_5_Boundary__Maximum::character_2_____ ... ok
test string_constraints_preserve_unicode_character_lengths::case_02_agent_test_case_input::boundary_6_Boundary__AboveMaximum::character_1___a__ ... ok
test string_constraints_preserve_unicode_character_lengths::case_02_agent_test_case_input::boundary_6_Boundary__AboveMaximum::character_2_____ ... ok
test string_constraints_preserve_unicode_character_lengths::case_03_check_id::boundary_1_Boundary__Empty::character_1___a__ ... ok
test string_constraints_preserve_unicode_character_lengths::case_03_check_id::boundary_1_Boundary__Empty::character_2_____ ... ok
test string_constraints_preserve_unicode_character_lengths::case_03_check_id::boundary_2_Boundary__BelowMinimum::character_1___a__ ... ok
test string_constraints_preserve_unicode_character_lengths::case_03_check_id::boundary_2_Boundary__BelowMinimum::character_2_____ ... ok
test string_constraints_preserve_unicode_character_lengths::case_03_check_id::boundary_3_Boundary__Minimum::character_1___a__ ... ok
test string_constraints_preserve_unicode_character_lengths::case_03_check_id::boundary_3_Boundary__Minimum::character_2_____ ... ok
test string_constraints_preserve_unicode_character_lengths::case_03_check_id::boundary_4_Boundary__AboveMinimum::character_1___a__ ... ok
test string_constraints_preserve_unicode_character_lengths::case_03_check_id::boundary_4_Boundary__AboveMinimum::character_2_____ ... ok
test string_constraints_preserve_unicode_character_lengths::case_03_check_id::boundary_5_Boundary__Maximum::character_1___a__ ... ok
test string_constraints_preserve_unicode_character_lengths::case_03_check_id::boundary_5_Boundary__Maximum::character_2_____ ... ok
test string_constraints_preserve_unicode_character_lengths::case_03_check_id::boundary_6_Boundary__AboveMaximum::character_1___a__ ... ok
test string_constraints_preserve_unicode_character_lengths::case_03_check_id::boundary_6_Boundary__AboveMaximum::character_2_____ ... ok
test string_constraints_preserve_unicode_character_lengths::case_04_check_instruction::boundary_1_Boundary__Empty::character_1___a__ ... ok
test string_constraints_preserve_unicode_character_lengths::case_04_check_instruction::boundary_1_Boundary__Empty::character_2_____ ... ok
test string_constraints_preserve_unicode_character_lengths::case_04_check_instruction::boundary_2_Boundary__BelowMinimum::character_1___a__ ... ok
test string_constraints_preserve_unicode_character_lengths::case_04_check_instruction::boundary_2_Boundary__BelowMinimum::character_2_____ ... ok
test string_constraints_preserve_unicode_character_lengths::case_04_check_instruction::boundary_3_Boundary__Minimum::character_1___a__ ... ok
test string_constraints_preserve_unicode_character_lengths::case_04_check_instruction::boundary_3_Boundary__Minimum::character_2_____ ... ok
test string_constraints_preserve_unicode_character_lengths::case_04_check_instruction::boundary_4_Boundary__AboveMinimum::character_1___a__ ... ok
test string_constraints_preserve_unicode_character_lengths::case_04_check_instruction::boundary_4_Boundary__AboveMinimum::character_2_____ ... ok
test string_constraints_preserve_unicode_character_lengths::case_04_check_instruction::boundary_5_Boundary__Maximum::character_1___a__ ... ok
test string_constraints_preserve_unicode_character_lengths::case_04_check_instruction::boundary_5_Boundary__Maximum::character_2_____ ... ok
test string_constraints_preserve_unicode_character_lengths::case_04_check_instruction::boundary_6_Boundary__AboveMaximum::character_1___a__ ... ok
test string_constraints_preserve_unicode_character_lengths::case_04_check_instruction::boundary_6_Boundary__AboveMaximum::character_2_____ ... ok
test string_constraints_preserve_unicode_character_lengths::case_05_checkpoint_working_notes::boundary_1_Boundary__Empty::character_1___a__ ... ok
test string_constraints_preserve_unicode_character_lengths::case_05_checkpoint_working_notes::boundary_1_Boundary__Empty::character_2_____ ... ok
test string_constraints_preserve_unicode_character_lengths::case_05_checkpoint_working_notes::boundary_2_Boundary__BelowMinimum::character_1___a__ ... ok
test string_constraints_preserve_unicode_character_lengths::case_05_checkpoint_working_notes::boundary_2_Boundary__BelowMinimum::character_2_____ ... ok
test string_constraints_preserve_unicode_character_lengths::case_05_checkpoint_working_notes::boundary_3_Boundary__Minimum::character_1___a__ ... ok
test string_constraints_preserve_unicode_character_lengths::case_05_checkpoint_working_notes::boundary_3_Boundary__Minimum::character_2_____ ... ok
test string_constraints_preserve_unicode_character_lengths::case_05_checkpoint_working_notes::boundary_4_Boundary__AboveMinimum::character_1___a__ ... ok
test string_constraints_preserve_unicode_character_lengths::case_05_checkpoint_working_notes::boundary_4_Boundary__AboveMinimum::character_2_____ ... ok
test string_constraints_preserve_unicode_character_lengths::case_05_checkpoint_working_notes::boundary_5_Boundary__Maximum::character_1___a__ ... ok
test string_constraints_preserve_unicode_character_lengths::case_05_checkpoint_working_notes::boundary_5_Boundary__Maximum::character_2_____ ... ok
test string_constraints_preserve_unicode_character_lengths::case_05_checkpoint_working_notes::boundary_6_Boundary__AboveMaximum::character_1___a__ ... ok
test string_constraints_preserve_unicode_character_lengths::case_05_checkpoint_working_notes::boundary_6_Boundary__AboveMaximum::character_2_____ ... ok
test string_constraints_preserve_unicode_character_lengths::case_06_evidence_quote::boundary_1_Boundary__Empty::character_1___a__ ... ok
test string_constraints_preserve_unicode_character_lengths::case_06_evidence_quote::boundary_1_Boundary__Empty::character_2_____ ... ok
test string_constraints_preserve_unicode_character_lengths::case_06_evidence_quote::boundary_2_Boundary__BelowMinimum::character_1___a__ ... ok
test string_constraints_preserve_unicode_character_lengths::case_06_evidence_quote::boundary_2_Boundary__BelowMinimum::character_2_____ ... ok
test string_constraints_preserve_unicode_character_lengths::case_06_evidence_quote::boundary_3_Boundary__Minimum::character_1___a__ ... ok
test string_constraints_preserve_unicode_character_lengths::case_06_evidence_quote::boundary_3_Boundary__Minimum::character_2_____ ... ok
test string_constraints_preserve_unicode_character_lengths::case_06_evidence_quote::boundary_4_Boundary__AboveMinimum::character_1___a__ ... ok
test string_constraints_preserve_unicode_character_lengths::case_06_evidence_quote::boundary_4_Boundary__AboveMinimum::character_2_____ ... ok
test string_constraints_preserve_unicode_character_lengths::case_06_evidence_quote::boundary_5_Boundary__Maximum::character_1___a__ ... ok
test string_constraints_preserve_unicode_character_lengths::case_06_evidence_quote::boundary_5_Boundary__Maximum::character_2_____ ... ok
test string_constraints_preserve_unicode_character_lengths::case_06_evidence_quote::boundary_6_Boundary__AboveMaximum::character_1___a__ ... ok
test string_constraints_preserve_unicode_character_lengths::case_06_evidence_quote::boundary_6_Boundary__AboveMaximum::character_2_____ ... ok
test string_constraints_preserve_unicode_character_lengths::case_07_extraction_reasoning::boundary_1_Boundary__Empty::character_1___a__ ... ok
test string_constraints_preserve_unicode_character_lengths::case_07_extraction_reasoning::boundary_1_Boundary__Empty::character_2_____ ... ok
test string_constraints_preserve_unicode_character_lengths::case_07_extraction_reasoning::boundary_2_Boundary__BelowMinimum::character_1___a__ ... ok
test string_constraints_preserve_unicode_character_lengths::case_07_extraction_reasoning::boundary_2_Boundary__BelowMinimum::character_2_____ ... ok
test string_constraints_preserve_unicode_character_lengths::case_07_extraction_reasoning::boundary_3_Boundary__Minimum::character_1___a__ ... ok
test string_constraints_preserve_unicode_character_lengths::case_07_extraction_reasoning::boundary_3_Boundary__Minimum::character_2_____ ... ok
test string_constraints_preserve_unicode_character_lengths::case_07_extraction_reasoning::boundary_4_Boundary__AboveMinimum::character_1___a__ ... ok
test string_constraints_preserve_unicode_character_lengths::case_07_extraction_reasoning::boundary_4_Boundary__AboveMinimum::character_2_____ ... ok
test string_constraints_preserve_unicode_character_lengths::case_07_extraction_reasoning::boundary_5_Boundary__Maximum::character_1___a__ ... ok
test string_constraints_preserve_unicode_character_lengths::case_07_extraction_reasoning::boundary_5_Boundary__Maximum::character_2_____ ... ok
test string_constraints_preserve_unicode_character_lengths::case_07_extraction_reasoning::boundary_6_Boundary__AboveMaximum::character_1___a__ ... ok
test string_constraints_preserve_unicode_character_lengths::case_07_extraction_reasoning::boundary_6_Boundary__AboveMaximum::character_2_____ ... ok
test string_constraints_preserve_unicode_character_lengths::case_08_finding_description::boundary_1_Boundary__Empty::character_1___a__ ... ok
test string_constraints_preserve_unicode_character_lengths::case_08_finding_description::boundary_1_Boundary__Empty::character_2_____ ... ok
test string_constraints_preserve_unicode_character_lengths::case_08_finding_description::boundary_2_Boundary__BelowMinimum::character_1___a__ ... ok
test string_constraints_preserve_unicode_character_lengths::case_08_finding_description::boundary_2_Boundary__BelowMinimum::character_2_____ ... ok
test string_constraints_preserve_unicode_character_lengths::case_08_finding_description::boundary_3_Boundary__Minimum::character_1___a__ ... ok
test string_constraints_preserve_unicode_character_lengths::case_08_finding_description::boundary_3_Boundary__Minimum::character_2_____ ... ok
test string_constraints_preserve_unicode_character_lengths::case_08_finding_description::boundary_4_Boundary__AboveMinimum::character_1___a__ ... ok
test string_constraints_preserve_unicode_character_lengths::case_08_finding_description::boundary_4_Boundary__AboveMinimum::character_2_____ ... ok
test string_constraints_preserve_unicode_character_lengths::case_08_finding_description::boundary_5_Boundary__Maximum::character_1___a__ ... ok
test string_constraints_preserve_unicode_character_lengths::case_08_finding_description::boundary_5_Boundary__Maximum::character_2_____ ... ok
test string_constraints_preserve_unicode_character_lengths::case_08_finding_description::boundary_6_Boundary__AboveMaximum::character_1___a__ ... ok
test string_constraints_preserve_unicode_character_lengths::case_08_finding_description::boundary_6_Boundary__AboveMaximum::character_2_____ ... ok
test string_constraints_preserve_unicode_character_lengths::case_09_finding_draft_description::boundary_1_Boundary__Empty::character_1___a__ ... ok
test string_constraints_preserve_unicode_character_lengths::case_09_finding_draft_description::boundary_1_Boundary__Empty::character_2_____ ... ok
test string_constraints_preserve_unicode_character_lengths::case_09_finding_draft_description::boundary_2_Boundary__BelowMinimum::character_1___a__ ... ok
test string_constraints_preserve_unicode_character_lengths::case_09_finding_draft_description::boundary_2_Boundary__BelowMinimum::character_2_____ ... ok
test string_constraints_preserve_unicode_character_lengths::case_09_finding_draft_description::boundary_3_Boundary__Minimum::character_1___a__ ... ok
test string_constraints_preserve_unicode_character_lengths::case_09_finding_draft_description::boundary_3_Boundary__Minimum::character_2_____ ... ok
test string_constraints_preserve_unicode_character_lengths::case_09_finding_draft_description::boundary_4_Boundary__AboveMinimum::character_1___a__ ... ok
test string_constraints_preserve_unicode_character_lengths::case_09_finding_draft_description::boundary_4_Boundary__AboveMinimum::character_2_____ ... ok
test string_constraints_preserve_unicode_character_lengths::case_09_finding_draft_description::boundary_5_Boundary__Maximum::character_1___a__ ... ok
test string_constraints_preserve_unicode_character_lengths::case_09_finding_draft_description::boundary_5_Boundary__Maximum::character_2_____ ... ok
test string_constraints_preserve_unicode_character_lengths::case_09_finding_draft_description::boundary_6_Boundary__AboveMaximum::character_1___a__ ... ok
test string_constraints_preserve_unicode_character_lengths::case_09_finding_draft_description::boundary_6_Boundary__AboveMaximum::character_2_____ ... ok
test string_constraints_preserve_unicode_character_lengths::case_10_finding_draft_title::boundary_1_Boundary__Empty::character_1___a__ ... ok
test string_constraints_preserve_unicode_character_lengths::case_10_finding_draft_title::boundary_1_Boundary__Empty::character_2_____ ... ok
test string_constraints_preserve_unicode_character_lengths::case_10_finding_draft_title::boundary_2_Boundary__BelowMinimum::character_1___a__ ... ok
test string_constraints_preserve_unicode_character_lengths::case_10_finding_draft_title::boundary_2_Boundary__BelowMinimum::character_2_____ ... ok
test string_constraints_preserve_unicode_character_lengths::case_10_finding_draft_title::boundary_3_Boundary__Minimum::character_1___a__ ... ok
test string_constraints_preserve_unicode_character_lengths::case_10_finding_draft_title::boundary_3_Boundary__Minimum::character_2_____ ... ok
test string_constraints_preserve_unicode_character_lengths::case_10_finding_draft_title::boundary_4_Boundary__AboveMinimum::character_1___a__ ... ok
test string_constraints_preserve_unicode_character_lengths::case_10_finding_draft_title::boundary_4_Boundary__AboveMinimum::character_2_____ ... ok
test string_constraints_preserve_unicode_character_lengths::case_10_finding_draft_title::boundary_5_Boundary__Maximum::character_1___a__ ... ok
test string_constraints_preserve_unicode_character_lengths::case_10_finding_draft_title::boundary_5_Boundary__Maximum::character_2_____ ... ok
test string_constraints_preserve_unicode_character_lengths::case_10_finding_draft_title::boundary_6_Boundary__AboveMaximum::character_1___a__ ... ok
test string_constraints_preserve_unicode_character_lengths::case_10_finding_draft_title::boundary_6_Boundary__AboveMaximum::character_2_____ ... ok
test string_constraints_preserve_unicode_character_lengths::case_11_finding_title::boundary_1_Boundary__Empty::character_1___a__ ... ok
test string_constraints_preserve_unicode_character_lengths::case_11_finding_title::boundary_1_Boundary__Empty::character_2_____ ... ok
test string_constraints_preserve_unicode_character_lengths::case_11_finding_title::boundary_2_Boundary__BelowMinimum::character_1___a__ ... ok
test string_constraints_preserve_unicode_character_lengths::case_11_finding_title::boundary_2_Boundary__BelowMinimum::character_2_____ ... ok
test string_constraints_preserve_unicode_character_lengths::case_11_finding_title::boundary_3_Boundary__Minimum::character_1___a__ ... ok
test string_constraints_preserve_unicode_character_lengths::case_11_finding_title::boundary_3_Boundary__Minimum::character_2_____ ... ok
test string_constraints_preserve_unicode_character_lengths::case_11_finding_title::boundary_4_Boundary__AboveMinimum::character_1___a__ ... ok
test string_constraints_preserve_unicode_character_lengths::case_11_finding_title::boundary_4_Boundary__AboveMinimum::character_2_____ ... ok
test string_constraints_preserve_unicode_character_lengths::case_11_finding_title::boundary_5_Boundary__Maximum::character_1___a__ ... ok
test string_constraints_preserve_unicode_character_lengths::case_11_finding_title::boundary_5_Boundary__Maximum::character_2_____ ... ok
test string_constraints_preserve_unicode_character_lengths::case_11_finding_title::boundary_6_Boundary__AboveMaximum::character_1___a__ ... ok
test string_constraints_preserve_unicode_character_lengths::case_11_finding_title::boundary_6_Boundary__AboveMaximum::character_2_____ ... ok
test string_constraints_preserve_unicode_character_lengths::case_12_issue_brief_problem::boundary_1_Boundary__Empty::character_1___a__ ... ok
test string_constraints_preserve_unicode_character_lengths::case_12_issue_brief_problem::boundary_1_Boundary__Empty::character_2_____ ... ok
test string_constraints_preserve_unicode_character_lengths::case_12_issue_brief_problem::boundary_2_Boundary__BelowMinimum::character_1___a__ ... ok
test string_constraints_preserve_unicode_character_lengths::case_12_issue_brief_problem::boundary_2_Boundary__BelowMinimum::character_2_____ ... ok
test string_constraints_preserve_unicode_character_lengths::case_12_issue_brief_problem::boundary_3_Boundary__Minimum::character_1___a__ ... ok
test string_constraints_preserve_unicode_character_lengths::case_12_issue_brief_problem::boundary_3_Boundary__Minimum::character_2_____ ... ok
test string_constraints_preserve_unicode_character_lengths::case_12_issue_brief_problem::boundary_4_Boundary__AboveMinimum::character_1___a__ ... ok
test string_constraints_preserve_unicode_character_lengths::case_12_issue_brief_problem::boundary_4_Boundary__AboveMinimum::character_2_____ ... ok
test string_constraints_preserve_unicode_character_lengths::case_12_issue_brief_problem::boundary_5_Boundary__Maximum::character_1___a__ ... ok
test string_constraints_preserve_unicode_character_lengths::case_12_issue_brief_problem::boundary_5_Boundary__Maximum::character_2_____ ... ok
test string_constraints_preserve_unicode_character_lengths::case_12_issue_brief_problem::boundary_6_Boundary__AboveMaximum::character_1___a__ ... ok
test string_constraints_preserve_unicode_character_lengths::case_12_issue_brief_problem::boundary_6_Boundary__AboveMaximum::character_2_____ ... ok
test string_constraints_preserve_unicode_character_lengths::case_13_issue_brief_user_goal::boundary_1_Boundary__Empty::character_1___a__ ... ok
test string_constraints_preserve_unicode_character_lengths::case_13_issue_brief_user_goal::boundary_1_Boundary__Empty::character_2_____ ... ok
test string_constraints_preserve_unicode_character_lengths::case_13_issue_brief_user_goal::boundary_2_Boundary__BelowMinimum::character_1___a__ ... ok
test string_constraints_preserve_unicode_character_lengths::case_13_issue_brief_user_goal::boundary_2_Boundary__BelowMinimum::character_2_____ ... ok
test string_constraints_preserve_unicode_character_lengths::case_13_issue_brief_user_goal::boundary_3_Boundary__Minimum::character_1___a__ ... ok
test string_constraints_preserve_unicode_character_lengths::case_13_issue_brief_user_goal::boundary_3_Boundary__Minimum::character_2_____ ... ok
test string_constraints_preserve_unicode_character_lengths::case_13_issue_brief_user_goal::boundary_4_Boundary__AboveMinimum::character_1___a__ ... ok
test string_constraints_preserve_unicode_character_lengths::case_13_issue_brief_user_goal::boundary_4_Boundary__AboveMinimum::character_2_____ ... ok
test string_constraints_preserve_unicode_character_lengths::case_13_issue_brief_user_goal::boundary_5_Boundary__Maximum::character_1___a__ ... ok
test string_constraints_preserve_unicode_character_lengths::case_13_issue_brief_user_goal::boundary_5_Boundary__Maximum::character_2_____ ... ok
test string_constraints_preserve_unicode_character_lengths::case_13_issue_brief_user_goal::boundary_6_Boundary__AboveMaximum::character_1___a__ ... ok
test string_constraints_preserve_unicode_character_lengths::case_13_issue_brief_user_goal::boundary_6_Boundary__AboveMaximum::character_2_____ ... ok
test string_constraints_preserve_unicode_character_lengths::case_14_issue_brief_what_happened::boundary_1_Boundary__Empty::character_1___a__ ... ok
test string_constraints_preserve_unicode_character_lengths::case_14_issue_brief_what_happened::boundary_1_Boundary__Empty::character_2_____ ... ok
test string_constraints_preserve_unicode_character_lengths::case_14_issue_brief_what_happened::boundary_2_Boundary__BelowMinimum::character_1___a__ ... ok
test string_constraints_preserve_unicode_character_lengths::case_14_issue_brief_what_happened::boundary_2_Boundary__BelowMinimum::character_2_____ ... ok
test string_constraints_preserve_unicode_character_lengths::case_14_issue_brief_what_happened::boundary_3_Boundary__Minimum::character_1___a__ ... ok
test string_constraints_preserve_unicode_character_lengths::case_14_issue_brief_what_happened::boundary_3_Boundary__Minimum::character_2_____ ... ok
test string_constraints_preserve_unicode_character_lengths::case_14_issue_brief_what_happened::boundary_4_Boundary__AboveMinimum::character_1___a__ ... ok
test string_constraints_preserve_unicode_character_lengths::case_14_issue_brief_what_happened::boundary_4_Boundary__AboveMinimum::character_2_____ ... ok
test string_constraints_preserve_unicode_character_lengths::case_14_issue_brief_what_happened::boundary_5_Boundary__Maximum::character_1___a__ ... ok
test string_constraints_preserve_unicode_character_lengths::case_14_issue_brief_what_happened::boundary_5_Boundary__Maximum::character_2_____ ... ok
test string_constraints_preserve_unicode_character_lengths::case_14_issue_brief_what_happened::boundary_6_Boundary__AboveMaximum::character_1___a__ ... ok
test string_constraints_preserve_unicode_character_lengths::case_14_issue_brief_what_happened::boundary_6_Boundary__AboveMaximum::character_2_____ ... ok
test string_constraints_preserve_unicode_character_lengths::case_15_lens_settings_model::boundary_1_Boundary__Empty::character_1___a__ ... ok
test string_constraints_preserve_unicode_character_lengths::case_15_lens_settings_model::boundary_1_Boundary__Empty::character_2_____ ... ok
test string_constraints_preserve_unicode_character_lengths::case_15_lens_settings_model::boundary_2_Boundary__BelowMinimum::character_1___a__ ... ok
test string_constraints_preserve_unicode_character_lengths::case_15_lens_settings_model::boundary_2_Boundary__BelowMinimum::character_2_____ ... ok
test string_constraints_preserve_unicode_character_lengths::case_15_lens_settings_model::boundary_3_Boundary__Minimum::character_1___a__ ... ok
test string_constraints_preserve_unicode_character_lengths::case_15_lens_settings_model::boundary_3_Boundary__Minimum::character_2_____ ... ok
test string_constraints_preserve_unicode_character_lengths::case_15_lens_settings_model::boundary_4_Boundary__AboveMinimum::character_1___a__ ... ok
test string_constraints_preserve_unicode_character_lengths::case_15_lens_settings_model::boundary_4_Boundary__AboveMinimum::character_2_____ ... ok
test string_constraints_preserve_unicode_character_lengths::case_15_lens_settings_model::boundary_5_Boundary__Maximum::character_1___a__ ... ok
test string_constraints_preserve_unicode_character_lengths::case_15_lens_settings_model::boundary_5_Boundary__Maximum::character_2_____ ... ok
test string_constraints_preserve_unicode_character_lengths::case_15_lens_settings_model::boundary_6_Boundary__AboveMaximum::character_1___a__ ... ok
test string_constraints_preserve_unicode_character_lengths::case_15_lens_settings_model::boundary_6_Boundary__AboveMaximum::character_2_____ ... ok
test string_constraints_preserve_unicode_character_lengths::case_16_lens_settings_name::boundary_1_Boundary__Empty::character_1___a__ ... ok
test string_constraints_preserve_unicode_character_lengths::case_16_lens_settings_name::boundary_1_Boundary__Empty::character_2_____ ... ok
test string_constraints_preserve_unicode_character_lengths::case_16_lens_settings_name::boundary_2_Boundary__BelowMinimum::character_1___a__ ... ok
test string_constraints_preserve_unicode_character_lengths::case_16_lens_settings_name::boundary_2_Boundary__BelowMinimum::character_2_____ ... ok
test string_constraints_preserve_unicode_character_lengths::case_16_lens_settings_name::boundary_3_Boundary__Minimum::character_1___a__ ... ok
test string_constraints_preserve_unicode_character_lengths::case_16_lens_settings_name::boundary_3_Boundary__Minimum::character_2_____ ... ok
test string_constraints_preserve_unicode_character_lengths::case_16_lens_settings_name::boundary_4_Boundary__AboveMinimum::character_1___a__ ... ok
test string_constraints_preserve_unicode_character_lengths::case_16_lens_settings_name::boundary_4_Boundary__AboveMinimum::character_2_____ ... ok
test string_constraints_preserve_unicode_character_lengths::case_16_lens_settings_name::boundary_5_Boundary__Maximum::character_1___a__ ... ok
test string_constraints_preserve_unicode_character_lengths::case_16_lens_settings_name::boundary_5_Boundary__Maximum::character_2_____ ... ok
test string_constraints_preserve_unicode_character_lengths::case_16_lens_settings_name::boundary_6_Boundary__AboveMaximum::character_1___a__ ... ok
test string_constraints_preserve_unicode_character_lengths::case_16_lens_settings_name::boundary_6_Boundary__AboveMaximum::character_2_____ ... ok
test string_constraints_preserve_unicode_character_lengths::case_17_metadata_filter_key::boundary_1_Boundary__Empty::character_1___a__ ... ok
test string_constraints_preserve_unicode_character_lengths::case_17_metadata_filter_key::boundary_1_Boundary__Empty::character_2_____ ... ok
test string_constraints_preserve_unicode_character_lengths::case_17_metadata_filter_key::boundary_2_Boundary__BelowMinimum::character_1___a__ ... ok
test string_constraints_preserve_unicode_character_lengths::case_17_metadata_filter_key::boundary_2_Boundary__BelowMinimum::character_2_____ ... ok
test string_constraints_preserve_unicode_character_lengths::case_17_metadata_filter_key::boundary_3_Boundary__Minimum::character_1___a__ ... ok
test string_constraints_preserve_unicode_character_lengths::case_17_metadata_filter_key::boundary_3_Boundary__Minimum::character_2_____ ... ok
test string_constraints_preserve_unicode_character_lengths::case_17_metadata_filter_key::boundary_4_Boundary__AboveMinimum::character_1___a__ ... ok
test string_constraints_preserve_unicode_character_lengths::case_17_metadata_filter_key::boundary_4_Boundary__AboveMinimum::character_2_____ ... ok
test string_constraints_preserve_unicode_character_lengths::case_17_metadata_filter_key::boundary_5_Boundary__Maximum::character_1___a__ ... ok
test string_constraints_preserve_unicode_character_lengths::case_17_metadata_filter_key::boundary_5_Boundary__Maximum::character_2_____ ... ok
test string_constraints_preserve_unicode_character_lengths::case_17_metadata_filter_key::boundary_6_Boundary__AboveMaximum::character_1___a__ ... ok
test string_constraints_preserve_unicode_character_lengths::case_17_metadata_filter_key::boundary_6_Boundary__AboveMaximum::character_2_____ ... ok
test string_constraints_preserve_unicode_character_lengths::case_18_metadata_filter_value::boundary_1_Boundary__Empty::character_1___a__ ... ok
test string_constraints_preserve_unicode_character_lengths::case_18_metadata_filter_value::boundary_1_Boundary__Empty::character_2_____ ... ok
test string_constraints_preserve_unicode_character_lengths::case_18_metadata_filter_value::boundary_2_Boundary__BelowMinimum::character_1___a__ ... ok
test string_constraints_preserve_unicode_character_lengths::case_18_metadata_filter_value::boundary_2_Boundary__BelowMinimum::character_2_____ ... ok
test string_constraints_preserve_unicode_character_lengths::case_18_metadata_filter_value::boundary_3_Boundary__Minimum::character_1___a__ ... ok
test string_constraints_preserve_unicode_character_lengths::case_18_metadata_filter_value::boundary_3_Boundary__Minimum::character_2_____ ... ok
test string_constraints_preserve_unicode_character_lengths::case_18_metadata_filter_value::boundary_4_Boundary__AboveMinimum::character_1___a__ ... ok
test string_constraints_preserve_unicode_character_lengths::case_18_metadata_filter_value::boundary_4_Boundary__AboveMinimum::character_2_____ ... ok
test string_constraints_preserve_unicode_character_lengths::case_18_metadata_filter_value::boundary_5_Boundary__Maximum::character_1___a__ ... ok
test string_constraints_preserve_unicode_character_lengths::case_18_metadata_filter_value::boundary_5_Boundary__Maximum::character_2_____ ... ok
test string_constraints_preserve_unicode_character_lengths::case_18_metadata_filter_value::boundary_6_Boundary__AboveMaximum::character_1___a__ ... ok
test string_constraints_preserve_unicode_character_lengths::case_18_metadata_filter_value::boundary_6_Boundary__AboveMaximum::character_2_____ ... ok
test string_constraints_preserve_unicode_character_lengths::case_19_model_request_prompt::boundary_1_Boundary__Empty::character_1___a__ ... ok
test string_constraints_preserve_unicode_character_lengths::case_19_model_request_prompt::boundary_1_Boundary__Empty::character_2_____ ... ok
test string_constraints_preserve_unicode_character_lengths::case_19_model_request_prompt::boundary_2_Boundary__BelowMinimum::character_1___a__ ... ok
test string_constraints_preserve_unicode_character_lengths::case_19_model_request_prompt::boundary_2_Boundary__BelowMinimum::character_2_____ ... ok
test string_constraints_preserve_unicode_character_lengths::case_19_model_request_prompt::boundary_3_Boundary__Minimum::character_1___a__ ... ok
test string_constraints_preserve_unicode_character_lengths::case_19_model_request_prompt::boundary_3_Boundary__Minimum::character_2_____ ... ok
test string_constraints_preserve_unicode_character_lengths::case_19_model_request_prompt::boundary_4_Boundary__AboveMinimum::character_1___a__ ... ok
test string_constraints_preserve_unicode_character_lengths::case_19_model_request_prompt::boundary_4_Boundary__AboveMinimum::character_2_____ ... ok
test string_constraints_preserve_unicode_character_lengths::case_19_model_request_prompt::boundary_5_Boundary__Maximum::character_1___a__ ... ok
test string_constraints_preserve_unicode_character_lengths::case_19_model_request_prompt::boundary_5_Boundary__Maximum::character_2_____ ... ok
test string_constraints_preserve_unicode_character_lengths::case_19_model_request_prompt::boundary_6_Boundary__AboveMaximum::character_1___a__ ... ok
test string_constraints_preserve_unicode_character_lengths::case_19_model_request_prompt::boundary_6_Boundary__AboveMaximum::character_2_____ ... ok
test string_constraints_preserve_unicode_character_lengths::case_20_python_agent_turn_extraction_checkpoint::boundary_1_Boundary__Empty::character_1___a__ ... ok
test string_constraints_preserve_unicode_character_lengths::case_20_python_agent_turn_extraction_checkpoint::boundary_1_Boundary__Empty::character_2_____ ... ok
test string_constraints_preserve_unicode_character_lengths::case_20_python_agent_turn_extraction_checkpoint::boundary_2_Boundary__BelowMinimum::character_1___a__ ... ok
test string_constraints_preserve_unicode_character_lengths::case_20_python_agent_turn_extraction_checkpoint::boundary_2_Boundary__BelowMinimum::character_2_____ ... ok
test string_constraints_preserve_unicode_character_lengths::case_20_python_agent_turn_extraction_checkpoint::boundary_3_Boundary__Minimum::character_1___a__ ... ok
test string_constraints_preserve_unicode_character_lengths::case_20_python_agent_turn_extraction_checkpoint::boundary_3_Boundary__Minimum::character_2_____ ... ok
test string_constraints_preserve_unicode_character_lengths::case_20_python_agent_turn_extraction_checkpoint::boundary_4_Boundary__AboveMinimum::character_1___a__ ... ok
test string_constraints_preserve_unicode_character_lengths::case_20_python_agent_turn_extraction_checkpoint::boundary_4_Boundary__AboveMinimum::character_2_____ ... ok
test string_constraints_preserve_unicode_character_lengths::case_20_python_agent_turn_extraction_checkpoint::boundary_5_Boundary__Maximum::character_1___a__ ... ok
test string_constraints_preserve_unicode_character_lengths::case_20_python_agent_turn_extraction_checkpoint::boundary_5_Boundary__Maximum::character_2_____ ... ok
test string_constraints_preserve_unicode_character_lengths::case_20_python_agent_turn_extraction_checkpoint::boundary_6_Boundary__AboveMaximum::character_1___a__ ... ok
test string_constraints_preserve_unicode_character_lengths::case_20_python_agent_turn_extraction_checkpoint::boundary_6_Boundary__AboveMaximum::character_2_____ ... ok
test string_constraints_preserve_unicode_character_lengths::case_21_python_agent_turn_findings_checkpoint::boundary_1_Boundary__Empty::character_1___a__ ... ok
test string_constraints_preserve_unicode_character_lengths::case_21_python_agent_turn_findings_checkpoint::boundary_1_Boundary__Empty::character_2_____ ... ok
test string_constraints_preserve_unicode_character_lengths::case_21_python_agent_turn_findings_checkpoint::boundary_2_Boundary__BelowMinimum::character_1___a__ ... ok
test string_constraints_preserve_unicode_character_lengths::case_21_python_agent_turn_findings_checkpoint::boundary_2_Boundary__BelowMinimum::character_2_____ ... ok
test string_constraints_preserve_unicode_character_lengths::case_21_python_agent_turn_findings_checkpoint::boundary_3_Boundary__Minimum::character_1___a__ ... ok
test string_constraints_preserve_unicode_character_lengths::case_21_python_agent_turn_findings_checkpoint::boundary_3_Boundary__Minimum::character_2_____ ... ok
test string_constraints_preserve_unicode_character_lengths::case_21_python_agent_turn_findings_checkpoint::boundary_4_Boundary__AboveMinimum::character_1___a__ ... ok
test string_constraints_preserve_unicode_character_lengths::case_21_python_agent_turn_findings_checkpoint::boundary_4_Boundary__AboveMinimum::character_2_____ ... ok
test string_constraints_preserve_unicode_character_lengths::case_21_python_agent_turn_findings_checkpoint::boundary_5_Boundary__Maximum::character_1___a__ ... ok
test string_constraints_preserve_unicode_character_lengths::case_21_python_agent_turn_findings_checkpoint::boundary_6_Boundary__AboveMaximum::character_1___a__ ... ok
test string_constraints_preserve_unicode_character_lengths::case_21_python_agent_turn_findings_checkpoint::boundary_5_Boundary__Maximum::character_2_____ ... ok
test string_constraints_preserve_unicode_character_lengths::case_21_python_agent_turn_findings_checkpoint::boundary_6_Boundary__AboveMaximum::character_2_____ ... ok
test string_constraints_preserve_unicode_character_lengths::case_22_python_request_code::boundary_1_Boundary__Empty::character_1___a__ ... ok
test string_constraints_preserve_unicode_character_lengths::case_22_python_request_code::boundary_1_Boundary__Empty::character_2_____ ... ok
test string_constraints_preserve_unicode_character_lengths::case_22_python_request_code::boundary_2_Boundary__BelowMinimum::character_1___a__ ... ok
test string_constraints_preserve_unicode_character_lengths::case_22_python_request_code::boundary_2_Boundary__BelowMinimum::character_2_____ ... ok
test string_constraints_preserve_unicode_character_lengths::case_22_python_request_code::boundary_3_Boundary__Minimum::character_1___a__ ... ok
test string_constraints_preserve_unicode_character_lengths::case_22_python_request_code::boundary_3_Boundary__Minimum::character_2_____ ... ok
test string_constraints_preserve_unicode_character_lengths::case_22_python_request_code::boundary_4_Boundary__AboveMinimum::character_1___a__ ... ok
test string_constraints_preserve_unicode_character_lengths::case_22_python_request_code::boundary_4_Boundary__AboveMinimum::character_2_____ ... ok
test string_constraints_preserve_unicode_character_lengths::case_22_python_request_code::boundary_5_Boundary__Maximum::character_1___a__ ... ok
test string_constraints_preserve_unicode_character_lengths::case_22_python_request_code::boundary_5_Boundary__Maximum::character_2_____ ... ok
test string_constraints_preserve_unicode_character_lengths::case_22_python_request_code::boundary_6_Boundary__AboveMaximum::character_1___a__ ... ok
test string_constraints_preserve_unicode_character_lengths::case_22_python_request_code::boundary_6_Boundary__AboveMaximum::character_2_____ ... ok
test string_constraints_preserve_unicode_character_lengths::case_23_review_reasoning::boundary_1_Boundary__Empty::character_1___a__ ... ok
test string_constraints_preserve_unicode_character_lengths::case_23_review_reasoning::boundary_1_Boundary__Empty::character_2_____ ... ok
test string_constraints_preserve_unicode_character_lengths::case_23_review_reasoning::boundary_2_Boundary__BelowMinimum::character_1___a__ ... ok
test string_constraints_preserve_unicode_character_lengths::case_23_review_reasoning::boundary_2_Boundary__BelowMinimum::character_2_____ ... ok
test string_constraints_preserve_unicode_character_lengths::case_23_review_reasoning::boundary_3_Boundary__Minimum::character_1___a__ ... ok
test string_constraints_preserve_unicode_character_lengths::case_23_review_reasoning::boundary_3_Boundary__Minimum::character_2_____ ... ok
test string_constraints_preserve_unicode_character_lengths::case_23_review_reasoning::boundary_4_Boundary__AboveMinimum::character_1___a__ ... ok
test string_constraints_preserve_unicode_character_lengths::case_23_review_reasoning::boundary_4_Boundary__AboveMinimum::character_2_____ ... ok
test string_constraints_preserve_unicode_character_lengths::case_23_review_reasoning::boundary_5_Boundary__Maximum::character_1___a__ ... ok
test string_constraints_preserve_unicode_character_lengths::case_23_review_reasoning::boundary_5_Boundary__Maximum::character_2_____ ... ok
test string_constraints_preserve_unicode_character_lengths::case_23_review_reasoning::boundary_6_Boundary__AboveMaximum::character_1___a__ ... ok
test string_constraints_preserve_unicode_character_lengths::case_23_review_reasoning::boundary_6_Boundary__AboveMaximum::character_2_____ ... ok
test string_constraints_preserve_unicode_character_lengths::case_24_review_span_kind::boundary_1_Boundary__Empty::character_1___a__ ... ok
test string_constraints_preserve_unicode_character_lengths::case_24_review_span_kind::boundary_2_Boundary__BelowMinimum::character_1___a__ ... ok
test string_constraints_preserve_unicode_character_lengths::case_24_review_span_kind::boundary_1_Boundary__Empty::character_2_____ ... ok
test string_constraints_preserve_unicode_character_lengths::case_24_review_span_kind::boundary_2_Boundary__BelowMinimum::character_2_____ ... ok
test string_constraints_preserve_unicode_character_lengths::case_24_review_span_kind::boundary_3_Boundary__Minimum::character_1___a__ ... ok
test string_constraints_preserve_unicode_character_lengths::case_24_review_span_kind::boundary_3_Boundary__Minimum::character_2_____ ... ok
test string_constraints_preserve_unicode_character_lengths::case_24_review_span_kind::boundary_4_Boundary__AboveMinimum::character_1___a__ ... ok
test string_constraints_preserve_unicode_character_lengths::case_24_review_span_kind::boundary_4_Boundary__AboveMinimum::character_2_____ ... ok
test string_constraints_preserve_unicode_character_lengths::case_24_review_span_kind::boundary_5_Boundary__Maximum::character_1___a__ ... ok
test string_constraints_preserve_unicode_character_lengths::case_24_review_span_kind::boundary_5_Boundary__Maximum::character_2_____ ... ok
test string_constraints_preserve_unicode_character_lengths::case_24_review_span_kind::boundary_6_Boundary__AboveMaximum::character_1___a__ ... ok
test string_constraints_preserve_unicode_character_lengths::case_24_review_span_kind::boundary_6_Boundary__AboveMaximum::character_2_____ ... ok
test string_constraints_preserve_unicode_character_lengths::case_25_review_span_name::boundary_1_Boundary__Empty::character_1___a__ ... ok
test string_constraints_preserve_unicode_character_lengths::case_25_review_span_name::boundary_1_Boundary__Empty::character_2_____ ... ok
test string_constraints_preserve_unicode_character_lengths::case_25_review_span_name::boundary_2_Boundary__BelowMinimum::character_1___a__ ... ok
test string_constraints_preserve_unicode_character_lengths::case_25_review_span_name::boundary_2_Boundary__BelowMinimum::character_2_____ ... ok
test string_constraints_preserve_unicode_character_lengths::case_25_review_span_name::boundary_3_Boundary__Minimum::character_1___a__ ... ok
test string_constraints_preserve_unicode_character_lengths::case_25_review_span_name::boundary_3_Boundary__Minimum::character_2_____ ... ok
test string_constraints_preserve_unicode_character_lengths::case_25_review_span_name::boundary_4_Boundary__AboveMinimum::character_1___a__ ... ok
test string_constraints_preserve_unicode_character_lengths::case_25_review_span_name::boundary_4_Boundary__AboveMinimum::character_2_____ ... ok
test string_constraints_preserve_unicode_character_lengths::case_25_review_span_name::boundary_5_Boundary__Maximum::character_1___a__ ... ok
test string_constraints_preserve_unicode_character_lengths::case_25_review_span_name::boundary_5_Boundary__Maximum::character_2_____ ... ok
test string_constraints_preserve_unicode_character_lengths::case_25_review_span_name::boundary_6_Boundary__AboveMaximum::character_1___a__ ... ok
test string_constraints_preserve_unicode_character_lengths::case_25_review_span_name::boundary_6_Boundary__AboveMaximum::character_2_____ ... ok
test string_constraints_preserve_unicode_character_lengths::case_26_review_span_preview::boundary_1_Boundary__Empty::character_1___a__ ... ok
test string_constraints_preserve_unicode_character_lengths::case_26_review_span_preview::boundary_1_Boundary__Empty::character_2_____ ... ok
test string_constraints_preserve_unicode_character_lengths::case_26_review_span_preview::boundary_2_Boundary__BelowMinimum::character_1___a__ ... ok
test string_constraints_preserve_unicode_character_lengths::case_26_review_span_preview::boundary_2_Boundary__BelowMinimum::character_2_____ ... ok
test string_constraints_preserve_unicode_character_lengths::case_26_review_span_preview::boundary_3_Boundary__Minimum::character_1___a__ ... ok
test string_constraints_preserve_unicode_character_lengths::case_26_review_span_preview::boundary_3_Boundary__Minimum::character_2_____ ... ok
test string_constraints_preserve_unicode_character_lengths::case_26_review_span_preview::boundary_4_Boundary__AboveMinimum::character_1___a__ ... ok
test string_constraints_preserve_unicode_character_lengths::case_26_review_span_preview::boundary_4_Boundary__AboveMinimum::character_2_____ ... ok
test string_constraints_preserve_unicode_character_lengths::case_26_review_span_preview::boundary_5_Boundary__Maximum::character_1___a__ ... ok
test string_constraints_preserve_unicode_character_lengths::case_26_review_span_preview::boundary_5_Boundary__Maximum::character_2_____ ... ok
test string_constraints_preserve_unicode_character_lengths::case_26_review_span_preview::boundary_6_Boundary__AboveMaximum::character_1___a__ ... ok
test string_constraints_preserve_unicode_character_lengths::case_26_review_span_preview::boundary_6_Boundary__AboveMaximum::character_2_____ ... ok
test string_constraints_preserve_unicode_character_lengths::case_27_review_verdict_summary::boundary_1_Boundary__Empty::character_1___a__ ... ok
test string_constraints_preserve_unicode_character_lengths::case_27_review_verdict_summary::boundary_1_Boundary__Empty::character_2_____ ... ok
test string_constraints_preserve_unicode_character_lengths::case_27_review_verdict_summary::boundary_2_Boundary__BelowMinimum::character_1___a__ ... ok
test string_constraints_preserve_unicode_character_lengths::case_27_review_verdict_summary::boundary_2_Boundary__BelowMinimum::character_2_____ ... ok
test string_constraints_preserve_unicode_character_lengths::case_27_review_verdict_summary::boundary_3_Boundary__Minimum::character_1___a__ ... ok
test string_constraints_preserve_unicode_character_lengths::case_27_review_verdict_summary::boundary_3_Boundary__Minimum::character_2_____ ... ok
test string_constraints_preserve_unicode_character_lengths::case_27_review_verdict_summary::boundary_4_Boundary__AboveMinimum::character_1___a__ ... ok
test string_constraints_preserve_unicode_character_lengths::case_27_review_verdict_summary::boundary_4_Boundary__AboveMinimum::character_2_____ ... ok
test string_constraints_preserve_unicode_character_lengths::case_27_review_verdict_summary::boundary_5_Boundary__Maximum::character_1___a__ ... ok
test string_constraints_preserve_unicode_character_lengths::case_27_review_verdict_summary::boundary_5_Boundary__Maximum::character_2_____ ... ok
test string_constraints_preserve_unicode_character_lengths::case_27_review_verdict_summary::boundary_6_Boundary__AboveMaximum::character_1___a__ ... ok
test string_constraints_preserve_unicode_character_lengths::case_27_review_verdict_summary::boundary_6_Boundary__AboveMaximum::character_2_____ ... ok
test string_constraints_preserve_unicode_character_lengths::case_28_step_label::boundary_1_Boundary__Empty::character_1___a__ ... ok
test string_constraints_preserve_unicode_character_lengths::case_28_step_label::boundary_1_Boundary__Empty::character_2_____ ... ok
test string_constraints_preserve_unicode_character_lengths::case_28_step_label::boundary_2_Boundary__BelowMinimum::character_1___a__ ... ok
test string_constraints_preserve_unicode_character_lengths::case_28_step_label::boundary_2_Boundary__BelowMinimum::character_2_____ ... ok
test string_constraints_preserve_unicode_character_lengths::case_28_step_label::boundary_3_Boundary__Minimum::character_1___a__ ... ok
test string_constraints_preserve_unicode_character_lengths::case_28_step_label::boundary_3_Boundary__Minimum::character_2_____ ... ok
test string_constraints_preserve_unicode_character_lengths::case_28_step_label::boundary_4_Boundary__AboveMinimum::character_1___a__ ... ok
test string_constraints_preserve_unicode_character_lengths::case_28_step_label::boundary_4_Boundary__AboveMinimum::character_2_____ ... ok
test string_constraints_preserve_unicode_character_lengths::case_28_step_label::boundary_5_Boundary__Maximum::character_1___a__ ... ok
test string_constraints_preserve_unicode_character_lengths::case_28_step_label::boundary_5_Boundary__Maximum::character_2_____ ... ok
test string_constraints_preserve_unicode_character_lengths::case_28_step_label::boundary_6_Boundary__AboveMaximum::character_1___a__ ... ok
test string_constraints_preserve_unicode_character_lengths::case_28_step_label::boundary_6_Boundary__AboveMaximum::character_2_____ ... ok
test string_constraints_preserve_unicode_character_lengths::case_29_step_model::boundary_1_Boundary__Empty::character_1___a__ ... ok
test string_constraints_preserve_unicode_character_lengths::case_29_step_model::boundary_1_Boundary__Empty::character_2_____ ... ok
test string_constraints_preserve_unicode_character_lengths::case_29_step_model::boundary_2_Boundary__BelowMinimum::character_1___a__ ... ok
test string_constraints_preserve_unicode_character_lengths::case_29_step_model::boundary_2_Boundary__BelowMinimum::character_2_____ ... ok
test string_constraints_preserve_unicode_character_lengths::case_29_step_model::boundary_3_Boundary__Minimum::character_1___a__ ... ok
test string_constraints_preserve_unicode_character_lengths::case_29_step_model::boundary_3_Boundary__Minimum::character_2_____ ... ok
test string_constraints_preserve_unicode_character_lengths::case_29_step_model::boundary_4_Boundary__AboveMinimum::character_1___a__ ... ok
test string_constraints_preserve_unicode_character_lengths::case_29_step_model::boundary_4_Boundary__AboveMinimum::character_2_____ ... ok
test string_constraints_preserve_unicode_character_lengths::case_29_step_model::boundary_5_Boundary__Maximum::character_1___a__ ... ok
test string_constraints_preserve_unicode_character_lengths::case_29_step_model::boundary_5_Boundary__Maximum::character_2_____ ... ok
test string_constraints_preserve_unicode_character_lengths::case_29_step_model::boundary_6_Boundary__AboveMaximum::character_1___a__ ... ok
test string_constraints_preserve_unicode_character_lengths::case_29_step_model::boundary_6_Boundary__AboveMaximum::character_2_____ ... ok
test string_constraints_preserve_unicode_character_lengths::case_30_step_purpose::boundary_1_Boundary__Empty::character_1___a__ ... ok
test string_constraints_preserve_unicode_character_lengths::case_30_step_purpose::boundary_1_Boundary__Empty::character_2_____ ... ok
test string_constraints_preserve_unicode_character_lengths::case_30_step_purpose::boundary_2_Boundary__BelowMinimum::character_1___a__ ... ok
test string_constraints_preserve_unicode_character_lengths::case_30_step_purpose::boundary_2_Boundary__BelowMinimum::character_2_____ ... ok
test string_constraints_preserve_unicode_character_lengths::case_30_step_purpose::boundary_3_Boundary__Minimum::character_1___a__ ... ok
test string_constraints_preserve_unicode_character_lengths::case_30_step_purpose::boundary_3_Boundary__Minimum::character_2_____ ... ok
test string_constraints_preserve_unicode_character_lengths::case_30_step_purpose::boundary_4_Boundary__AboveMinimum::character_1___a__ ... ok
test string_constraints_preserve_unicode_character_lengths::case_30_step_purpose::boundary_4_Boundary__AboveMinimum::character_2_____ ... ok
test string_constraints_preserve_unicode_character_lengths::case_30_step_purpose::boundary_5_Boundary__Maximum::character_1___a__ ... ok
test string_constraints_preserve_unicode_character_lengths::case_30_step_purpose::boundary_5_Boundary__Maximum::character_2_____ ... ok
test string_constraints_preserve_unicode_character_lengths::case_30_step_purpose::boundary_6_Boundary__AboveMaximum::character_1___a__ ... ok
test string_constraints_preserve_unicode_character_lengths::case_30_step_purpose::boundary_6_Boundary__AboveMaximum::character_2_____ ... ok

test result: ok. 360 passed; 0 failed; 0 ignored; 0 measured; 0 filtered out; finished in 0.01s

     Running tests/worker_enums.rs (/Users/mfkhalil/Code/litellm-lens/runtime/target/debug/deps/worker_enums-4cbaa109e4f382c8)

running 82 tests
test enum_values_roundtrip::case_02_activity_operations_item_read ... ok
test enum_values_roundtrip::case_01_activity_operations_item_model ... ok
test enum_values_roundtrip::case_03_activity_operations_item_search ... ok
test enum_values_roundtrip::case_04_activity_operations_item_python ... ok
test enum_values_roundtrip::case_05_activity_operations_item_catalog ... ok
test enum_values_roundtrip::case_06_activity_operations_item_review_catalog ... ok
test enum_values_roundtrip::case_07_activity_operations_item_read_reviews ... ok
test enum_values_roundtrip::case_08_activity_operations_item_search_reviews ... ok
test enum_values_roundtrip::case_09_activity_operations_item_history ... ok
test enum_values_roundtrip::case_10_activity_operations_item_checkpoint ... ok
test enum_values_roundtrip::case_11_activity_phase_load ... ok
test enum_values_roundtrip::case_12_activity_phase_review ... ok
test enum_values_roundtrip::case_13_activity_phase_group ... ok
test enum_values_roundtrip::case_14_activity_phase_reconcile ... ok
test enum_values_roundtrip::case_15_activity_phase_investigate ... ok
test enum_values_roundtrip::case_16_candidate_kind_issue ... ok
test enum_values_roundtrip::case_17_candidate_kind_pattern ... ok
test enum_values_roundtrip::case_18_evidence_request_action_catalog ... ok
test enum_values_roundtrip::case_19_evidence_request_action_read ... ok
test enum_values_roundtrip::case_20_evidence_request_action_search ... ok
test enum_values_roundtrip::case_21_evidence_request_action_review_catalog ... ok
test enum_values_roundtrip::case_22_evidence_request_action_read_reviews ... ok
test enum_values_roundtrip::case_23_evidence_request_action_search_reviews ... ok
test enum_values_roundtrip::case_24_evidence_request_action_history ... ok
test enum_values_roundtrip::case_25_evidence_request_review_phase_initial ... ok
test enum_values_roundtrip::case_26_evidence_request_review_phase_revisited ... ok
test enum_values_roundtrip::case_27_evidence_role_support ... ok
test enum_values_roundtrip::case_28_evidence_role_counterexample ... ok
test enum_values_roundtrip::case_29_execution_source_traces ... ok
test enum_values_roundtrip::case_30_execution_source_requests ... ok
test enum_values_roundtrip::case_31_finding_draft_kind_issue ... ok
test enum_values_roundtrip::case_32_finding_draft_kind_pattern ... ok
test enum_values_roundtrip::case_33_finding_draft_priority_high ... ok
test enum_values_roundtrip::case_34_finding_draft_priority_medium ... ok
test enum_values_roundtrip::case_35_finding_draft_priority_low ... ok
test enum_values_roundtrip::case_36_finding_kind_issue ... ok
test enum_values_roundtrip::case_37_finding_kind_pattern ... ok
test enum_values_roundtrip::case_38_finding_priority_high ... ok
test enum_values_roundtrip::case_39_finding_priority_medium ... ok
test enum_values_roundtrip::case_40_finding_priority_low ... ok
test enum_values_roundtrip::case_41_finding_status_open ... ok
test enum_values_roundtrip::case_42_finding_status_resolved ... ok
test enum_values_roundtrip::case_43_finding_status_dismissed ... ok
test enum_values_roundtrip::case_44_job_status_queued ... ok
test enum_values_roundtrip::case_45_job_status_running ... ok
test enum_values_roundtrip::case_46_job_status_completed ... ok
test enum_values_roundtrip::case_47_job_status_failed ... ok
test enum_values_roundtrip::case_48_job_status_cancelled ... ok
test enum_values_roundtrip::case_49_job_trigger_schedule ... ok
test enum_values_roundtrip::case_50_job_trigger_manual ... ok
test enum_values_roundtrip::case_51_lens_settings_source_traces ... ok
test enum_values_roundtrip::case_52_lens_settings_source_requests ... ok
test enum_values_roundtrip::case_53_lens_settings_source_both ... ok
test enum_values_roundtrip::case_54_model_message_role_system ... ok
test enum_values_roundtrip::case_55_model_message_role_user ... ok
test enum_values_roundtrip::case_56_model_message_role_assistant ... ok
test enum_values_roundtrip::case_57_model_request_purpose_extract ... ok
test enum_values_roundtrip::case_58_model_request_purpose_cluster ... ok
test enum_values_roundtrip::case_59_model_request_purpose_investigate ... ok
test enum_values_roundtrip::case_60_model_result_finish_reason_length ... ok
test enum_values_roundtrip::case_61_model_result_finish_reason_content_filter ... ok
test enum_values_roundtrip::case_62_observation_kind_issue ... ok
test enum_values_roundtrip::case_63_observation_kind_pattern ... ok
test enum_values_roundtrip::case_64_review_index_phase_initial ... ok
test enum_values_roundtrip::case_65_review_index_phase_revisited ... ok
test enum_values_roundtrip::case_66_review_record_phase_initial ... ok
test enum_values_roundtrip::case_67_review_record_phase_revisited ... ok
test enum_values_roundtrip::case_68_review_verdict_kind_issue ... ok
test enum_values_roundtrip::case_69_review_verdict_kind_pattern ... ok
test enum_values_roundtrip::case_70_step_kind_stage ... ok
test enum_values_roundtrip::case_71_step_kind_model ... ok
test enum_values_roundtrip::case_72_step_kind_error ... ok
test enum_values_roundtrip::case_73_tool_count_name_model ... ok
test enum_values_roundtrip::case_74_tool_count_name_read ... ok
test enum_values_roundtrip::case_75_tool_count_name_search ... ok
test enum_values_roundtrip::case_76_tool_count_name_python ... ok
test enum_values_roundtrip::case_77_tool_count_name_catalog ... ok
test enum_values_roundtrip::case_78_tool_count_name_review_catalog ... ok
test enum_values_roundtrip::case_79_tool_count_name_read_reviews ... ok
test enum_values_roundtrip::case_80_tool_count_name_search_reviews ... ok
test enum_values_roundtrip::case_81_tool_count_name_history ... ok
test enum_values_roundtrip::case_82_tool_count_name_checkpoint ... ok

test result: ok. 82 passed; 0 failed; 0 ignored; 0 measured; 0 filtered out; finished in 0.00s

     Running tests/worker_roundtrips.rs (/Users/mfkhalil/Code/litellm-lens/runtime/target/debug/deps/worker_roundtrips-47d7b7d467bffa19)

running 45 tests
test preserves_generated_worker_serialization::case_02_agent_test_case ... ok
test preserves_generated_worker_serialization::case_01_activity ... ok
test preserves_generated_worker_serialization::case_03_candidate ... ok
test preserves_generated_worker_serialization::case_04_catalog_entry ... ok
test preserves_generated_worker_serialization::case_06_checkpoint ... ok
test preserves_generated_worker_serialization::case_05_check ... ok
test preserves_generated_worker_serialization::case_08_clusters ... ok
test preserves_generated_worker_serialization::case_07_claim ... ok
test preserves_generated_worker_serialization::case_09_coverage ... ok
test preserves_generated_worker_serialization::case_10_evidence ... ok
test preserves_generated_worker_serialization::case_11_evidence_reply ... ok
test preserves_generated_worker_serialization::case_12_evidence_request ... ok
test preserves_generated_worker_serialization::case_13_execution ... ok
test preserves_generated_worker_serialization::case_14_execution_content ... ok
test preserves_generated_worker_serialization::case_15_extraction ... ok
test preserves_generated_worker_serialization::case_16_finding ... ok
test preserves_generated_worker_serialization::case_17_finding_draft ... ok
test preserves_generated_worker_serialization::case_18_finding_group ... ok
test preserves_generated_worker_serialization::case_19_finding_groups ... ok
test preserves_generated_worker_serialization::case_20_findings ... ok
test preserves_generated_worker_serialization::case_21_in_flight ... ok
test preserves_generated_worker_serialization::case_22_issue_brief ... ok
test preserves_generated_worker_serialization::case_24_lens_settings ... ok
test preserves_generated_worker_serialization::case_23_job ... ok
test preserves_generated_worker_serialization::case_25_metadata_filter ... ok
test preserves_generated_worker_serialization::case_26_model_message ... ok
test preserves_generated_worker_serialization::case_27_model_request ... ok
test preserves_generated_worker_serialization::case_28_model_result ... ok
test preserves_generated_worker_serialization::case_29_observation ... ok
test preserves_generated_worker_serialization::case_30_progress ... ok
test preserves_generated_worker_serialization::case_31_python_agent_turn_extraction ... ok
test preserves_generated_worker_serialization::case_32_python_agent_turn_findings ... ok
test preserves_generated_worker_serialization::case_33_python_request ... ok
test preserves_generated_worker_serialization::case_34_result ... ok
test preserves_generated_worker_serialization::case_35_review ... ok
test preserves_generated_worker_serialization::case_36_review_index ... ok
test preserves_generated_worker_serialization::case_37_review_record ... ok
test preserves_generated_worker_serialization::case_38_review_span ... ok
test preserves_generated_worker_serialization::case_39_review_verdict ... ok
test preserves_generated_worker_serialization::case_40_review_version ... ok
test preserves_generated_worker_serialization::case_41_run_assessment ... ok
test preserves_generated_worker_serialization::case_42_sample ... ok
test preserves_generated_worker_serialization::case_44_tool_count ... ok
test preserves_generated_worker_serialization::case_43_step ... ok
test preserves_generated_worker_serialization::case_45_trace_part ... ok

test result: ok. 45 passed; 0 failed; 0 ignored; 0 measured; 0 filtered out; finished in 0.07s

     Running tests/worker_schema.rs (/Users/mfkhalil/Code/litellm-lens/runtime/target/debug/deps/worker_schema-db22d329df85f6a6)

running 2 tests
test checked_in_worker_schema_matches_rust ... ok
test generated_worker_schema_preserves_the_current_contract ... ok

test result: ok. 2 passed; 0 failed; 0 ignored; 0 measured; 0 filtered out; finished in 0.00s

     Running unittests src/lib.rs (/Users/mfkhalil/Code/litellm-lens/runtime/target/debug/deps/lens_datasets-c5d2fbcf7b9b9c63)

running 0 tests

test result: ok. 0 passed; 0 failed; 0 ignored; 0 measured; 0 filtered out; finished in 0.00s

     Running tests/behavior.rs (/Users/mfkhalil/Code/litellm-lens/runtime/target/debug/deps/behavior-c09acfbd65aaf746)

running 94 tests
test datasets::build::build_keeps_span_conversation_and_version ... ok
test datasets::build::builds_match_recorded_python_results::case_1_plain ... ok
test datasets::build::candidates_within_one_source_report_duplicates_before_capacity_and_keep_invalid_skips ... ok
test datasets::build::builds_match_recorded_python_results::case_2_jsonl ... ok
test datasets::build::execution_ids_accept_both_url_safe_characters_and_utf8 ... ok
test datasets::build::evidence_deduplicates_by_execution_and_span_and_retains_first_finding ... ok
test datasets::build::execution_ids_keep_legacy_and_permissive_decoding::case_1_legacy ... ok
test datasets::build::execution_ids_keep_legacy_and_permissive_decoding::case_2_current ... ok
test datasets::build::execution_ids_keep_legacy_and_permissive_decoding::case_3_ignored_ascii ... ok
test datasets::build::execution_ids_keep_legacy_and_permissive_decoding::case_4_extra_padding ... ok
test datasets::build::execution_ids_keep_legacy_and_permissive_decoding::case_5_interior_padding ... ok
test datasets::build::execution_ids_keep_legacy_and_permissive_decoding::case_6_padding_after_one_sextet ... ok
test datasets::build::execution_ids_keep_legacy_and_permissive_decoding::case_7_terminal_padding_ignores_suffix ... ok
test datasets::build::existing_hashes_and_duplicate_candidates_are_skipped ... ok
test datasets::build::exported_jsonl_rebuilds_provenance_expected_and_agent_version ... ok
test datasets::build::floating_point_ties_preserve_trace_order::case_1_negative_zero ... ok
test datasets::build::full_dataset_reports_each_source_without_reading::case_1_negative ... ok
test datasets::build::floating_point_ties_preserve_trace_order::case_2_not_a_number ... ok
test datasets::build::full_dataset_reports_each_source_without_reading::case_2_zero ... ok
test datasets::build::invalid_execution_ids_skip_without_reading_a_span::case_1_undecodable ... ok
test datasets::build::invalid_execution_ids_skip_without_reading_a_span::case_2_short_tuple ... ok
test datasets::build::invalid_execution_ids_skip_without_reading_a_span::case_3_long_tuple ... ok
test datasets::build::invalid_execution_ids_skip_without_reading_a_span::case_4_nonstring ... ok
test datasets::build::invalid_execution_ids_skip_without_reading_a_span::case_5_unicode ... ok
test datasets::build::invalid_execution_ids_skip_without_reading_a_span::case_6_invalid_json ... ok
test datasets::build::invalid_execution_ids_skip_without_reading_a_span::case_7_missing_padding ... ok
test datasets::build::invalid_execution_ids_skip_without_reading_a_span::case_8_incomplete_padding ... ok
test datasets::build::jsonl_duplicate_fields_keep_the_last_value_at_every_level ... ok
test datasets::build::jsonl_ignores_numeric_metadata_without_coercing_numeric_record_fields::case_1_nan ... ok
test datasets::build::jsonl_ignores_numeric_metadata_without_coercing_numeric_record_fields::case_2_positive_infinity ... ok
test datasets::build::jsonl_ignores_numeric_metadata_without_coercing_numeric_record_fields::case_3_negative_infinity ... ok
test datasets::build::jsonl_ignores_numeric_metadata_without_coercing_numeric_record_fields::case_4_float_overflow ... ok
test datasets::build::jsonl_ignores_numeric_metadata_without_coercing_numeric_record_fields::case_5_large_integer ... ok
test datasets::build::jsonl_uses_python_line_boundaries::case_01_newline ... ok
test datasets::build::jsonl_uses_python_line_boundaries::case_02_carriage ... ok
test datasets::build::jsonl_uses_python_line_boundaries::case_03_windows ... ok
test datasets::build::jsonl_uses_python_line_boundaries::case_04_vertical_tab ... ok
test datasets::build::jsonl_uses_python_line_boundaries::case_05_form_feed ... ok
test datasets::build::jsonl_uses_python_line_boundaries::case_06_file_separator ... ok
test datasets::build::jsonl_uses_python_line_boundaries::case_07_group_separator ... ok
test datasets::build::jsonl_uses_python_line_boundaries::case_08_record_separator ... ok
test datasets::build::jsonl_uses_python_line_boundaries::case_09_next_line ... ok
test datasets::build::jsonl_uses_python_line_boundaries::case_10_line_separator ... ok
test datasets::build::jsonl_uses_python_line_boundaries::case_11_paragraph_separator ... ok
test datasets::build::malformed_jsonl_lines_do_not_discard_valid_lines::case_1_syntax ... ok
test datasets::build::malformed_jsonl_lines_do_not_discard_valid_lines::case_2_missing_messages ... ok
test datasets::build::malformed_jsonl_lines_do_not_discard_valid_lines::case_3_nested_extra ... ok
test datasets::build::malformed_jsonl_lines_do_not_discard_valid_lines::case_4_invalid_role ... ok
test datasets::build::malformed_jsonl_lines_do_not_discard_valid_lines::case_5_invalid_type ... ok
test datasets::build::malformed_jsonl_lines_do_not_discard_valid_lines::case_6_invalid_source ... ok
test datasets::build::missing_evidence_span_retains_decoded_trace_location ... ok
test datasets::build::plain_text_is_preserved_as_one_message::case_1_ordinary ... ok
test datasets::build::plain_text_is_preserved_as_one_message::case_2_mixed ... ok
test datasets::build::plain_text_is_preserved_as_one_message::case_3_blank ... ok
test datasets::build::plain_text_is_preserved_as_one_message::case_4_unicode_prefix ... ok
test datasets::build::reader_errors_propagate_without_partial_success::case_1_trace ... ok
test datasets::build::reader_errors_propagate_without_partial_success::case_2_span ... ok
test datasets::build::reader_errors_propagate_without_partial_success::case_3_findings ... ok
test datasets::build::whole_trace_selects_latest_llm_conversation_and_keeps_tie_order ... ok
test datasets::build::skipped_sources_keep_provenance_and_unread_sources_do_not_fetch ... ok
test datasets::build::whole_trace_without_conversation_reports_no_content::case_1_missing_trace ... ok
test datasets::build::whole_trace_without_conversation_reports_no_content::case_2_no_conversation ... ok
test datasets::cases::access_matches_lens_scope_rules::case_1_admin ... ok
test datasets::cases::access_matches_lens_scope_rules::case_2_same_team ... ok
test datasets::cases::access_matches_lens_scope_rules::case_3_other_team ... ok
test datasets::cases::access_matches_lens_scope_rules::case_4_same_key ... ok
test datasets::cases::access_matches_lens_scope_rules::case_5_other_key ... ok
test datasets::cases::access_matches_lens_scope_rules::case_6_all_teams_target ... ok
test datasets::cases::case_size_counts_unicode_scalars_in_every_content_field_only ... ok
test datasets::cases::content_hash_includes_message_roles_names_and_tool_history ... ok
test datasets::cases::empty_raw_span_is_skipped_with_its_actual_span_id ... ok
test datasets::cases::export_contains_only_included_records_with_defaults_and_a_trailing_newline ... ok
test datasets::cases::hashes_match_recorded_python_cases::case_1_plain ... ok
test datasets::cases::hashes_match_recorded_python_cases::case_2_jsonl ... ok
test datasets::cases::limits_keep_the_extracted_defaults ... ok
test datasets::cases::hashes_match_recorded_python_cases::case_3_revision ... ok
test datasets::cases::make_case_preserves_content_admission::case_1_blank_reply ... ok
test datasets::cases::make_case_preserves_content_admission::case_2_reply_only ... ok
test datasets::cases::make_case_preserves_content_admission::case_3_blank_message ... ok
test datasets::cases::make_case_preserves_content_admission::case_4_tool_only ... ok
test datasets::cases::make_case_preserves_content_admission::case_5_at_size ... ok
test datasets::cases::make_case_preserves_content_admission::case_6_over_size ... ok
test datasets::cases::make_case_preserves_content_admission::case_7_negative_size ... ok
test datasets::cases::non_message_spans_use_the_legacy_fallbacks::case_1_text ... ok
test datasets::cases::non_message_spans_use_the_legacy_fallbacks::case_2_fields ... ok
test datasets::cases::revision_count_limits_include_excluded_cases::case_1_at_count ... ok
test datasets::cases::revision_count_limits_include_excluded_cases::case_2_over_count ... ok
test datasets::cases::revision_count_limits_include_excluded_cases::case_3_empty_zero ... ok
test datasets::cases::revision_count_limits_include_excluded_cases::case_4_negative_limit ... ok
test datasets::cases::revision_errors_preserve_the_public_message::case_1_count ... ok
test datasets::cases::revision_errors_preserve_the_public_message::case_2_chars ... ok
test datasets::cases::span_conversion_keeps_history_and_only_assistant_output ... ok
test datasets::cases::revisions_rehash_content_and_keep_the_first_duplicate_with_its_metadata ... ok
test datasets::cases::unicode_and_special_characters_hash_the_exact_materialized_json ... ok

test result: ok. 94 passed; 0 failed; 0 ignored; 0 measured; 0 filtered out; finished in 0.01s

     Running unittests src/lib.rs (/Users/mfkhalil/Code/litellm-lens/runtime/target/debug/deps/lens_evals-4d16e87ed73d3272)

running 0 tests

test result: ok. 0 passed; 0 failed; 0 ignored; 0 measured; 0 filtered out; finished in 0.00s

     Running tests/golden.rs (/Users/mfkhalil/Code/litellm-lens/runtime/target/debug/deps/golden-bcf567a90293027d)

running 3 tests
test summary_matches_golden_fixture::case_1_done ... ok
test summary_matches_golden_fixture::case_2_no_baseline ... ok
test summary_matches_dev_server ... ok

test result: ok. 3 passed; 0 failed; 0 ignored; 0 measured; 0 filtered out; finished in 0.04s

     Running tests/scorer.rs (/Users/mfkhalil/Code/litellm-lens/runtime/target/debug/deps/scorer-6a428897d5816a26)

running 31 tests
test called_before_edges::case_02_no_tools_at_all ... ok
test called_before_edges::case_01_never_called ... ok
test called_before_edges::case_03_first_missing ... ok
test called_before_edges::case_04_then_before_first ... ok
test called_before_edges::case_05_first_then_ordered ... ok
test called_before_edges::case_06_same_start ... ok
test called_before_edges::case_08_interleaved_early_then ... ok
test called_before_edges::case_07_interleaved_ok ... ok
test called_before_edges::case_09_multiple_then_after_one_first ... ok
test called_before_edges::case_10_unordered_input ... ok
test called_before_edges::case_11_span_name_is_not_tool ... ok
test judge_rejects_out_of_range::case_1_negative ... ok
test judge_failure_propagates ... ok
test judge_rejects_out_of_range::case_2_above_one ... ok
test judge_rejects_out_of_range::case_3_nan ... ok
test judge_threshold::case_1_below ... ok
test judge_threshold::case_2_at_threshold ... ok
test judge_threshold::case_3_above ... ok
test judge_threshold::case_4_zero ... ok
test judge_threshold::case_5_one ... ok
test span_status_accepts_clickhouse_alias::case_1_lower ... ok
test span_status_accepts_clickhouse_alias::case_2_clickhouse ... ok
test task_completed_reads_root_status::case_1_ok ... ok
test task_completed_reads_root_status::case_2_unset ... ok
test task_completed_reads_root_status::case_3_error ... ok
test task_completed_reads_root_status::case_4_no_spans ... ok
test task_completed_reads_root_status::case_6_orphan_is_root ... ok
test task_completed_reads_root_status::case_5_child_error_root_ok ... ok
test task_completed_reads_root_status::case_7_empty_parent_is_root ... ok
test task_completed_reads_root_status::case_8_earliest_root_wins ... ok
test task_completed_reads_root_status::case_9_self_parent_is_root ... ok

test result: ok. 31 passed; 0 failed; 0 ignored; 0 measured; 0 filtered out; finished in 0.00s

     Running tests/summary.rs (/Users/mfkhalil/Code/litellm-lens/runtime/target/debug/deps/summary-04581864d6916b57)

running 45 tests
test case_verdict_and_errors::case_2_two_of_three ... ok
test case_verdict_and_errors::case_1_all_pass ... ok
test case_verdict_and_errors::case_3_errors_fail ... ok
test case_verdict_and_errors::case_4_error_breaks_majority ... ok
test case_verdict_and_errors::case_5_missing_trials_fail ... ok
test case_verdict_and_errors::case_6_missing_and_error ... ok
test cost_per_case_sums_trials_over_cases::case_1_cost_usd_set ... ok
test cost_per_case_sums_trials_over_cases::case_2_cost_usd_wins_over_spend ... ok
test cost_per_case_sums_trials_over_cases::case_3_spend_when_cost_usd_missing ... ok
test cost_per_case_sums_trials_over_cases::case_4_neither_present ... ok
test cost_per_case_sums_trials_over_cases::case_5_error_trial_cost_usd ... ok
test cost_per_case_sums_trials_over_cases::case_6_error_trial_ignores_spend ... ok
test duplicate_case_ids_are_rejected ... ok
test empty_runs_are_rejected::case_1_no_cases ... ok
test empty_runs_are_rejected::case_2_zero_trials ... ok
test extra_trials_are_rejected ... ok
test gate_conditions::case_01_regressions_over ... ok
test gate_conditions::case_02_regressions_at_max ... ok
test gate_conditions::case_03_critical_over ... ok
test gate_conditions::case_04_critical_at_max ... ok
test gate_conditions::case_05_pass_rate_below ... ok
test gate_conditions::case_06_pass_rate_equal ... ok
test gate_conditions::case_07_cost_above ... ok
test gate_conditions::case_08_cost_equal ... ok
test gate_conditions::case_09_min_below ... ok
test gate_conditions::case_10_min_equal ... ok
test gate_conditions::case_11_min_missing_score ... ok
test gate_conditions::case_12_all_in_order ... ok
test gate_defaults_match_contract ... ok
test gate_without_baseline::case_1_regressions_ignored ... ok
test gate_without_baseline::case_2_critical_ignored ... ok
test gate_without_baseline::case_3_pass_rate_still_applies ... ok
test majority_ties_fail::case_1_one_of_one ... ok
test judge_failure_aborts_evaluate ... ok
test majority_ties_fail::case_2_zero_of_one ... ok
test majority_ties_fail::case_3_tie_one_of_two ... ok
test majority_ties_fail::case_4_two_of_two ... ok
test majority_ties_fail::case_5_two_of_three ... ok
test majority_ties_fail::case_6_one_of_three ... ok
test majority_ties_fail::case_7_tie_two_of_four ... ok
test no_baseline_skips_diffs_and_regression_gates ... ok
test regressions_fixed_and_critical_follow_case_order ... ok
test scores_are_per_scorer_trial_means ... ok
test trial_needs_every_scorer::case_1_all_scorers_pass ... ok
test trial_needs_every_scorer::case_2_judge_fails_trial ... ok

test result: ok. 45 passed; 0 failed; 0 ignored; 0 measured; 0 filtered out; finished in 0.00s

     Running unittests src/lib.rs (/Users/mfkhalil/Code/litellm-lens/runtime/target/debug/deps/_native-f636114af55b10ef)

running 0 tests

test result: ok. 0 passed; 0 failed; 0 ignored; 0 measured; 0 filtered out; finished in 0.00s

     Running unittests src/lib.rs (/Users/mfkhalil/Code/litellm-lens/runtime/target/debug/deps/lens_evals_sdk-d15f27804bcec239)

running 8 tests
test devserver::traces::tests::missing_or_late_traces_respect_remaining_budget::case_1_unseen ... ok
test devserver::traces::tests::missing_or_late_traces_respect_remaining_budget::case_2_late_root ... ok
test devserver::traces::tests::trace_closure_and_build_identity::case_1_still_running ... ok
test devserver::traces::tests::missing_or_late_traces_respect_remaining_budget::case_3_request_used_budget ... ok
test devserver::traces::tests::trace_closure_and_build_identity::case_2_root_ended ... ok
test devserver::traces::tests::trace_closure_and_build_identity::case_3_idle_closed ... ok
test devserver::traces::tests::trace_closure_and_build_identity::case_4_timeout_before_idle ... ok
test devserver::traces::tests::trace_closure_and_build_identity::case_5_stale_build ... ok

test result: ok. 8 passed; 0 failed; 0 ignored; 0 measured; 0 filtered out; finished in 0.00s

     Running tests/contract.rs (/Users/mfkhalil/Code/litellm-lens/runtime/target/debug/deps/contract-e0eecff63cb40a2d)

running 23 tests
test baseline_requires_matching_scorers::case_2_changed ... ok
test github_uses_authoritative_gate::case_1_neutral ... ok
test baseline_requires_matching_scorers::case_1_same ... ok
test github_uses_authoritative_gate::case_2_no_baseline_absolute_failure ... ok
test github_uses_authoritative_gate::case_3_fail ... ok
test github_uses_authoritative_gate::case_4_pass ... ok
test golden_fixtures_round_trip::case_1_create ... ok
test golden_fixtures_round_trip::case_2_trace ... ok
test golden_fixtures_round_trip::case_4_done ... ok
test golden_fixtures_round_trip::case_3_error ... ok
test golden_fixtures_round_trip::case_5_no_baseline ... ok
test majority_missing_and_closed_results::case_1_tie ... ok
test majority_missing_and_closed_results::case_2_majority ... ok
test old_create_requests_receive_default_trial_timeout ... ok
test rejects_unrepresentable_timeout::case_1_huge_timeout ... ok
test rejects_unrepresentable_timeout::case_2_millisecond_overflow ... ok
test rejects_unrepresentable_timeout::case_3_negative_timeout ... ok
test rejects_unrepresentable_timeout::case_4_nan_timeout ... ok
test rejects_unrepresentable_timeout::case_5_zero_timeout ... ok
test trial_timeout_rounds_up_to_milliseconds::case_1_whole_second ... ok
test trial_timeout_rounds_up_to_milliseconds::case_2_fractional_millisecond ... ok
test trial_timeout_rounds_up_to_milliseconds::case_3_one_microsecond ... ok
test majority_missing_and_closed_results::case_3_missing ... ok

test result: ok. 23 passed; 0 failed; 0 ignored; 0 measured; 0 filtered out; finished in 0.04s

     Running tests/devserver.rs (/Users/mfkhalil/Code/litellm-lens/runtime/target/debug/deps/devserver-1ecbf9cf656794ac)

running 13 tests
test accepted_reference_waits_for_trace_and_checks_build::case_2_stale_build ... ok
test accepted_reference_waits_for_trace_and_checks_build::case_1_matching_build ... ok
test custom_trial_timeout_reaches_server::case_1_missing_trace ... ok
test custom_trial_timeout_reaches_server::case_2_open_trace ... ok
test failed_absolute_condition_is_red_without_baseline::case_2_cost ... ok
test failed_absolute_condition_is_red_without_baseline::case_1_pass_rate ... ok
test finding_subset_uses_metadata_then_legacy_source::case_1_metadata_only ... ok
test finding_subset_uses_metadata_then_legacy_source::case_2_legacy_source ... ok
test finding_subset_uses_metadata_then_legacy_source::case_3_metadata_wins ... ok
test finding_subset_uses_metadata_then_legacy_source::case_4_opaque_id ... ok
test failed_absolute_condition_is_red_without_baseline::case_3_minimum ... ok
test zero_trial_timeout_rejected ... ok
test sdk_waits_after_task_returns_accepted_reference ... ok

test result: ok. 13 passed; 0 failed; 0 ignored; 0 measured; 0 filtered out; finished in 0.44s

     Running tests/diagnostics.rs (/Users/mfkhalil/Code/litellm-lens/runtime/target/debug/deps/diagnostics-55d866001d90aa53)

running 3 tests
test doctor_distinguishes_missing_api_and_scope::case_1_missing_api ... ok
test doctor_checks_without_creating_runs ... ok
test doctor_distinguishes_missing_api_and_scope::case_2_scope ... ok

test result: ok. 3 passed; 0 failed; 0 ignored; 0 measured; 0 filtered out; finished in 0.01s

     Running tests/execution.rs (/Users/mfkhalil/Code/litellm-lens/runtime/target/debug/deps/execution-0a58a6bfd6a2afbc)

running 10 tests
test backend_failure_is_not_a_gate_failure::case_2_missing_summary ... ok
test backend_failure_is_not_a_gate_failure::case_1_failed ... ok
test backend_failure_is_not_a_gate_failure::case_3_unknown_status ... ok
test baseline_regression_revert_repeat ... ok
test lost_write_ack_reuses_run_and_recovers_finish::case_1_create ... ok
test lost_write_ack_reuses_run_and_recovers_finish::case_2_finish ... ok
test selects_cases::case_1_case_ids ... ok
test selects_cases::case_2_finding ... ok
test upload_failure_is_infrastructure ... ok
test bounded_concurrency_and_timeout_cancellation ... ok

test result: ok. 10 passed; 0 failed; 0 ignored; 0 measured; 0 filtered out; finished in 0.64s

     Running tests/github.rs (/Users/mfkhalil/Code/litellm-lens/runtime/target/debug/deps/github-947a135201339309)

running 2 tests
test only_updates_owned_comments::case_2_bot ... ok
test only_updates_owned_comments::case_1_human ... ok

test result: ok. 2 passed; 0 failed; 0 ignored; 0 measured; 0 filtered out; finished in 0.01s

     Running tests/setup.rs (/Users/mfkhalil/Code/litellm-lens/runtime/target/debug/deps/setup-49325759f913b312)

running 12 tests
test existing_files_are_untouched::case_1_eval ... ok
test demo_has_no_ci_gate ... ok
test existing_files_are_untouched::case_2_workflow ... ok
test keyword_imports_are_rejected::case_1_keyword ... ok
test keyword_imports_are_rejected::case_2_keyword_module ... ok
test guided_setup_preserves_existing_configuration ... ok
test malformed_configuration_has_no_partial_writes::case_1_scalar_tool ... ok
test malformed_configuration_has_no_partial_writes::case_2_scalar_lens ... ok
test malformed_configuration_has_no_partial_writes::case_3_malformed ... ok
test rejects_invalid_input_before_writing::case_1_invalid_dataset ... ok
test rejects_invalid_input_before_writing::case_2_invalid_task ... ok
test uv_workflow_uses_agent_environment ... ok

test result: ok. 12 passed; 0 failed; 0 ignored; 0 measured; 0 filtered out; finished in 0.01s

     Running tests/transport.rs (/Users/mfkhalil/Code/litellm-lens/runtime/target/debug/deps/transport-926b5958b86bcd7c)

running 15 tests
test bounded_retries_and_typed_failures::case_2_scope ... ok
test bounded_retries_and_typed_failures::case_1_unauthorized ... ok
test bounded_retries_and_typed_failures::case_3_closed ... ok
test bounded_retries_and_typed_failures::case_4_rate_limit ... ok
test bounded_retries_and_typed_failures::case_5_unavailable ... ok
test rejects_invalid_resolver_responses::case_1_redirect ... ok
test legacy_resolution_keeps_pinned_revision_and_escaped_path ... ok
test rejects_invalid_resolver_responses::case_3_identity ... ok
test rejects_invalid_resolver_responses::case_2_html ... ok
test rejects_unsafe_endpoints::case_1_remote_http ... ok
test rejects_unsafe_endpoints::case_2_credentials ... ok
test rejects_unsafe_endpoints::case_3_query ... ok
test rejects_unsafe_endpoints::case_4_fragment ... ok
test rejects_wrong_download_identity::case_1_wrong_dataset ... ok
test rejects_wrong_download_identity::case_2_wrong_revision ... ok

test result: ok. 15 passed; 0 failed; 0 ignored; 0 measured; 0 filtered out; finished in 0.77s

     Running unittests src/lib.rs (/Users/mfkhalil/Code/litellm-lens/runtime/target/debug/deps/lens_parity-2f320a38ceae59c7)

running 46 tests
test matcher::tests::reports_exact_mismatch_values::case_1_numeric_values ... ok
test matcher::tests::renders_unified_response_diff::case_1_body_change ... ok
test matcher::tests::reports_status_and_header_mismatches::case_1_status ... ok
test matcher::tests::reports_status_and_header_mismatches::case_2_header ... ok
test matcher::tests::reports_structural_mismatches::case_1_object_key_set ... ok
test matcher::tests::reports_structural_mismatches::case_2_extra_object_key ... ok
test matcher::tests::reports_structural_mismatches::case_4_array_order ... ok
test matcher::tests::reports_structural_mismatches::case_3_array_length ... ok
test matcher::tests::unifies_string_patterns::case_01_binds_unbound_name ... ok
test matcher::tests::unifies_string_patterns::case_02_matches_bound_name ... ok
test matcher::tests::unifies_string_patterns::case_03_rejects_different_bound_name ... ok
test matcher::tests::unifies_string_patterns::case_04_matches_substring ... ok
test matcher::tests::unifies_string_patterns::case_05_matches_placeholder_at_start ... ok
test matcher::tests::unifies_string_patterns::case_06_matches_placeholder_at_end ... ok
test matcher::tests::unifies_string_patterns::case_07_matches_repeated_name ... ok
test matcher::tests::unifies_string_patterns::case_08_rejects_repeated_name_mismatch ... ok
test matcher::tests::unifies_string_patterns::case_09_matches_multiple_names ... ok
test matcher::tests::unifies_string_patterns::case_10_accepts_timestamp ... ok
test matcher::tests::unifies_string_patterns::case_11_rejects_timestamp ... ok
test matcher::tests::unifies_string_patterns::case_12_accepts_http_date ... ok
test matcher::tests::unifies_string_patterns::case_13_rejects_http_date ... ok
test matcher::tests::unifies_string_patterns::case_14_accepts_uuid ... ok
test matcher::tests::unifies_string_patterns::case_15_rejects_uuid ... ok
test normalize::tests::normalizes_bound_and_volatile_strings::case_2_timestamp ... ok
test normalize::tests::normalizes_bound_and_volatile_strings::case_1_captured_values ... ok
test normalize::tests::normalizes_bound_and_volatile_strings::case_4_uuid ... ok
test normalize::tests::normalizes_bound_and_volatile_strings::case_3_http_date ... ok
test normalize::tests::normalizes_substrings_without_changing_other_text::case_1_replaces_multiple_occurrences ... ok
test normalize::tests::normalizes_substrings_without_changing_other_text::case_2_retains_unrecognized_text ... ok
test runner::tests::captures_session_cookie_values::case_1_single_cookie ... ok
test runner::tests::captures_session_cookie_values::case_2_multiple_cookies ... ok
test normalize::tests::normalizes_cookie_values_but_preserves_attributes::case_1_session_cookie ... ok
test runner::tests::classifies_json_media_types::case_1_json ... ok
test runner::tests::classifies_json_media_types::case_2_json_parameters ... ok
test runner::tests::classifies_json_media_types::case_3_structured_suffix ... ok
test runner::tests::classifies_json_media_types::case_4_text ... ok
test runner::tests::mints_jwt_claims_with_relative_offsets::case_01_valid ... ok
test runner::tests::mints_jwt_claims_with_relative_offsets::case_02_expired ... ok
test runner::tests::mints_jwt_claims_with_relative_offsets::case_03_wrong_audience ... ok
test runner::tests::mints_jwt_claims_with_relative_offsets::case_04_long_lifetime ... ok
test runner::tests::mints_jwt_claims_with_relative_offsets::case_05_subject_mismatch ... ok
test runner::tests::mints_jwt_claims_with_relative_offsets::case_06_wrong_issuer ... ok
test runner::tests::mints_jwt_claims_with_relative_offsets::case_07_missing_iat ... ok
test runner::tests::mints_jwt_claims_with_relative_offsets::case_08_other_team ... ok
test runner::tests::mints_jwt_claims_with_relative_offsets::case_09_other_team_viewer ... ok
test runner::tests::mints_jwt_claims_with_relative_offsets::case_10_no_team ... ok

test result: ok. 46 passed; 0 failed; 0 ignored; 0 measured; 0 filtered out; finished in 0.02s

     Running unittests src/main.rs (/Users/mfkhalil/Code/litellm-lens/runtime/target/debug/deps/lens_parity-e05341575caa7add)

running 0 tests

test result: ok. 0 passed; 0 failed; 0 ignored; 0 measured; 0 filtered out; finished in 0.00s

     Running tests/roundtrip.rs (/Users/mfkhalil/Code/litellm-lens/runtime/target/debug/deps/roundtrip-f24ae50f7e9fd1a5)

running 1 test
test records_replays_and_reports_mutated_responses::case_1_records_then_replays ... ok

test result: ok. 1 passed; 0 failed; 0 ignored; 0 measured; 0 filtered out; finished in 0.74s

     Running tests/scenarios.rs (/Users/mfkhalil/Code/litellm-lens/runtime/target/debug/deps/scenarios-486e0ed0c6023947)

running 4 tests
test dataset_steps_keep_admin_headers_and_id_capture::case_1_datasets ... ok
test auth_steps_keep_json_headers_cookie_templates_and_captures::case_1_auth ... ok
test scenario_sets_cover_required_routes::case_1_auth ... ok
test scenario_sets_cover_required_routes::case_2_datasets ... ok

test result: ok. 4 passed; 0 failed; 0 ignored; 0 measured; 0 filtered out; finished in 0.00s

     Running unittests src/lib.rs (/Users/mfkhalil/Code/litellm-lens/runtime/target/debug/deps/lens_server-2778d9e4b99d6cd6)

running 60 tests
test datasets::json_diagnostics::tests::python_json_error_positions_and_messages_are_preserved::case_02_object ... ok
test datasets::json_diagnostics::tests::python_json_error_positions_and_messages_are_preserved::case_01_empty ... ok
test datasets::json_diagnostics::tests::python_json_error_positions_and_messages_are_preserved::case_03_multiline ... ok
test datasets::json_diagnostics::tests::python_json_error_positions_and_messages_are_preserved::case_05_unterminated ... ok
test datasets::json_diagnostics::tests::python_json_error_positions_and_messages_are_preserved::case_04_literal ... ok
test datasets::json_diagnostics::tests::python_json_error_positions_and_messages_are_preserved::case_06_unicode_position ... ok
test datasets::json_diagnostics::tests::python_json_error_positions_and_messages_are_preserved::case_08_object_comma ... ok
test datasets::json_diagnostics::tests::python_json_error_positions_and_messages_are_preserved::case_07_array_comma ... ok
test datasets::json_diagnostics::tests::python_json_error_positions_and_messages_are_preserved::case_09_leading_zero ... ok
test datasets::json_diagnostics::tests::python_json_error_positions_and_messages_are_preserved::case_10_escape ... ok
test datasets::json_diagnostics::tests::python_json_error_positions_and_messages_are_preserved::case_11_short_array ... ok
test datasets::json_diagnostics::tests::python_json_error_positions_and_messages_are_preserved::case_12_missing_array_value ... ok
test datasets::json_diagnostics::tests::python_json_error_positions_and_messages_are_preserved::case_13_colon ... ok
test datasets::json_diagnostics::tests::python_json_error_positions_and_messages_are_preserved::case_14_unicode_escape ... ok
test datasets::json_diagnostics::tests::python_json_error_positions_and_messages_are_preserved::case_15_unterminated_escape ... ok
test datasets::json_diagnostics::tests::python_json_error_positions_and_messages_are_preserved::case_16_control ... ok
test datasets::json_diagnostics::tests::python_json_error_positions_and_messages_are_preserved::case_17_exponent ... ok
test datasets::json_diagnostics::tests::python_json_error_positions_and_messages_are_preserved::case_18_minus ... ok
test datasets::json_diagnostics::tests::valid_json_does_not_invent_an_error::case_1_nested ... ok
test datasets::json_diagnostics::tests::valid_json_does_not_invent_an_error::case_2_empty_array ... ok
test datasets::validation::tests::create_validation_preserves_python_errors::case_1_missing_name ... ok
test datasets::validation::tests::create_validation_preserves_python_errors::case_2_name_null ... ok
test datasets::validation::tests::create_validation_preserves_python_errors::case_3_empty_name ... ok
test datasets::validation::tests::create_validation_preserves_python_errors::case_4_extra_field ... ok
test datasets::validation::tests::create_validation_preserves_python_errors::case_5_nonobject ... ok
test datasets::validation::tests::invalid_build_sources_also_fail_minimum_successful_source_count::case_1_none ... ok
test datasets::validation::tests::invalid_build_sources_also_fail_minimum_successful_source_count::case_2_array ... ok
test datasets::validation::tests::invalid_build_sources_also_fail_minimum_successful_source_count::case_3_missing_tag ... ok
test datasets::validation::tests::invalid_discriminator_preserves_large_integer_display::case_1_number ... ok
test datasets::validation::tests::invalid_discriminator_preserves_large_integer_display::case_2_array ... ok
test datasets::validation::tests::invalid_discriminator_uses_python_display::case_1_null ... ok
test datasets::validation::tests::invalid_discriminator_preserves_large_integer_display::case_3_object ... ok
test datasets::validation::tests::invalid_discriminator_uses_python_display::case_2_true_value ... ok
test datasets::validation::tests::invalid_discriminator_uses_python_display::case_3_false_value ... ok
test datasets::validation::tests::invalid_discriminator_uses_python_display::case_4_array ... ok
test datasets::validation::tests::invalid_discriminator_uses_python_display::case_5_object ... ok
test datasets::validation::tests::name_length_counts_unicode_characters::case_1_unicode ... ok
test datasets::validation::tests::name_length_counts_unicode_characters::case_2_overlong ... ok
test datasets::validation::tests::negative_revision_is_rejected_only_for_query ... ok
test datasets::validation::tests::revision_query_matches_fastapi_coercion::case_1_missing ... ok
test datasets::validation::tests::revision_query_matches_fastapi_coercion::case_2_unrelated ... ok
test datasets::validation::tests::nested_record_validation_preserves_field_paths ... ok
test datasets::validation::tests::revision_query_matches_fastapi_coercion::case_3_last_duplicate ... ok
test datasets::validation::tests::revision_query_matches_fastapi_coercion::case_4_decimal ... ok
test datasets::validation::tests::revision_query_matches_fastapi_coercion::case_5_encoded_plus ... ok
test datasets::validation::tests::supported_pydantic_coercions_are_preserved::case_1_integer_string ... ok
test datasets::validation::tests::supported_pydantic_coercions_are_preserved::case_2_integral_decimal ... ok
test datasets::validation::tests::supported_pydantic_coercions_are_preserved::case_3_integral_float ... ok
test datasets::validation::tests::supported_pydantic_coercions_are_preserved::case_4_boolean_integer ... ok
test datasets::validation::tests::wide_numeric_validation_inputs_keep_their_exact_json_representation::case_2_numeric_name ... ok
test datasets::validation::tests::wide_numeric_validation_inputs_keep_their_exact_json_representation::case_1_negative_revision ... ok
test datasets::validation::tests::wide_numeric_validation_inputs_keep_their_exact_json_representation::case_3_outside_float_range ... ok
test datasets::validation::tests::wide_numeric_validation_inputs_keep_their_exact_json_representation::case_4_nested_source ... ok
test error::session_tests::authentication_errors_preserve_python_shape::case_1_unauthorized ... ok
test error::session_tests::authentication_errors_preserve_python_shape::case_2_origin ... ok
test error::session_tests::authentication_errors_preserve_python_shape::case_3_conflict ... ok
test error::session_tests::authentication_errors_preserve_python_shape::case_4_storage ... ok
test error::tests::api_errors_return_generic_json::case_1_not_found ... ok
test error::tests::api_errors_return_generic_json::case_2_unauthorized ... ok
test error::tests::api_errors_return_generic_json::case_3_internal ... ok

test result: ok. 60 passed; 0 failed; 0 ignored; 0 measured; 0 filtered out; finished in 0.00s

     Running tests/auth.rs (/Users/mfkhalil/Code/litellm-lens/runtime/target/debug/deps/auth-8868af6aa6c50ace)

running 6 tests
test bearer_token_extractor_accepts_only_nonempty_bearer_credentials::case_1_valid ... ok
test bearer_token_extractor_accepts_only_nonempty_bearer_credentials::case_2_case_insensitive_scheme ... ok
test bearer_token_extractor_accepts_only_nonempty_bearer_credentials::case_3_missing_header ... ok
test bearer_token_extractor_accepts_only_nonempty_bearer_credentials::case_4_basic_scheme ... ok
test bearer_token_extractor_accepts_only_nonempty_bearer_credentials::case_5_empty_token ... ok
test bearer_token_extractor_accepts_only_nonempty_bearer_credentials::case_6_missing_space ... ok

test result: ok. 6 passed; 0 failed; 0 ignored; 0 measured; 0 filtered out; finished in 0.00s

     Running tests/datasets.rs (/Users/mfkhalil/Code/litellm-lens/runtime/target/debug/deps/datasets-c6456ddb7bc5d917)

running 23 tests
test dataset_authentication_rejects_untrusted_credentials::case_1_missing ... ok
test dataset_authentication_rejects_untrusted_credentials::case_2_invalid ... ok
test competing_revision_writes_have_one_winner_and_survive_restart ... ok
test dataset_cookie_writes_require_lens_origin::case_1_missing ... ok
test dataset_cookie_writes_require_lens_origin::case_2_foreign ... ok
test dataset_requests_are_not_rejected_by_axums_default_two_megabyte_limit ... ok
test dataset_source_failures_preserve_http_error_contract::case_1_invalid ... ok
test dataset_source_failures_preserve_http_error_contract::case_2_changed ... ok
test dataset_source_failures_preserve_http_error_contract::case_3_too_large ... ok
test dataset_source_failures_preserve_http_error_contract::case_4_unavailable ... ok
test dataset_source_failures_preserve_http_error_contract::case_5_lens_missing ... ok
test malformed_json_precedes_authentication_but_schema_validation_follows_it::case_1_malformed ... ok
test malformed_json_precedes_authentication_but_schema_validation_follows_it::case_2_valid_json_invalid_schema ... ok
test revisions_outside_rust_integer_range_preserve_lookup_and_conflict_behavior::case_1_number ... ok
test revisions_outside_rust_integer_range_preserve_lookup_and_conflict_behavior::case_2_string ... ok
test python_dataset_fixtures_replay_over_real_http_and_clickhouse ... ok
test revisions_outside_rust_integer_range_preserve_lookup_and_conflict_behavior::case_3_float ... ok
test trailing_slashes_preserve_fastapi_redirects::case_1_list ... ok
test trailing_slashes_preserve_fastapi_redirects::case_2_multiple ... ok
test trailing_slashes_preserve_fastapi_redirects::case_3_read ... ok
test trailing_slashes_preserve_fastapi_redirects::case_4_build ... ok
test trailing_slashes_preserve_fastapi_redirects::case_5_export ... ok
test trailing_slashes_preserve_fastapi_redirects::case_6_cases ... ok

test result: ok. 23 passed; 0 failed; 0 ignored; 0 measured; 0 filtered out; finished in 1.98s

     Running tests/python_routes.rs (/Users/mfkhalil/Code/litellm-lens/runtime/target/debug/deps/python_routes-9aee457e77da8a22)

running 19 tests
test every_python_route_line_parses_and_points_to_a_source_file ... ok
test malformed_python_route_lines_are_rejected::case_1_unknown_method ... ok
test malformed_python_route_lines_are_rejected::case_2_missing_leading_slash ... ok
test malformed_python_route_lines_are_rejected::case_3_missing_source ... ok
test malformed_python_route_lines_are_rejected::case_4_empty_line ... ok
test malformed_python_route_lines_are_rejected::case_5_wrong_source_prefix ... ok
test malformed_python_route_lines_are_rejected::case_6_source_path_traversal ... ok
test malformed_python_route_lines_are_rejected::case_7_path_with_whitespace ... ok
test every_python_route_remains_unserved_by_rust ... ok
test malformed_python_route_lines_are_rejected::case_8_wrong_file_extension ... ok
test supported_http_methods_are_parsed::case_1_connect ... ok
test supported_http_methods_are_parsed::case_2_delete ... ok
test supported_http_methods_are_parsed::case_3_get ... ok
test supported_http_methods_are_parsed::case_4_head ... ok
test supported_http_methods_are_parsed::case_5_options ... ok
test supported_http_methods_are_parsed::case_6_patch ... ok
test supported_http_methods_are_parsed::case_7_post ... ok
test supported_http_methods_are_parsed::case_8_put ... ok
test supported_http_methods_are_parsed::case_9_trace ... ok

test result: ok. 19 passed; 0 failed; 0 ignored; 0 measured; 0 filtered out; finished in 0.00s

     Running tests/sessions.rs (/Users/mfkhalil/Code/litellm-lens/runtime/target/debug/deps/sessions-ceec6d48cb56ca49)

running 4 tests
test browser_session_survives_server_restart_and_cannot_be_replayed_after_logout::case_2_https ... ok
test browser_session_survives_server_restart_and_cannot_be_replayed_after_logout::case_1_http ... ok
test python_fixtures_replay_over_real_http_and_clickhouse::case_2_boundaries ... ok
test python_fixtures_replay_over_real_http_and_clickhouse::case_1_auth ... ok

test result: ok. 4 passed; 0 failed; 0 ignored; 0 measured; 0 filtered out; finished in 0.54s

     Running unittests src/lib.rs (/Users/mfkhalil/Code/litellm-lens/runtime/target/debug/deps/litellm_lens-092c2b365b5600ff)

running 29 tests
test config::tests::dataset_limits_keep_configured_values_and_fallbacks::case_1_absent ... ok
test config::tests::dataset_configuration_reads_each_supported_setting ... ok
test config::tests::dataset_limits_keep_configured_values_and_fallbacks::case_2_empty ... ok
test config::tests::dataset_limits_keep_configured_values_and_fallbacks::case_3_invalid ... ok
test config::tests::dataset_limits_keep_configured_values_and_fallbacks::case_4_whitespace ... ok
test config::tests::dataset_limits_keep_configured_values_and_fallbacks::case_5_zero ... ok
test config::tests::dataset_limits_keep_configured_values_and_fallbacks::case_6_negative ... ok
test config::tests::missing_dataset_configuration_preserves_defaults ... ok
test ingest::tests::accepted_batches_keep_the_empty_export_response::case_1_json ... ok
test ingest::tests::accepted_batches_keep_the_empty_export_response::case_2_protobuf ... ok
test ingest::tests::rejected_batches_have_matching_http_and_rpc_errors::case_1_invalid_request::content_type_2___application_x_protobuf__ ... ok
test ingest::tests::rejected_batches_have_matching_http_and_rpc_errors::case_1_invalid_request::content_type_1___application_json__ ... ok
test ingest::tests::rejected_batches_have_matching_http_and_rpc_errors::case_2_unauthenticated::content_type_1___application_json__ ... ok
test ingest::tests::rejected_batches_have_matching_http_and_rpc_errors::case_2_unauthenticated::content_type_2___application_x_protobuf__ ... ok
test ingest::tests::rejected_batches_have_matching_http_and_rpc_errors::case_3_payload_too_large::content_type_1___application_json__ ... ok
test ingest::tests::rejected_batches_have_matching_http_and_rpc_errors::case_3_payload_too_large::content_type_2___application_x_protobuf__ ... ok
test ingest::tests::rejected_batches_have_matching_http_and_rpc_errors::case_4_credentials_pending::content_type_1___application_json__ ... ok
test ingest::tests::rejected_batches_have_matching_http_and_rpc_errors::case_4_credentials_pending::content_type_2___application_x_protobuf__ ... ok
test ingest::tests::rejected_batches_have_matching_http_and_rpc_errors::case_5_storage_unavailable::content_type_1___application_json__ ... ok
test ingest::tests::rejected_batches_have_matching_http_and_rpc_errors::case_5_storage_unavailable::content_type_2___application_x_protobuf__ ... ok
test ingest::tests::rejected_batches_have_matching_http_and_rpc_errors::case_6_conflict::content_type_1___application_json__ ... ok
test ingest::tests::rejected_batches_have_matching_http_and_rpc_errors::case_6_conflict::content_type_2___application_x_protobuf__ ... ok
test sandbox::tests::completed_process_output_survives_a_monitor_io_race::case_2_failed_exit ... ok
test sandbox::tests::completed_process_output_survives_a_monitor_io_race::case_1_successful_exit ... ok
test sandbox::tests::output_limit_preserves_the_bounded_prefix ... ok
test sandbox::tests::scratch_limit_failure_cannot_be_overridden_by_process_completion ... ok
test tests::ninth_read_waits_for_a_permit_and_succeeds ... ok
test tests::read_queue_timeout_returns_unavailable ... ok
test sandbox::tests::persistent_monitor_failure_remains_an_error ... ok

test result: ok. 29 passed; 0 failed; 0 ignored; 0 measured; 0 filtered out; finished in 0.11s

     Running unittests src/main.rs (/Users/mfkhalil/Code/litellm-lens/runtime/target/debug/deps/litellm_lens-cd19e7d0794a38dc)

running 0 tests

test result: ok. 0 passed; 0 failed; 0 ignored; 0 measured; 0 filtered out; finished in 0.00s

     Running tests/clickhouse.rs (/Users/mfkhalil/Code/litellm-lens/runtime/target/debug/deps/clickhouse-5c49c5c5f40ba0bc)

running 4 tests
test traces_round_trip_through_real_clickhouse_with_scoped_reads::case_1_own_trace ... ignored, requires an isolated ClickHouse instance in LENS_TEST_CLICKHOUSE_URL
test traces_round_trip_through_real_clickhouse_with_scoped_reads::case_2_own_span ... ignored, requires an isolated ClickHouse instance in LENS_TEST_CLICKHOUSE_URL
test traces_round_trip_through_real_clickhouse_with_scoped_reads::case_3_missing_span ... ignored, requires an isolated ClickHouse instance in LENS_TEST_CLICKHOUSE_URL
test traces_round_trip_through_real_clickhouse_with_scoped_reads::case_4_other_key ... ignored, requires an isolated ClickHouse instance in LENS_TEST_CLICKHOUSE_URL

test result: ok. 0 passed; 0 failed; 4 ignored; 0 measured; 0 filtered out; finished in 0.00s

     Running tests/datasets.rs (/Users/mfkhalil/Code/litellm-lens/runtime/target/debug/deps/datasets-81c73892817db8ad)

running 5 tests
test ingested_traces_build_cases_through_the_application_router::case_1_latest_conversation ... ok
test ingested_traces_build_cases_through_the_application_router::case_2_conversation_after_first_page ... ok
test ingested_traces_build_cases_through_the_application_router::case_3_explicit_span ... ok
test ingested_traces_build_cases_through_the_application_router::case_4_finding_evidence ... ok
test session_and_saved_dataset_survive_application_restart ... ok

test result: ok. 5 passed; 0 failed; 0 ignored; 0 measured; 0 filtered out; finished in 1.44s

     Running tests/evidence.rs (/Users/mfkhalil/Code/litellm-lens/runtime/target/debug/deps/evidence-e94b338152fe5d33)

running 9 tests
test citations_cannot_join_across_omitted_content::case_1_joined ... ok
test citations_cannot_join_across_omitted_content::case_2_omission_marker ... ok
test equal_length_edits_on_every_page_invalidate_reuse::case_1_first_character ... ok
test equal_length_edits_on_every_page_invalidate_reuse::case_2_within_first_page ... ok
test equal_length_edits_on_every_page_invalidate_reuse::case_4_start_of_second_page ... ok
test equal_length_edits_on_every_page_invalidate_reuse::case_3_end_of_first_page ... ok
test equal_length_edits_on_every_page_invalidate_reuse::case_5_within_second_page ... ok
test equal_length_edits_on_every_page_invalidate_reuse::case_6_last_character ... ok
test reads_search_citations_and_python_preserve_original_unicode_across_pages ... ok

test result: ok. 9 passed; 0 failed; 0 ignored; 0 measured; 0 filtered out; finished in 0.06s

     Running tests/journal.rs (/Users/mfkhalil/Code/litellm-lens/runtime/target/debug/deps/journal-9d251017ebd9bf87)

running 5 tests
test excerpts_match_the_serialized_history::case_2_without_initial ... ok
test excerpts_match_the_serialized_history::case_1_with_initial ... ok
test excerpts_match_the_serialized_history::case_3_second_turn ... ok
test small_unicode_excerpts_are_readable_from_history_over_32_mib::case_2_archived_turn ... ok
test small_unicode_excerpts_are_readable_from_history_over_32_mib::case_1_initial_context ... ok

test result: ok. 5 passed; 0 failed; 0 ignored; 0 measured; 0 filtered out; finished in 1.74s

     Running tests/receiver.rs (/Users/mfkhalil/Code/litellm-lens/runtime/target/debug/deps/receiver-f7b8b2dab7221ba2)

running 17 tests
test feedback_rows_are_written_to_the_feedback_table ... ok
test agent_picker_query_preserves_scope_through_the_internal_read_route ... ok
test feedback_summary_query_preserves_scope_through_the_internal_read_route ... ok
test ingestion_key_cannot_read_or_export_gateway_records ... ok
test ingestion_confirms_storage_and_overwrites_exporter_tenant ... ok
test internal_reads_refresh_delayed_gateway_amounts::case_1_list_paid ... ok
test internal_reads_refresh_delayed_gateway_amounts::case_2_list_zero ... ok
test internal_reads_refresh_delayed_gateway_amounts::case_3_detail_paid ... ok
test malformed_and_oversized_uploads_never_reach_storage ... ok
test newly_created_key_is_retryable_until_this_replica_has_refreshed ... ok
test no_storage_or_credentials_does_not_prevent_service_liveness ... ok
test only_the_service_secret_can_replace_ingestion_credentials ... ok
test replacing_credentials_revokes_previous_keys ... ok
test shared_ingress_prefix_exposes_uploads_without_internal_control_routes ... ok
test storage_failure_returns_retryable_otlp_error::case_1_refused ... ok
test storage_failure_returns_retryable_otlp_error::case_2_disk_full ... ok
test internal_reads_refresh_delayed_gateway_amounts::case_4_paged_zero ... ok

test result: ok. 17 passed; 0 failed; 0 ignored; 0 measured; 0 filtered out; finished in 10.54s

     Running tests/sandbox.rs (/Users/mfkhalil/Code/litellm-lens/runtime/target/debug/deps/sandbox-614fb3f12216a809)

running 0 tests

test result: ok. 0 passed; 0 failed; 0 ignored; 0 measured; 0 filtered out; finished in 0.00s

     Running tests/worker.rs (/Users/mfkhalil/Code/litellm-lens/runtime/target/debug/deps/worker-c442926d1a85318d)

running 18 tests
test candidate_control_failure_stops_the_run_without_publishing_partial_findings::case_2_model_access_denied ... ok
test candidate_control_failure_stops_the_run_without_publishing_partial_findings::case_1_budget_exhausted ... ok
test checkpoint_history_preserves_only_the_supplied_finding_summary ... ok
test configured_private_dns_names_are_reachable_without_following_redirects ... ok
test failed_reads_remain_retryable_after_storage_recovers::case_1_healthy_reads ... ok
test failed_reads_remain_retryable_after_storage_recovers::case_2_review_read_fails ... ok
test failed_reads_remain_retryable_after_storage_recovers::case_3_candidate_read_fails ... ok
test incompatible_claim_is_failed_without_calling_models ... ok
test model_contract_rejects_malformed_findings_and_repairs::case_1_wrong_title ... ok
test model_contract_rejects_malformed_findings_and_repairs::case_2_empty_evidence ... ok
test model_contract_rejects_malformed_findings_and_repairs::case_3_empty_test_cases ... ok
test model_failures_expose_only_bounded_sanitized_gateway_diagnostics::case_1_sanitized ... ok
test model_failures_expose_only_bounded_sanitized_gateway_diagnostics::case_2_raw_provider_error ... ok
test model_failures_expose_only_bounded_sanitized_gateway_diagnostics::case_3_oversized ... ok
test oversized_combined_tool_replies_remain_readable_after_a_checkpoint ... ok
test proxy_prefix_is_preserved_for_every_control_request ... ok
test worker_reviews_original_unicode_content_repairs_citations_and_submits_verified_finding ... ok
test candidate_control_failure_stops_the_run_without_publishing_partial_findings::case_3_model_retries_exhausted ... ok

test result: ok. 18 passed; 0 failed; 0 ignored; 0 measured; 0 filtered out; finished in 15.09s

     Running unittests src/lib.rs (/Users/mfkhalil/Code/litellm-lens/runtime/target/debug/deps/litellm_storage_clickhouse-69ad76cbbc85379e)

running 5 tests
test datasets::tests::retries_have_bounded_backoff::case_1_first_retry ... ok
test datasets::tests::retries_have_bounded_backoff::case_2_second_retry ... ok
test datasets::tests::retries_have_bounded_backoff::case_3_cap ... ok
test datasets::tests::retries_have_bounded_backoff::case_4_capped ... ok
test datasets::tests::retries_have_bounded_backoff::case_5_last_retry ... ok

test result: ok. 5 passed; 0 failed; 0 ignored; 0 measured; 0 filtered out; finished in 0.00s

     Running tests/connection.rs (/Users/mfkhalil/Code/litellm-lens/runtime/target/debug/deps/connection-c321a0ab5d420bd4)

running 7 tests
test accepts_only_clickhouse_http_urls::case_2_https ... ok
test accepts_only_clickhouse_http_urls::case_1_http ... ok
test accepts_only_clickhouse_http_urls::case_3_tcp ... ok
test accepts_only_clickhouse_http_urls::case_4_missing_host ... ok
test storage_rejects_invalid_database::case_1_empty ... ok
test storage_rejects_invalid_database::case_2_injection ... ok
test storage_uses_one_url_for_writes_and_bounded_reads ... ok

test result: ok. 7 passed; 0 failed; 0 ignored; 0 measured; 0 filtered out; finished in 0.00s

     Running tests/datasets.rs (/Users/mfkhalil/Code/litellm-lens/runtime/target/debug/deps/datasets-f59006f586023277)

running 29 tests
test concurrent_same_revision_has_one_winner_and_matching_summary ... ok
test corrupt_documents_are_unavailable_and_never_missing::case_1_latest ... ok
test concurrent_distinct_revisions_preserve_every_revision ... ok
test corrupt_documents_are_unavailable_and_never_missing::case_2_revision ... ok
test duplicate_revision_preserves_original_document_and_timestamp ... ok
test equal_revision_does_not_rewrite_a_preexisting_summary ... ok
test findings_keep_stored_order_and_only_requested_evidence ... ok
test immutable_revisions_keep_the_greatest_revision_as_latest ... ok
test legacy_documents_preserve_provenance_and_normalize_timestamps ... ok
test lens_records_without_findings_keep_the_default_empty_list ... ok
test malformed_lens_metadata_fails_closed::case_1_missing_scope ... ok
test malformed_lens_metadata_fails_closed::case_2_invalid_scope ... ok
test malformed_lens_metadata_fails_closed::case_3_unknown_scope_field ... ok
test malformed_lens_metadata_fails_closed::case_4_invalid_evidence ... ok
test missing_datasets_and_revisions_return_none::case_1_unknown_latest ... ok
test missing_datasets_and_revisions_return_none::case_2_unknown_revision ... ok
test missing_datasets_and_revisions_return_none::case_3_missing_revision ... ok
test missing_or_inaccessible_lenses_are_indistinguishable::case_1_missing ... ok
test missing_or_inaccessible_lenses_are_indistinguishable::case_2_other_team ... ok
test repository_errors_keep_conflicts_distinct_from_storage_outages::case_1_storage_conflict ... ok
test repository_errors_keep_conflicts_distinct_from_storage_outages::case_2_existing_head ... ok
test repository_errors_keep_conflicts_distinct_from_storage_outages::case_3_unavailable ... ok
test missing_or_inaccessible_lenses_are_indistinguishable::case_3_all_teams_target ... ok
test summary_pages_include_only_published_dataset_metadata ... ok
test summary_timestamp_ties_keep_key_order ... ok
test writes_match_python_record_keys_and_document_shape::case_1_unicode ... ok
test writes_match_python_record_keys_and_document_shape::case_2_unreserved ... ok
test writes_match_python_record_keys_and_document_shape::case_3_escaped ... ok
test saved_revisions_survive_owned_clickhouse_and_keeper_restart ... ok

test result: ok. 29 passed; 0 failed; 0 ignored; 0 measured; 0 filtered out; finished in 8.96s

     Running tests/migrations.rs (/Users/mfkhalil/Code/litellm-lens/runtime/target/debug/deps/migrations-5e694d29d637fe63)

running 11 tests
test applied_int64_versions_accept_numeric_and_quoted_json::case_2_quoted ... ok
test applied_int64_versions_accept_numeric_and_quoted_json::case_1_numeric ... ok
test edited_migration_checksum_returns_version_mismatch ... ok
test duplicate_ledger_rows_are_tolerated ... ok
test invalid_database_identifier_is_rejected ... ok
test failed_migration_is_not_recorded_and_retains_storage_error ... ok
test oversized_ledger_response_is_rejected_before_migrations ... ok
test revert_reports_forward_only_error ... ok
test schema_requests_override_unsafe_connection_settings ... ok
test only_pending_migrations_execute_on_the_second_run ... ok
test unknown_source_version_is_tolerated ... ok

test result: ok. 11 passed; 0 failed; 0 ignored; 0 measured; 0 filtered out; finished in 3.89s

     Running tests/state.rs (/Users/mfkhalil/Code/litellm-lens/runtime/target/debug/deps/state-374244279b3c43d0)

running 21 tests
test invalid_commits_fail_before_writing ... ok
test concurrent_claims_have_one_winner ... ok
test missing_payload_is_unavailable_and_never_returns_null ... ok
test payload_roundtrip_and_historical_resolve::case_1_text ... ok
test payload_roundtrip_and_historical_resolve::case_2_scalars ... ok
test publication_is_atomic_and_repeating_it_cannot_advance_state ... ok
test reads_python_payloads_and_advances_the_existing_head::case_1_scalars ... ok
test reads_python_payloads_and_advances_the_existing_head::case_2_unicode ... ok
test reads_python_payloads_and_advances_the_existing_head::case_3_tombstone ... ok
test isolated_container_restart_preserves_commits_and_fencing ... ok
test session_storage_failure_does_not_look_like_missing_session ... ok
test sessions_preserve_python_keys_conflicts_and_tombstones ... ok
test stale_progress_cannot_publish_its_checkpoint ... ok
test stored_session_validation::case_1_python_timestamp ... ok
test stored_session_validation::case_2_offset_timestamp ... ok
test stored_session_validation::case_3_no_timezone ... ok
test stored_session_validation::case_4_missing_field ... ok
test stored_session_validation::case_5_unknown_field ... ok
test tombstones_fence_stale_writes_and_keys_page_over_prepared_records ... ok
test update_retries_contention_and_noop_preserves_revision ... ok
test session_authentication_survives_forced_clickhouse_restart ... ok

test result: ok. 21 passed; 0 failed; 0 ignored; 0 measured; 0 filtered out; finished in 10.63s

     Running tests/state_transport.rs (/Users/mfkhalil/Code/litellm-lens/runtime/target/debug/deps/state_transport-05e3a9ac10eee6e2)

running 35 tests
test duplicate_or_undecodable_payloads_fail_closed::case_2_invalid_json ... ok
test duplicate_or_undecodable_payloads_fail_closed::case_1_duplicate ... ok
test encoded_commit_limit_is_enforced_before_upload::case_2_over_limit ... ok
test exception_headers_are_not_success_even_after_http_200::case_1_header ... ok
test exception_headers_are_not_success_even_after_http_200::case_2_unsuccessful_query ... ok
test failed_preparation_cannot_publish::case_1_head_insert ... ok
test failed_preparation_cannot_publish::case_2_payload_insert ... ok
test failures_keep_conflicts_distinct_from_outages::case_1_application_conflict ... ok
test failures_keep_conflicts_distinct_from_outages::case_2_other_throw ... ok
test failures_keep_conflicts_distinct_from_outages::case_3_keeper_conflict ... ok
test failures_keep_conflicts_distinct_from_outages::case_4_already_exists ... ok
test failures_keep_conflicts_distinct_from_outages::case_5_keeper_outage ... ok
test failures_keep_conflicts_distinct_from_outages::case_6_unknown ... ok
test heads_keep_requested_order_and_missing_keys::case_1_number ... ok
test heads_keep_requested_order_and_missing_keys::case_2_clickhouse_quoted ... ok
test invalid_references_are_rejected_without_storage::case_1_missing_digest ... ok
test invalid_references_are_rejected_without_storage::case_2_initial_has_digest ... ok
test malformed_heads_cannot_be_treated_as_missing_records::case_1_empty_digest ... ok
test malformed_heads_cannot_be_treated_as_missing_records::case_2_nonempty_initial ... ok
test malformed_heads_cannot_be_treated_as_missing_records::case_3_bad_digit ... ok
test malformed_heads_cannot_be_treated_as_missing_records::case_4_uppercase ... ok
test malformed_heads_cannot_be_treated_as_missing_records::case_5_short ... ok
test malformed_heads_cannot_be_treated_as_missing_records::case_6_unexpected_key ... ok
test malformed_heads_cannot_be_treated_as_missing_records::case_7_missing_field ... ok
test malformed_or_duplicate_rows_are_rejected::case_1_malformed ... ok
test malformed_or_duplicate_rows_are_rejected::case_2_duplicate ... ok
test multi_read_retries_when_heads_move_during_payload_fetch ... ok
test pinned_reads_validate_the_payload_and_identity::case_1_corrupt_data ... ok
test pinned_reads_validate_the_payload_and_identity::case_2_wrong_revision ... ok
test pinned_reads_validate_the_payload_and_identity::case_3_wrong_key ... ok
test encoded_commit_limit_is_enforced_before_upload::case_1_at_limit ... ok
test response_limit_is_enforced_before_json_decoding::case_2_over_limit ... ok
test transport_failure_is_not_a_conflict ... ok
test unsafe_connection_settings_cannot_relax_state_consistency ... ok
test response_limit_is_enforced_before_json_decoding::case_1_at_limit ... ok

test result: ok. 35 passed; 0 failed; 0 ignored; 0 measured; 0 filtered out; finished in 5.32s

     Running tests/transport.rs (/Users/mfkhalil/Code/litellm-lens/runtime/target/debug/deps/transport-b7e9a394b62e6b1a)

running 13 tests
test insert_rejects_invalid_identifiers::case_2_invalid_table ... ok
test insert_rejects_invalid_identifiers::case_1_invalid_database ... ok
test insert_timeout_environment_child ... ok
test read_rejects_empty_sql ... ok
test server_result_limits_allow_smaller_pages_without_retrying_other_failures::case_1_result_limit ... ok
test server_result_limits_allow_smaller_pages_without_retrying_other_failures::case_2_memory_limit ... ok
test server_result_limits_allow_smaller_pages_without_retrying_other_failures::case_3_timeout ... ok
test server_result_limits_allow_smaller_pages_without_retrying_other_failures::case_4_unknown ... ok
test typed_fetch_encodes_parameters_and_validates_rows::case_1_valid ... ok
test typed_fetch_encodes_parameters_and_validates_rows::case_2_wrong_type ... ok
test typed_fetch_encodes_parameters_and_validates_rows::case_3_missing_column ... ok
test typed_fetch_encodes_parameters_and_validates_rows::case_4_exception ... ok
test insert_timeout_environment_controls_transport ... ok

test result: ok. 13 passed; 0 failed; 0 ignored; 0 measured; 0 filtered out; finished in 2.54s

     Running unittests src/lib.rs (/Users/mfkhalil/Code/litellm-lens/runtime/target/debug/deps/litellm_traces-ebea6cdff3578fed)

running 81 tests
test normalize::format::claude_code::tests::llm_token_sum_overflow_is_rejected ... ok
test normalize::format::claude_code::tests::llm_tool_result_context_becomes_tool_message ... ok
test normalize::format::claude_code::tests::malformed_tool_input_falls_back_and_stays_in_attributes ... ok
test normalize::format::claude_code::tests::span_type_attribute_then_name_select_the_observation::case_1_span_type_wins ... ok
test normalize::format::claude_code::tests::notification_prompts_keep_user_provenance_and_compaction_is_system ... ok
test normalize::format::claude_code::tests::span_type_attribute_then_name_select_the_observation::case_2_name_fallback ... ok
test normalize::format::claude_code::tests::span_type_attribute_then_name_select_the_observation::case_3_unknown ... ok
test normalize::format::claude_code::tests::tool_output_prefers_event_then_context::case_1_event_output ... ok
test normalize::format::claude_code::tests::tool_output_prefers_event_then_context::case_2_event_diff ... ok
test normalize::format::claude_code::tests::tool_output_prefers_event_then_context::case_3_other_event_ignored ... ok
test normalize::format::claude_code::tests::tool_without_detailed_input_lists_known_arguments ... ok
test normalize::format::langsmith::tests::absent_llm_messages_render_as_an_empty_list ... ok
test normalize::format::langsmith::tests::tool_outputs_preserve_content_and_fallbacks::case_01_null ... ok
test normalize::format::langsmith::tests::malformed_messages_preserve_valid_input_and_response_id ... ok
test normalize::format::langsmith::tests::tool_outputs_preserve_content_and_fallbacks::case_02_string ... ok
test normalize::format::langsmith::tests::tool_outputs_preserve_content_and_fallbacks::case_03_wrapped_string ... ok
test normalize::format::langsmith::tests::tool_outputs_preserve_content_and_fallbacks::case_04_repeated_output ... ok
test normalize::format::langsmith::tests::tool_outputs_preserve_content_and_fallbacks::case_05_wrapped_content ... ok
test normalize::format::langsmith::tests::tool_outputs_preserve_content_and_fallbacks::case_06_last_command_message ... ok
test normalize::format::langsmith::tests::tool_outputs_preserve_content_and_fallbacks::case_07_direct_command ... ok
test normalize::format::langsmith::tests::tool_outputs_preserve_content_and_fallbacks::case_08_empty_command ... ok
test normalize::format::langsmith::tests::tool_outputs_preserve_content_and_fallbacks::case_09_arbitrary_object ... ok
test normalize::format::langsmith::tests::tool_outputs_preserve_content_and_fallbacks::case_10_arbitrary_array ... ok
test normalize::format::langsmith::tests::tool_outputs_preserve_content_and_fallbacks::case_11_malformed ... ok
test normalize::instrumentation::llama_index::tests::agent_name_requires_a_complete_nonempty_value::case_1_named ... ok
test normalize::instrumentation::llama_index::tests::agent_name_requires_a_complete_nonempty_value::case_2_missing ... ok
test normalize::instrumentation::llama_index::tests::agent_name_requires_a_complete_nonempty_value::case_3_empty ... ok
test normalize::instrumentation::llama_index::tests::agent_name_requires_a_complete_nonempty_value::case_4_unterminated ... ok
test normalize::messages::tests::state_conversation_preserves_flat_batch_semantics::case_1_lenient_flat ... ok
test normalize::messages::tests::state_conversation_preserves_flat_batch_semantics::case_2_nested ... ok
test normalize::messages::tests::state_conversation_preserves_flat_batch_semantics::case_3_empty ... ok
test normalize::messages::tests::state_preview_requires_a_valid_conversation::case_1_first_user ... ok
test normalize::messages::tests::state_preview_requires_a_valid_conversation::case_2_malformed ... ok
test normalize::messages::tests::state_preview_requires_a_valid_conversation::case_3_missing ... ok
test normalize::messages::tests::state_preview_requires_a_valid_conversation::case_4_not_messages ... ok
test normalize::tests::format_dispatch_preserves_precedence::case_1_langsmith ... ok
test normalize::tests::format_dispatch_preserves_precedence::case_2_openinference ... ok
test normalize::tests::format_dispatch_preserves_precedence::case_3_genai ... ok
test normalize::tests::format_dispatch_preserves_precedence::case_4_claude_code ... ok
test normalize::tests::token_counts_accept_surrounding_whitespace ... ok
test normalize::tests::token_counts_outside_storage_range_are_rejected::case_1_negative ... ok
test normalize::tests::token_counts_outside_storage_range_are_rejected::case_2_overflow ... ok
test resolve::graph::tests::traversal_stops_at_missing_parents_and_cycles::case_1_missing_parent ... ok
test resolve::graph::tests::traversal_follows_links_instead_of_export_order ... ok
test resolve::graph::tests::traversal_stops_at_missing_parents_and_cycles::case_2_self_link ... ok
test resolve::graph::tests::traversal_stops_at_missing_parents_and_cycles::case_3_cycle ... ok
test truncate::tests::long_history_drops_middle_messages_and_counts_them ... ok
test truncate::tests::other_payloads_are_byte_truncated::case_1_object ... ok
test truncate::tests::other_payloads_are_byte_truncated::case_2_single_message ... ok
test truncate::tests::other_payloads_are_byte_truncated::case_3_not_messages ... ok
test truncate::tests::oversized_messages_are_shortened_not_cut::case_1_huge_first ... ok
test truncate::tests::oversized_messages_are_shortened_not_cut::case_2_two_messages ... ok
test truncate::tests::oversized_messages_are_shortened_not_cut::case_3_huge_first_and_last ... ok
test truncate::tests::oversized_non_content_fields_fall_back_to_role_and_content ... ok
test truncate::tests::values_keep_a_whole_character_prefix::case_1_fits ... ok
test truncate::tests::values_keep_a_whole_character_prefix::case_2_ascii ... ok
test truncate::tests::values_keep_a_whole_character_prefix::case_3_splits_no_character ... ok
test ui::tests::assistant_summaries_become_assistant_messages ... ok
test ui::tests::assistant_tool_calls_keep_name_and_arguments::case_1_args ... ok
test ui::tests::assistant_tool_calls_keep_name_and_arguments::case_2_arguments ... ok
test ui::tests::assistant_tool_calls_keep_name_and_arguments::case_3_openai ... ok
test ui::tests::block_content_keeps_only_display_text::case_1_text_blocks ... ok
test ui::tests::block_content_keeps_only_display_text::case_2_unrecognized_block ... ok
test ui::tests::block_content_keeps_only_display_text::case_3_number ... ok
test ui::tests::langchain_kwargs_are_unwrapped ... ok
test ui::tests::message_arrays_map_roles_and_keep_order ... ok
test ui::tests::near_summaries_stay_text::case_1_extra_field ... ok
test ui::tests::near_summaries_stay_text::case_2_missing_tool_names ... ok
test ui::tests::objects_that_are_not_messages_are_fields::case_1_role_without_content ... ok
test ui::tests::objects_that_are_not_messages_are_fields::case_2_kwargs_not_a_message ... ok
test ui::tests::other_payloads_are_text::case_1_json_string ... ok
test ui::tests::other_payloads_are_text::case_2_cut_json ... ok
test ui::tests::other_payloads_are_text::case_3_plain_words ... ok
test ui::tests::other_payloads_are_text::case_4_number ... ok
test ui::tests::other_payloads_are_text::case_5_non_message_list ... ok
test ui::tests::other_payloads_are_text::case_6_message_fields_are_not_a_message ... ok
test ui::tests::other_payloads_are_text::case_7_empty_list ... ok
test ui::tests::other_payloads_are_text::case_8_empty ... ok
test ui::tests::plain_objects_become_fields_in_key_order ... ok
test ui::tests::unknown_role_with_tool_calls_is_the_assistant ... ok
test truncate::tests::kept_messages_count_their_separators_against_the_limit ... ok

test result: ok. 81 passed; 0 failed; 0 ignored; 0 measured; 0 filtered out; finished in 0.06s

     Running tests/captures.rs (/Users/mfkhalil/Code/litellm-lens/runtime/target/debug/deps/captures-344bfd9ef8404dbf)

running 129 tests
test captured_trace_cost_matches_spend_logs::spend_logs_01__UP_traces_clickhouse_tests_fixtures_claude_agent_sdk_missing_re ... ok
test captured_trace_cost_matches_spend_logs::spend_logs_03__UP_traces_clickhouse_tests_fixtures_claude_agent_sdk_simple_spe ... ok
test captured_trace_cost_matches_spend_logs::spend_logs_02__UP_traces_clickhouse_tests_fixtures_claude_agent_sdk_missing_re ... ok
test captured_trace_cost_matches_spend_logs::spend_logs_05__UP_traces_clickhouse_tests_fixtures_crewai_simple_spend_logs_js ... ok
test captured_trace_cost_matches_spend_logs::spend_logs_04__UP_traces_clickhouse_tests_fixtures_claude_agent_sdk_swarm_spen ... ok
test captured_trace_cost_matches_spend_logs::spend_logs_06__UP_traces_clickhouse_tests_fixtures_crewai_swarm_spend_logs_jso ... ok
test captured_trace_cost_matches_spend_logs::spend_logs_07__UP_traces_clickhouse_tests_fixtures_deepagents_simple_spend_log ... ok
test captured_trace_cost_matches_spend_logs::spend_logs_09__UP_traces_clickhouse_tests_fixtures_google_adk_billed_failure_s ... ok
test captured_trace_cost_matches_spend_logs::spend_logs_10__UP_traces_clickhouse_tests_fixtures_google_adk_retry_spend_logs ... ok
test captured_trace_cost_matches_spend_logs::spend_logs_11__UP_traces_clickhouse_tests_fixtures_google_adk_simple_spend_log ... ok
test captured_trace_cost_matches_spend_logs::spend_logs_12__UP_traces_clickhouse_tests_fixtures_google_adk_stream_spend_log ... ok
test captured_trace_cost_matches_spend_logs::spend_logs_08__UP_traces_clickhouse_tests_fixtures_deepagents_swarm_spend_logs ... ok
test captured_trace_cost_matches_spend_logs::spend_logs_14__UP_traces_clickhouse_tests_fixtures_langchain_simple_spend_logs ... ok
test captured_trace_cost_matches_spend_logs::spend_logs_13__UP_traces_clickhouse_tests_fixtures_google_adk_swarm_spend_logs ... ok
test captured_trace_cost_matches_spend_logs::spend_logs_16__UP_traces_clickhouse_tests_fixtures_langgraph_simple_spend_logs ... ok
test captured_trace_cost_matches_spend_logs::spend_logs_17__UP_traces_clickhouse_tests_fixtures_langgraph_swarm_spend_logs_ ... ok
test captured_trace_cost_matches_spend_logs::spend_logs_15__UP_traces_clickhouse_tests_fixtures_langchain_swarm_spend_logs_ ... ok
test captured_trace_cost_matches_spend_logs::spend_logs_18__UP_traces_clickhouse_tests_fixtures_llamaindex_simple_spend_log ... ok
test captured_trace_cost_matches_spend_logs::spend_logs_20__UP_traces_clickhouse_tests_fixtures_mastra_simple_spend_logs_js ... ok
test captured_trace_cost_matches_spend_logs::spend_logs_19__UP_traces_clickhouse_tests_fixtures_llamaindex_swarm_spend_logs ... ok
test captured_trace_cost_matches_spend_logs::spend_logs_21__UP_traces_clickhouse_tests_fixtures_mastra_swarm_spend_logs_jso ... ok
test captured_trace_cost_matches_spend_logs::spend_logs_22__UP_traces_clickhouse_tests_fixtures_openai_agents_simple_spend_ ... ok
test captured_trace_cost_matches_spend_logs::spend_logs_24__UP_traces_clickhouse_tests_fixtures_opentelemetry_simple_spend_ ... ok
test captured_trace_cost_matches_spend_logs::spend_logs_25__UP_traces_clickhouse_tests_fixtures_opentelemetry_swarm_spend_l ... ok
test captured_trace_cost_matches_spend_logs::spend_logs_26__UP_traces_clickhouse_tests_fixtures_pydantic_ai_billed_failure_ ... ok
test captured_trace_cost_matches_spend_logs::spend_logs_23__UP_traces_clickhouse_tests_fixtures_openai_agents_swarm_spend_l ... ok
test captured_trace_cost_matches_spend_logs::spend_logs_27__UP_traces_clickhouse_tests_fixtures_pydantic_ai_retry_spend_log ... ok
test captured_trace_cost_matches_spend_logs::spend_logs_28__UP_traces_clickhouse_tests_fixtures_pydantic_ai_simple_spend_lo ... ok
test captured_trace_cost_matches_spend_logs::spend_logs_29__UP_traces_clickhouse_tests_fixtures_pydantic_ai_stream_spend_lo ... ok
test captured_trace_cost_matches_spend_logs::spend_logs_30__UP_traces_clickhouse_tests_fixtures_pydantic_ai_swarm_spend_log ... ok
test captured_trace_cost_matches_spend_logs::spend_logs_31__UP_traces_clickhouse_tests_fixtures_pydantic_ai_swarm_stream_sp ... ok
test captured_trace_cost_matches_spend_logs::spend_logs_33__UP_traces_clickhouse_tests_fixtures_strands_billed_failure_spen ... ok
test captured_trace_cost_matches_spend_logs::spend_logs_32__UP_traces_clickhouse_tests_fixtures_pydantic_ai_token_limit_swa ... ok
test captured_trace_cost_matches_spend_logs::spend_logs_34__UP_traces_clickhouse_tests_fixtures_strands_retry_spend_logs_js ... ok
test captured_trace_cost_matches_spend_logs::spend_logs_35__UP_traces_clickhouse_tests_fixtures_strands_simple_spend_logs_j ... ok
test captured_trace_cost_matches_spend_logs::spend_logs_37__UP_traces_clickhouse_tests_fixtures_vercel_ai_sdk_billed_failur ... ok
test captured_trace_cost_matches_spend_logs::spend_logs_38__UP_traces_clickhouse_tests_fixtures_vercel_ai_sdk_py_simple_spe ... ok
test captured_trace_cost_matches_spend_logs::spend_logs_36__UP_traces_clickhouse_tests_fixtures_strands_swarm_spend_logs_js ... ok
test captured_trace_cost_matches_spend_logs::spend_logs_40__UP_traces_clickhouse_tests_fixtures_vercel_ai_sdk_retry_spend_l ... ok
test captured_trace_cost_matches_spend_logs::spend_logs_39__UP_traces_clickhouse_tests_fixtures_vercel_ai_sdk_py_swarm_spen ... ok
test captured_trace_cost_matches_spend_logs::spend_logs_41__UP_traces_clickhouse_tests_fixtures_vercel_ai_sdk_simple_spend_ ... ok
test captured_trace_cost_matches_spend_logs::spend_logs_42__UP_traces_clickhouse_tests_fixtures_vercel_ai_sdk_stream_spend_ ... ok
test redundant_genai_response_id_keeps_call_evidence::spend_logs_01__UP_traces_clickhouse_tests_fixtures_claude_agent_sdk_missing_re ... ok
test captured_trace_cost_matches_spend_logs::spend_logs_43__UP_traces_clickhouse_tests_fixtures_vercel_ai_sdk_swarm_spend_l ... ok
test redundant_genai_response_id_keeps_call_evidence::spend_logs_03__UP_traces_clickhouse_tests_fixtures_claude_agent_sdk_simple_spe ... ok
test redundant_genai_response_id_keeps_call_evidence::spend_logs_02__UP_traces_clickhouse_tests_fixtures_claude_agent_sdk_missing_re ... ok
test redundant_genai_response_id_keeps_call_evidence::spend_logs_04__UP_traces_clickhouse_tests_fixtures_claude_agent_sdk_swarm_spen ... ok
test redundant_genai_response_id_keeps_call_evidence::spend_logs_05__UP_traces_clickhouse_tests_fixtures_crewai_simple_spend_logs_js ... ok
test redundant_genai_response_id_keeps_call_evidence::spend_logs_07__UP_traces_clickhouse_tests_fixtures_deepagents_simple_spend_log ... ok
test redundant_genai_response_id_keeps_call_evidence::spend_logs_06__UP_traces_clickhouse_tests_fixtures_crewai_swarm_spend_logs_jso ... ok
test redundant_genai_response_id_keeps_call_evidence::spend_logs_09__UP_traces_clickhouse_tests_fixtures_google_adk_billed_failure_s ... ok
test redundant_genai_response_id_keeps_call_evidence::spend_logs_10__UP_traces_clickhouse_tests_fixtures_google_adk_retry_spend_logs ... ok
test redundant_genai_response_id_keeps_call_evidence::spend_logs_11__UP_traces_clickhouse_tests_fixtures_google_adk_simple_spend_log ... ok
test redundant_genai_response_id_keeps_call_evidence::spend_logs_12__UP_traces_clickhouse_tests_fixtures_google_adk_stream_spend_log ... ok
test redundant_genai_response_id_keeps_call_evidence::spend_logs_13__UP_traces_clickhouse_tests_fixtures_google_adk_swarm_spend_logs ... ok
test redundant_genai_response_id_keeps_call_evidence::spend_logs_14__UP_traces_clickhouse_tests_fixtures_langchain_simple_spend_logs ... ok
test redundant_genai_response_id_keeps_call_evidence::spend_logs_15__UP_traces_clickhouse_tests_fixtures_langchain_swarm_spend_logs_ ... ok
test redundant_genai_response_id_keeps_call_evidence::spend_logs_16__UP_traces_clickhouse_tests_fixtures_langgraph_simple_spend_logs ... ok
test redundant_genai_response_id_keeps_call_evidence::spend_logs_08__UP_traces_clickhouse_tests_fixtures_deepagents_swarm_spend_logs ... ok
test redundant_genai_response_id_keeps_call_evidence::spend_logs_17__UP_traces_clickhouse_tests_fixtures_langgraph_swarm_spend_logs_ ... ok
test redundant_genai_response_id_keeps_call_evidence::spend_logs_18__UP_traces_clickhouse_tests_fixtures_llamaindex_simple_spend_log ... ok
test redundant_genai_response_id_keeps_call_evidence::spend_logs_20__UP_traces_clickhouse_tests_fixtures_mastra_simple_spend_logs_js ... ok
test redundant_genai_response_id_keeps_call_evidence::spend_logs_21__UP_traces_clickhouse_tests_fixtures_mastra_swarm_spend_logs_jso ... ok
test redundant_genai_response_id_keeps_call_evidence::spend_logs_22__UP_traces_clickhouse_tests_fixtures_openai_agents_simple_spend_ ... ok
test redundant_genai_response_id_keeps_call_evidence::spend_logs_19__UP_traces_clickhouse_tests_fixtures_llamaindex_swarm_spend_logs ... ok
test redundant_genai_response_id_keeps_call_evidence::spend_logs_24__UP_traces_clickhouse_tests_fixtures_opentelemetry_simple_spend_ ... ok
test redundant_genai_response_id_keeps_call_evidence::spend_logs_25__UP_traces_clickhouse_tests_fixtures_opentelemetry_swarm_spend_l ... ok
test redundant_genai_response_id_keeps_call_evidence::spend_logs_26__UP_traces_clickhouse_tests_fixtures_pydantic_ai_billed_failure_ ... ok
test redundant_genai_response_id_keeps_call_evidence::spend_logs_27__UP_traces_clickhouse_tests_fixtures_pydantic_ai_retry_spend_log ... ok
test redundant_genai_response_id_keeps_call_evidence::spend_logs_28__UP_traces_clickhouse_tests_fixtures_pydantic_ai_simple_spend_lo ... ok
test redundant_genai_response_id_keeps_call_evidence::spend_logs_29__UP_traces_clickhouse_tests_fixtures_pydantic_ai_stream_spend_lo ... ok
test redundant_genai_response_id_keeps_call_evidence::spend_logs_30__UP_traces_clickhouse_tests_fixtures_pydantic_ai_swarm_spend_log ... ok
test redundant_genai_response_id_keeps_call_evidence::spend_logs_23__UP_traces_clickhouse_tests_fixtures_openai_agents_swarm_spend_l ... ok
test redundant_genai_response_id_keeps_call_evidence::spend_logs_31__UP_traces_clickhouse_tests_fixtures_pydantic_ai_swarm_stream_sp ... ok
test redundant_genai_response_id_keeps_call_evidence::spend_logs_33__UP_traces_clickhouse_tests_fixtures_strands_billed_failure_spen ... ok
test redundant_genai_response_id_keeps_call_evidence::spend_logs_32__UP_traces_clickhouse_tests_fixtures_pydantic_ai_token_limit_swa ... ok
test redundant_genai_response_id_keeps_call_evidence::spend_logs_34__UP_traces_clickhouse_tests_fixtures_strands_retry_spend_logs_js ... ok
test redundant_genai_response_id_keeps_call_evidence::spend_logs_35__UP_traces_clickhouse_tests_fixtures_strands_simple_spend_logs_j ... ok
test redundant_genai_response_id_keeps_call_evidence::spend_logs_37__UP_traces_clickhouse_tests_fixtures_vercel_ai_sdk_billed_failur ... ok
test redundant_genai_response_id_keeps_call_evidence::spend_logs_38__UP_traces_clickhouse_tests_fixtures_vercel_ai_sdk_py_simple_spe ... ok
test redundant_genai_response_id_keeps_call_evidence::spend_logs_36__UP_traces_clickhouse_tests_fixtures_strands_swarm_spend_logs_js ... ok
test redundant_genai_response_id_keeps_call_evidence::spend_logs_40__UP_traces_clickhouse_tests_fixtures_vercel_ai_sdk_retry_spend_l ... ok
test redundant_genai_response_id_keeps_call_evidence::spend_logs_41__UP_traces_clickhouse_tests_fixtures_vercel_ai_sdk_simple_spend_ ... ok
test redundant_genai_response_id_keeps_call_evidence::spend_logs_39__UP_traces_clickhouse_tests_fixtures_vercel_ai_sdk_py_swarm_spen ... ok
test redundant_genai_response_id_keeps_call_evidence::spend_logs_42__UP_traces_clickhouse_tests_fixtures_vercel_ai_sdk_stream_spend_ ... ok
test unrelated_sibling_transport_leaves_cost_unchanged::spend_logs_01__UP_traces_clickhouse_tests_fixtures_claude_agent_sdk_missing_re ... ok
test redundant_genai_response_id_keeps_call_evidence::spend_logs_43__UP_traces_clickhouse_tests_fixtures_vercel_ai_sdk_swarm_spend_l ... ok
test unrelated_sibling_transport_leaves_cost_unchanged::spend_logs_03__UP_traces_clickhouse_tests_fixtures_claude_agent_sdk_simple_spe ... ok
test unrelated_sibling_transport_leaves_cost_unchanged::spend_logs_02__UP_traces_clickhouse_tests_fixtures_claude_agent_sdk_missing_re ... ok
test unrelated_sibling_transport_leaves_cost_unchanged::spend_logs_05__UP_traces_clickhouse_tests_fixtures_crewai_simple_spend_logs_js ... ok
test unrelated_sibling_transport_leaves_cost_unchanged::spend_logs_06__UP_traces_clickhouse_tests_fixtures_crewai_swarm_spend_logs_jso ... ok
test unrelated_sibling_transport_leaves_cost_unchanged::spend_logs_04__UP_traces_clickhouse_tests_fixtures_claude_agent_sdk_swarm_spen ... ok
test unrelated_sibling_transport_leaves_cost_unchanged::spend_logs_07__UP_traces_clickhouse_tests_fixtures_deepagents_simple_spend_log ... ok
test unrelated_sibling_transport_leaves_cost_unchanged::spend_logs_09__UP_traces_clickhouse_tests_fixtures_google_adk_billed_failure_s ... ok
test unrelated_sibling_transport_leaves_cost_unchanged::spend_logs_10__UP_traces_clickhouse_tests_fixtures_google_adk_retry_spend_logs ... ok
test unrelated_sibling_transport_leaves_cost_unchanged::spend_logs_11__UP_traces_clickhouse_tests_fixtures_google_adk_simple_spend_log ... ok
test unrelated_sibling_transport_leaves_cost_unchanged::spend_logs_12__UP_traces_clickhouse_tests_fixtures_google_adk_stream_spend_log ... ok
test unrelated_sibling_transport_leaves_cost_unchanged::spend_logs_08__UP_traces_clickhouse_tests_fixtures_deepagents_swarm_spend_logs ... ok
test unrelated_sibling_transport_leaves_cost_unchanged::spend_logs_14__UP_traces_clickhouse_tests_fixtures_langchain_simple_spend_logs ... ok
test unrelated_sibling_transport_leaves_cost_unchanged::spend_logs_13__UP_traces_clickhouse_tests_fixtures_google_adk_swarm_spend_logs ... ok
test unrelated_sibling_transport_leaves_cost_unchanged::spend_logs_16__UP_traces_clickhouse_tests_fixtures_langgraph_simple_spend_logs ... ok
test unrelated_sibling_transport_leaves_cost_unchanged::spend_logs_17__UP_traces_clickhouse_tests_fixtures_langgraph_swarm_spend_logs_ ... ok
test unrelated_sibling_transport_leaves_cost_unchanged::spend_logs_18__UP_traces_clickhouse_tests_fixtures_llamaindex_simple_spend_log ... ok
test unrelated_sibling_transport_leaves_cost_unchanged::spend_logs_15__UP_traces_clickhouse_tests_fixtures_langchain_swarm_spend_logs_ ... ok
test unrelated_sibling_transport_leaves_cost_unchanged::spend_logs_20__UP_traces_clickhouse_tests_fixtures_mastra_simple_spend_logs_js ... ok
test unrelated_sibling_transport_leaves_cost_unchanged::spend_logs_19__UP_traces_clickhouse_tests_fixtures_llamaindex_swarm_spend_logs ... ok
test unrelated_sibling_transport_leaves_cost_unchanged::spend_logs_21__UP_traces_clickhouse_tests_fixtures_mastra_swarm_spend_logs_jso ... ok
test unrelated_sibling_transport_leaves_cost_unchanged::spend_logs_22__UP_traces_clickhouse_tests_fixtures_openai_agents_simple_spend_ ... ok
test unrelated_sibling_transport_leaves_cost_unchanged::spend_logs_24__UP_traces_clickhouse_tests_fixtures_opentelemetry_simple_spend_ ... ok
test unrelated_sibling_transport_leaves_cost_unchanged::spend_logs_25__UP_traces_clickhouse_tests_fixtures_opentelemetry_swarm_spend_l ... ok
test unrelated_sibling_transport_leaves_cost_unchanged::spend_logs_26__UP_traces_clickhouse_tests_fixtures_pydantic_ai_billed_failure_ ... ok
test unrelated_sibling_transport_leaves_cost_unchanged::spend_logs_27__UP_traces_clickhouse_tests_fixtures_pydantic_ai_retry_spend_log ... ok
test unrelated_sibling_transport_leaves_cost_unchanged::spend_logs_28__UP_traces_clickhouse_tests_fixtures_pydantic_ai_simple_spend_lo ... ok
test unrelated_sibling_transport_leaves_cost_unchanged::spend_logs_29__UP_traces_clickhouse_tests_fixtures_pydantic_ai_stream_spend_lo ... ok
test unrelated_sibling_transport_leaves_cost_unchanged::spend_logs_23__UP_traces_clickhouse_tests_fixtures_openai_agents_swarm_spend_l ... ok
test unrelated_sibling_transport_leaves_cost_unchanged::spend_logs_30__UP_traces_clickhouse_tests_fixtures_pydantic_ai_swarm_spend_log ... ok
test unrelated_sibling_transport_leaves_cost_unchanged::spend_logs_31__UP_traces_clickhouse_tests_fixtures_pydantic_ai_swarm_stream_sp ... ok
test unrelated_sibling_transport_leaves_cost_unchanged::spend_logs_32__UP_traces_clickhouse_tests_fixtures_pydantic_ai_token_limit_swa ... ok
test unrelated_sibling_transport_leaves_cost_unchanged::spend_logs_33__UP_traces_clickhouse_tests_fixtures_strands_billed_failure_spen ... ok
test unrelated_sibling_transport_leaves_cost_unchanged::spend_logs_34__UP_traces_clickhouse_tests_fixtures_strands_retry_spend_logs_js ... ok
test unrelated_sibling_transport_leaves_cost_unchanged::spend_logs_35__UP_traces_clickhouse_tests_fixtures_strands_simple_spend_logs_j ... ok
test unrelated_sibling_transport_leaves_cost_unchanged::spend_logs_37__UP_traces_clickhouse_tests_fixtures_vercel_ai_sdk_billed_failur ... ok
test unrelated_sibling_transport_leaves_cost_unchanged::spend_logs_38__UP_traces_clickhouse_tests_fixtures_vercel_ai_sdk_py_simple_spe ... ok
test unrelated_sibling_transport_leaves_cost_unchanged::spend_logs_36__UP_traces_clickhouse_tests_fixtures_strands_swarm_spend_logs_js ... ok
test unrelated_sibling_transport_leaves_cost_unchanged::spend_logs_40__UP_traces_clickhouse_tests_fixtures_vercel_ai_sdk_retry_spend_l ... ok
test unrelated_sibling_transport_leaves_cost_unchanged::spend_logs_39__UP_traces_clickhouse_tests_fixtures_vercel_ai_sdk_py_swarm_spen ... ok
test unrelated_sibling_transport_leaves_cost_unchanged::spend_logs_41__UP_traces_clickhouse_tests_fixtures_vercel_ai_sdk_simple_spend_ ... ok
test unrelated_sibling_transport_leaves_cost_unchanged::spend_logs_42__UP_traces_clickhouse_tests_fixtures_vercel_ai_sdk_stream_spend_ ... ok
test unrelated_sibling_transport_leaves_cost_unchanged::spend_logs_43__UP_traces_clickhouse_tests_fixtures_vercel_ai_sdk_swarm_spend_l ... ok

test result: ok. 129 passed; 0 failed; 0 ignored; 0 measured; 0 filtered out; finished in 0.25s

     Running tests/normalization_formats.rs (/Users/mfkhalil/Code/litellm-lens/runtime/target/debug/deps/normalization_formats-79ace635adc9ebcb)

running 83 tests
test absent_normalized_identity_fields_stay_absent ... ok
test convention_markers_keep_genai_call_evidence::case_1_langsmith ... ok
test convention_markers_keep_genai_call_evidence::case_2_logfire ... ok
test convention_markers_keep_genai_call_evidence::case_3_traceloop ... ok
test existing_formats_win_over_new_formats::case_1_langsmith ... ok
test convention_markers_keep_genai_call_evidence::case_4_vercel ... ok
test existing_formats_win_over_new_formats::case_2_openinference ... ok
test gateway_attempt_contract_requires_recorded_request_boundary::case_1_request ... ok
test gateway_attempt_contract_requires_recorded_request_boundary::case_2_unrelated_scope ... ok
test gateway_attempt_contract_requires_recorded_request_boundary::case_3_unrelated_span ... ok
test gateway_attempt_contract_requires_recorded_request_boundary::case_4_missing_contract ... ok
test gateway_attempt_contract_requires_recorded_request_boundary::case_5_disabled_contract ... ok
test gateway_attempt_contract_requires_recorded_request_boundary::case_6_unrelated_method ... ok
test genai_choice_events_support_flattened_tool_calls ... ok
test genai_event_envelopes_preserve_field_precedence::case_1_nested_wins ... ok
test genai_event_envelopes_preserve_field_precedence::case_2_nested_missing_uses_dotted ... ok
test genai_event_envelopes_preserve_field_precedence::case_3_null_message_uses_dotted ... ok
test genai_event_envelopes_preserve_field_precedence::case_4_null_content_shadows_dotted ... ok
test genai_event_envelopes_preserve_field_precedence::case_5_null_role_shadows_dotted ... ok
test genai_event_envelopes_preserve_field_precedence::case_6_null_calls_shadow_indexed ... ok
test genai_event_envelopes_preserve_field_precedence::case_7_nested_indexed_calls ... ok
test genai_indexed_messages_support_sparse_indices::case_1_flat ... ok
test genai_indexed_tool_only_completion_keeps_calls ... ok
test genai_indexed_messages_support_sparse_indices::case_2_wrapped ... ok
test genai_message_payloads_preserve_non_conversations::case_1_single_message ... ok
test genai_message_payloads_preserve_non_conversations::case_2_message_batch ... ok
test genai_message_events_extract_content_and_choice_tools ... ok
test genai_message_payloads_preserve_non_conversations::case_3_malformed_batch ... ok
test genai_message_payloads_preserve_non_conversations::case_4_message_fields_are_not_a_message ... ok
test genai_message_payloads_preserve_non_conversations::case_5_role_without_content ... ok
test genai_model_operations_with_a_response_id_are_complete_calls::case_1_chat ... ok
test genai_model_operations_with_a_response_id_are_complete_calls::case_2_text_completion ... ok
test genai_model_operations_with_a_response_id_are_complete_calls::case_3_generate_content ... ok
test genai_model_operations_with_a_response_id_are_complete_calls::case_4_agent ... ok
test genai_model_operations_with_a_response_id_are_complete_calls::case_5_tool ... ok
test genai_payload_precedence::case_1_messages ... ok
test genai_payload_precedence::case_2_indexed ... ok
test genai_payload_precedence::case_3_events ... ok
test generic_ids_do_not_prove_call_completeness::case_1_unknown ... ok
test generic_ids_do_not_prove_call_completeness::case_2_gateway ... ok
test generic_ids_do_not_prove_call_completeness::case_3_other_format ... ok
test input_preview_is_the_first_user_message ... ok
test invalid_nested_event_messages_do_not_use_root_fields::case_1_null ... ok
test invalid_nested_event_messages_do_not_use_root_fields::case_2_array ... ok
test invalid_nested_event_messages_do_not_use_root_fields::case_3_number ... ok
test langsmith_consumption_follows_selected_payloads::case_1_both ... ok
test langsmith_consumption_follows_selected_payloads::case_2_input_only ... ok
test langsmith_consumption_follows_selected_payloads::case_3_output_only ... ok
test langsmith_kind_preserves_genai_indexed_payloads ... ok
test langsmith_response_id_is_complete_without_legacy_payloads::case_1_with_output_messages ... ok
test langsmith_response_id_is_complete_without_legacy_payloads::case_2_without_output_messages ... ok
test legacy_operation_names_are_classified::case_1_embedding ... ok
test legacy_operation_names_are_classified::case_2_completion ... ok
test legacy_token_counts_preserve_range_validation::case_1_vercel ... ok
test legacy_token_counts_preserve_range_validation::case_2_deprecated ... ok
test logfire_prompt_and_final_result_override_event_fallback ... ok
test logfire_splits_recorded_message_events::case_1_all_messages ... ok
test logfire_splits_recorded_message_events::case_2_events ... ok
test malformed_json_preserves_recorded_payloads::case_1_vercel ... ok
test malformed_json_preserves_recorded_payloads::case_2_traceloop ... ok
test modern_genai_fields_take_precedence::case_1_vercel ... ok
test modern_genai_fields_take_precedence::case_2_logfire ... ok
test native_claude_preserves_the_provider_id_family::case_1_request ... ok
test native_claude_preserves_the_provider_id_family::case_2_legacy_message ... ok
test native_claude_prompts_preserve_notification_text_and_user_role::case_1_interaction ... ok
test native_claude_prompts_preserve_notification_text_and_user_role::case_2_model_context ... ok
test openinference_provider_response_identity::case_1_provider ... ok
test openinference_provider_response_identity::case_2_llamaindex ... ok
test openinference_provider_response_identity::case_3_missing ... ok
test openinference_provider_response_identity::case_4_invalid ... ok
test traceloop_extracts_entity_payloads_and_role::case_1_agent ... ok
test traceloop_extracts_entity_payloads_and_role::case_2_workflow ... ok
test traceloop_extracts_entity_payloads_and_role::case_3_task ... ok
test traceloop_extracts_entity_payloads_and_role::case_4_tool ... ok
test traceloop_request_type_is_used_without_entity_kind::case_1_embedding ... ok
test traceloop_request_type_is_used_without_entity_kind::case_2_chat ... ok
test transport_contract_keeps_independent_call_ids ... ok
test unrelated_prompt_attributes_do_not_trigger_logfire ... ok
test vercel_embedding_records_usage_and_input ... ok
test vercel_preserves_messages_and_tool_calls::case_2_stream ... ok
test vercel_preserves_messages_and_tool_calls::case_1_generate ... ok
test vercel_tool_records_arguments_result_and_identity ... ok
test vercel_prompt_includes_system_and_user_messages ... ok

test result: ok. 83 passed; 0 failed; 0 ignored; 0 measured; 0 filtered out; finished in 0.01s

     Running tests/normalize.rs (/Users/mfkhalil/Code/litellm-lens/runtime/target/debug/deps/normalize-23f25b7247f8c8d6)

running 103 tests
test call_keys_reject_non_string_json::case_2_number ... ok
test call_keys_reject_non_string_json::case_1_null ... ok
test call_keys_reject_non_string_json::case_4_array ... ok
test call_keys_reject_non_string_json::case_3_object ... ok
test call_keys_round_trip_through_storage::case_2_response ... ok
test call_keys_round_trip_through_storage::case_1_request ... ok
test call_keys_round_trip_through_storage::case_4_transport ... ok
test call_keys_round_trip_through_storage::case_3_provider_request ... ok
test call_keys_round_trip_through_storage::case_5_gateway_attempt ... ok
test fixture_normalization::case_02_claude_agent_sdk_export ... ok
test fixture_normalization::case_03_claude_agent_sdk_simple ... ok
test fixture_normalization::case_01_claude_agent_sdk_detailed_export ... ok
test fixture_normalization::case_05_claude_missing_id_simple ... ok
test fixture_normalization::case_04_claude_agent_sdk_swarm ... ok
test fixture_normalization::case_07_crewai_simple ... ok
test fixture_normalization::case_06_claude_missing_id_swarm ... ok
test fixture_normalization::case_09_deepagents_simple ... ok
test fixture_normalization::case_08_crewai_swarm ... ok
test fixture_normalization::case_11_google_adk_simple ... ok
test fixture_normalization::case_12_google_adk_swarm ... ok
test fixture_normalization::case_13_langchain_simple ... ok
test fixture_normalization::case_10_deepagents_swarm ... ok
test fixture_normalization::case_15_langgraph_simple ... ok
test fixture_normalization::case_16_langgraph_swarm ... ok
test fixture_normalization::case_14_langchain_swarm ... ok
test fixture_normalization::case_17_langsmith_deep_agent_export ... ok
test fixture_normalization::case_18_llamaindex_simple ... ok
test fixture_normalization::case_20_openai_agents_simple ... ok
test fixture_normalization::case_19_llamaindex_swarm ... ok
test fixture_normalization::case_21_openai_agents_swarm ... ok
test fixture_normalization::case_22_opentelemetry_simple ... ok
test fixture_normalization::case_23_opentelemetry_swarm ... ok
test fixture_normalization::case_24_pydantic_ai_simple ... ok
test fixture_normalization::case_26_pydantic_ai_token_limit_swarm ... ok
test fixture_normalization::case_27_query_alternate ... ok
test fixture_normalization::case_28_query_children ... ok
test fixture_normalization::case_29_query_other_team ... ok
test fixture_normalization::case_30_query_root ... ok
test fixture_normalization::case_31_strands_simple ... ok
test fixture_normalization::case_25_pydantic_ai_swarm ... ok
test fixture_normalization::case_33_vercel_ai_sdk_simple ... ok
test fixture_normalization::case_32_strands_swarm ... ok
test fixture_normalization::case_34_vercel_ai_sdk_swarm ... ok
test fixture_normalization::case_35_google_adk_stream ... ok
test fixture_normalization::case_36_google_adk_retry ... ok
test fixture_normalization::case_38_pydantic_ai_stream ... ok
test fixture_normalization::case_37_google_adk_billed_failure ... ok
test fixture_normalization::case_40_pydantic_ai_retry ... ok
test fixture_normalization::case_41_pydantic_ai_billed_failure ... ok
test fixture_normalization::case_42_strands_retry ... ok
test fixture_normalization::case_43_vercel_ai_sdk_stream ... ok
test fixture_normalization::case_44_vercel_ai_sdk_retry ... ok
test fixture_normalization::case_39_pydantic_ai_swarm_stream ... ok
test fixture_normalization::case_45_vercel_ai_sdk_billed_failure ... ok
test fixture_normalization::case_46_strands_billed_failure ... ok
test fixture_normalization::case_47_mastra_simple ... ok
test fixture_normalization::case_49_vercel_ai_sdk_py_simple ... ok
test fixture_normalization::case_48_mastra_swarm ... ok
test fixture_sdk_roles::case_01_claude_llm ... ok
test fixture_sdk_roles::case_02_openinference_llm ... ok
test fixture_normalization::case_50_vercel_ai_sdk_py_swarm ... ok
test fixture_sdk_roles::case_03_langchain_llm ... ok
test fixture_sdk_roles::case_04_llamaindex_llm ... ok
test fixture_sdk_roles::case_05_google_llm ... ok
test fixture_sdk_roles::case_06_openai_llm ... ok
test fixture_sdk_roles::case_07_strands_llm ... ok
test fixture_sdk_roles::case_09_claude_interaction_wrapper ... ok
test fixture_sdk_roles::case_08_crewai_wrapper ... ok
test fixture_sdk_roles::case_11_claude_hook ... ok
test fixture_sdk_roles::case_10_claude_delegation_wrapper ... ok
test fixture_sdk_roles::case_12_deepagents_middleware ... ok
test fixture_sdk_roles::case_14_google_invocation_wrapper ... ok
test fixture_sdk_roles::case_13_langsmith_middleware ... ok
test fixture_sdk_roles::case_15_llamaindex_preparation ... ok
test fixture_sdk_roles::case_16_llamaindex_agent_step ... ok
test fixture_sdk_roles::case_17_llamaindex_run_wrapper ... ok
test fixture_sdk_roles::case_18_openai_agent ... ok
test fixture_sdk_roles::case_20_strands_cycle ... ok
test fixture_sdk_roles::case_21_vercel_step ... ok
test fixture_sdk_roles::case_22_vercel_py_llm ... ok
test fixture_sdk_roles::case_23_mastra_llm ... ok
test fixture_sdk_roles::case_24_mastra_agent ... ok
test integration_rejects_non_string_json::case_1_null ... ok
test integration_rejects_non_string_json::case_2_number ... ok
test fixture_sdk_roles::case_19_pydantic_tool ... ok
test integration_rejects_non_string_json::case_3_boolean ... ok
test integration_rejects_non_string_json::case_4_array ... ok
test integration_rejects_non_string_json::case_5_object ... ok
test integration_string_round_trips::case_1_known ... ok
test integration_string_round_trips::case_2_unknown ... ok
test integration_string_round_trips::case_3_case_sensitive ... ok
test integration_string_round_trips::case_4_empty ... ok
test integration_string_round_trips::case_5_escaped_unknown ... ok
test llamaindex_wrapped_responses_keep_provider_call_keys::case_1_simple ... ok
test malformed_call_keys_are_rejected_at_the_boundary::case_1_missing_separator ... ok
test malformed_call_keys_are_rejected_at_the_boundary::case_2_missing_response ... ok
test malformed_call_keys_are_rejected_at_the_boundary::case_3_missing_provider_request ... ok
test malformed_call_keys_are_rejected_at_the_boundary::case_4_missing_request ... ok
test malformed_call_keys_are_rejected_at_the_boundary::case_5_transport_id ... ok
test malformed_call_keys_are_rejected_at_the_boundary::case_6_gateway_attempt_separator ... ok
test malformed_call_keys_are_rejected_at_the_boundary::case_7_gateway_attempt_id ... ok
test malformed_call_keys_are_rejected_at_the_boundary::case_8_unknown ... ok
test llamaindex_wrapped_responses_keep_provider_call_keys::case_2_swarm ... ok

test result: ok. 103 passed; 0 failed; 0 ignored; 0 measured; 0 filtered out; finished in 0.09s

     Running tests/otlp.rs (/Users/mfkhalil/Code/litellm-lens/runtime/target/debug/deps/otlp-1734762233199ffe)

running 202 tests
test absent_native_log_context_has_encoding_independent_identity::case_2_standalone ... ok
test absent_native_log_context_has_encoding_independent_identity::case_1_session ... ok
test agent_context_only_refines_container_roles::case_1_subagent ... ok
test agent_context_only_refines_container_roles::case_2_root ... ok
test agent_context_only_refines_container_roles::case_3_middleware ... ok
test agent_context_only_refines_container_roles::case_4_compaction ... ok
test agent_context_only_refines_container_roles::case_5_compaction_model ... ok
test agent_context_only_refines_container_roles::case_6_middleware_tool ... ok
test agent_context_only_refines_container_roles::case_7_retrieval ... ok
test accepts_trace_larger_than_eight_mib ... ok
test claude_code_scope_takes_precedence_over_other_conventions ... ok
test coding_identity_is_independent_of_model_operation::case_1_claude ... ok
test coding_identity_is_independent_of_model_operation::case_2_codex ... ok
test coding_identity_is_independent_of_model_operation::case_3_deepagents ... ok
test coding_identity_is_independent_of_model_operation::case_4_cursor ... ok
test coding_identity_is_independent_of_model_operation::case_5_pi ... ok
test coding_identity_is_independent_of_model_operation::case_6_opencode ... ok
test coding_identity_is_independent_of_model_operation::case_7_copilot ... ok
test coding_identity_is_independent_of_model_operation::case_8_extension ... ok
test configurable_decode_limits_apply_to_both_wire_formats::case_1_depth ... ok
test configurable_decode_limits_apply_to_both_wire_formats::case_2_nodes ... ok
test configurable_decode_limits_apply_to_both_wire_formats::case_3_spans ... ok
test claude_agent_sdk_detailed_fixture_keeps_full_tool_arguments_and_llm_messages ... ok
test configurable_decode_limits_apply_to_both_wire_formats::case_4_attributes ... ok
test configurable_decode_limits_apply_to_both_wire_formats::case_5_events ... ok
test configurable_decode_limits_apply_to_both_wire_formats::case_6_links ... ok
test configurable_decode_limits_apply_to_both_wire_formats::case_7_decoded_bytes ... ok
test content_type_defaults_to_protobuf_and_rejects_unknown_values::case_1_missing_content_type ... ok
test content_type_defaults_to_protobuf_and_rejects_unknown_values::case_2_unsupported_content_type ... ok
test contextless_native_logs_preserve_the_entire_batch::case_2_protobuf_empty ... ok
test contextless_native_logs_preserve_the_entire_batch::case_1_json_empty ... ok
test contextless_native_logs_preserve_the_entire_batch::case_3_json_zero ... ok
test contextless_native_logs_preserve_the_entire_batch::case_4_protobuf_zero ... ok
test contextless_native_logs_preserve_the_entire_batch::case_6_parent_only ... ok
test contextless_native_logs_preserve_the_entire_batch::case_5_trace_only ... ok
test decodes_neutral_spans::case_1_json ... ok
test environment_decode_limits_are_used_and_invalid_values_fail ... ok
test environment_decode_limits_child ... ok
test decoder_does_not_enforce_the_http_body_limit ... ok
test genai_fields_and_consumed_attributes_follow_the_same_fallback::case_1_primary ... ok
test genai_fields_and_consumed_attributes_follow_the_same_fallback::case_2_fallback ... ok
test genai_fields_and_consumed_attributes_follow_the_same_fallback::case_3_independent_fallback ... ok
test genai_message_blocks_preserve_text_without_exposing_hidden_content::case_1_image::hidden_type_1___reasoning__ ... ok
test genai_message_blocks_preserve_text_without_exposing_hidden_content::case_1_image::hidden_type_2___thinking__ ... ok
test genai_message_blocks_preserve_text_without_exposing_hidden_content::case_1_image::hidden_type_3___redacted_thinking__ ... ok
test genai_message_blocks_preserve_text_without_exposing_hidden_content::case_1_image::hidden_type_4___function_call__ ... ok
test genai_message_blocks_preserve_text_without_exposing_hidden_content::case_1_image::hidden_type_5___tool_use__ ... ok
test genai_message_blocks_preserve_text_without_exposing_hidden_content::case_1_image::hidden_type_6___tool_call__ ... ok
test genai_message_blocks_preserve_text_without_exposing_hidden_content::case_2_unknown::hidden_type_1___reasoning__ ... ok
test genai_message_blocks_preserve_text_without_exposing_hidden_content::case_2_unknown::hidden_type_2___thinking__ ... ok
test genai_message_blocks_preserve_text_without_exposing_hidden_content::case_2_unknown::hidden_type_3___redacted_thinking__ ... ok
test genai_message_blocks_preserve_text_without_exposing_hidden_content::case_2_unknown::hidden_type_4___function_call__ ... ok
test genai_message_blocks_preserve_text_without_exposing_hidden_content::case_2_unknown::hidden_type_5___tool_use__ ... ok
test genai_message_blocks_preserve_text_without_exposing_hidden_content::case_2_unknown::hidden_type_6___tool_call__ ... ok
test genai_message_blocks_preserve_text_without_exposing_hidden_content::case_3_malformed::hidden_type_1___reasoning__ ... ok
test genai_message_blocks_preserve_text_without_exposing_hidden_content::case_3_malformed::hidden_type_2___thinking__ ... ok
test genai_message_blocks_preserve_text_without_exposing_hidden_content::case_3_malformed::hidden_type_3___redacted_thinking__ ... ok
test genai_message_blocks_preserve_text_without_exposing_hidden_content::case_3_malformed::hidden_type_4___function_call__ ... ok
test genai_message_blocks_preserve_text_without_exposing_hidden_content::case_3_malformed::hidden_type_5___tool_use__ ... ok
test genai_message_blocks_preserve_text_without_exposing_hidden_content::case_3_malformed::hidden_type_6___tool_call__ ... ok
test genai_message_blocks_preserve_text_without_exposing_hidden_content::case_4_scalar::hidden_type_1___reasoning__ ... ok
test genai_message_blocks_preserve_text_without_exposing_hidden_content::case_4_scalar::hidden_type_2___thinking__ ... ok
test genai_message_blocks_preserve_text_without_exposing_hidden_content::case_4_scalar::hidden_type_3___redacted_thinking__ ... ok
test genai_message_blocks_preserve_text_without_exposing_hidden_content::case_4_scalar::hidden_type_4___function_call__ ... ok
test genai_message_blocks_preserve_text_without_exposing_hidden_content::case_4_scalar::hidden_type_5___tool_use__ ... ok
test genai_message_blocks_preserve_text_without_exposing_hidden_content::case_4_scalar::hidden_type_6___tool_call__ ... ok
test genai_message_content_preserves_text_and_non_array_fallbacks::case_1_text ... ok
test genai_message_content_preserves_text_and_non_array_fallbacks::case_2_object ... ok
test genai_message_content_preserves_text_and_non_array_fallbacks::case_3_number ... ok
test genai_message_content_preserves_text_and_non_array_fallbacks::case_4_empty_blocks ... ok
test genai_operations_and_parentage_classify_spans::case_01_agent ... ok
test genai_operations_and_parentage_classify_spans::case_02_chat ... ok
test genai_operations_and_parentage_classify_spans::case_03_completion ... ok
test genai_operations_and_parentage_classify_spans::case_04_content ... ok
test genai_operations_and_parentage_classify_spans::case_05_tool ... ok
test genai_operations_and_parentage_classify_spans::case_06_embedding ... ok
test genai_operations_and_parentage_classify_spans::case_07_retrieval ... ok
test genai_operations_and_parentage_classify_spans::case_08_workflow ... ok
test genai_operations_and_parentage_classify_spans::case_09_create_agent ... ok
test genai_operations_and_parentage_classify_spans::case_10_unknown_root ... ok
test genai_operations_and_parentage_classify_spans::case_11_unknown_child ... ok
test genai_operations_and_parentage_classify_spans::case_12_missing_root ... ok
test genai_operations_and_parentage_classify_spans::case_13_missing_child ... ok
test genai_retrieval_normalizes_query_and_documents ... ok
test interactive_claude_body_export_retains_failed_command_stdout ... ok
test interactive_claude_exports_join_replies_with_native_child_execution_context ... ok
test langsmith_dispatch_overrides_other_conventions::case_1_scope ... ok
test langsmith_dispatch_overrides_other_conventions::case_2_attribute ... ok
test langsmith_llm_messages_preserve_visible_content_and_tool_calls::case_1_flat ... ok
test langsmith_llm_messages_preserve_visible_content_and_tool_calls::case_2_nested ... ok
test langsmith_tool_output_unwraps_supported_shapes::case_1_string ... ok
test langsmith_tool_output_unwraps_supported_shapes::case_2_wrapped ... ok
test langsmith_tool_output_unwraps_supported_shapes::case_3_command ... ok
test langsmith_tool_output_unwraps_supported_shapes::case_4_object ... ok
test langsmith_tool_output_unwraps_supported_shapes::case_5_null ... ok
test metadata_projection_respects_the_decoded_byte_budget ... ok
test metadata_sources_merge_with_flattened_values_taking_precedence ... ok
test native_assistant_logs_preserve_visible_messages_without_counting_model_calls::case_1_main ... ok
test native_assistant_logs_preserve_visible_messages_without_counting_model_calls::case_2_subagent ... ok
test native_assistant_logs_preserve_visible_messages_without_counting_model_calls::case_3_title ... ok
test native_assistant_logs_preserve_visible_messages_without_counting_model_calls::case_4_suggestion ... ok
test native_body_exports_do_not_replay_old_tool_results::case_1_new_prompt ... ok
test native_body_exports_do_not_replay_old_tool_results::case_2_new_blocks ... ok
test native_logs_enforce_budgets_for_both_encodings::case_1_nodes ... ok
test native_logs_enforce_budgets_for_both_encodings::case_2_depth ... ok
test native_logs_enforce_budgets_for_both_encodings::case_3_bytes ... ok
test native_logs_enforce_budgets_for_both_encodings::case_4_attributes ... ok
test native_logs_reject_invalid_context::case_1_short_trace ... ok
test native_logs_reject_invalid_context::case_2_short_parent ... ok
test native_logs_reject_invalid_context::case_3_timestamp ... ok
test native_tool_log_status_accepts_boolean_and_string_values::case_1_boolean_failure ... ok
test native_tool_log_status_accepts_boolean_and_string_values::case_2_boolean_success ... ok
test native_tool_log_status_accepts_boolean_and_string_values::case_3_string_failure ... ok
test native_tool_log_status_accepts_boolean_and_string_values::case_4_string_success ... ok
test native_tool_logs_supply_arguments_and_results_without_fake_calls::case_1_tool_result ... ok
test native_tool_logs_supply_arguments_and_results_without_fake_calls::case_2_complete_body ... ok
test native_tool_logs_supply_arguments_and_results_without_fake_calls::case_3_headless_body ... ok
test native_tool_logs_supply_arguments_and_results_without_fake_calls::case_4_missing_messages ... ok
test native_tool_logs_supply_arguments_and_results_without_fake_calls::case_5_wrong_content ... ok
test native_tool_logs_supply_arguments_and_results_without_fake_calls::case_6_unexpected_last_message ... ok
test native_tool_logs_supply_arguments_and_results_without_fake_calls::case_7_truncated_body ... ok
test nested_values_are_serialized_once ... ok
test normalizes_claude_agent_sdk_fixture::case_1_default_telemetry ... ok
test normalizes_claude_agent_sdk_fixture::case_2_detailed_telemetry ... ok
test normalizes_langsmith_fixture ... ok
test openinference_fields_override_genai_and_usage_falls_back_per_field::case_1_specific ... ok
test openinference_fields_override_genai_and_usage_falls_back_per_field::case_2_fallback ... ok
test openinference_fields_override_genai_and_usage_falls_back_per_field::case_3_mixed ... ok
test openinference_fields_override_genai_and_usage_falls_back_per_field::case_4_empty_specific ... ok
test openinference_llm_output_records_call_evidence::case_01_raw_response ... ok
test openinference_llm_output_records_call_evidence::case_02_wrapped_response ... ok
test openinference_llm_output_records_call_evidence::case_03_top_level_wins ... ok
test openinference_llm_output_records_call_evidence::case_04_null_top_level_shadows_raw ... ok
test openinference_llm_output_records_call_evidence::case_05_invalid_top_level_shadows_raw ... ok
test openinference_llm_output_records_call_evidence::case_06_array_raw_is_not_a_response ... ok
test openinference_llm_output_records_call_evidence::case_07_invalid_raw_keeps_top_level ... ok
test openinference_llm_output_records_call_evidence::case_08_langchain_llm_output ... ok
test openinference_llm_output_records_call_evidence::case_09_langchain_generation ... ok
test openinference_llm_output_records_call_evidence::case_10_langchain_batch ... ok
test openinference_llm_output_records_call_evidence::case_11_malformed_candidate ... ok
test openinference_llm_output_records_call_evidence::case_12_malformed_prompt ... ok
test openinference_llm_output_records_call_evidence::case_13_invalid_candidate_id ... ok
test openinference_llm_output_records_call_evidence::case_14_shared_candidate_id ... ok
test openinference_llm_output_records_call_evidence::case_15_conflicting_candidate_ids ... ok
test openinference_llm_output_records_call_evidence::case_16_multiple_prompt_ids ... ok
test openinference_llm_output_records_call_evidence::case_17_fallback_with_invalid_candidate ... ok
test openinference_llm_output_records_call_evidence::case_18_empty_generations ... ok
test openinference_llm_output_records_call_evidence::case_19_non_llm ... ok
test openinference_llm_output_records_call_evidence::case_20_not_json ... ok
test openinference_llm_output_records_call_evidence::case_21_non_string_id ... ok
test openinference_preserves_operation_and_payload_at_any_depth::case_1_retriever::root_1_true ... ok
test openinference_preserves_operation_and_payload_at_any_depth::case_1_retriever::root_2_false ... ok
test openinference_preserves_operation_and_payload_at_any_depth::case_2_embedding::root_1_true ... ok
test openinference_preserves_operation_and_payload_at_any_depth::case_2_embedding::root_2_false ... ok
test openinference_preserves_operation_and_payload_at_any_depth::case_3_reranker::root_1_true ... ok
test openinference_preserves_operation_and_payload_at_any_depth::case_3_reranker::root_2_false ... ok
test openinference_preserves_operation_and_payload_at_any_depth::case_4_guardrail::root_1_true ... ok
test openinference_preserves_operation_and_payload_at_any_depth::case_4_guardrail::root_2_false ... ok
test openinference_preserves_operation_and_payload_at_any_depth::case_5_evaluator::root_1_true ... ok
test openinference_preserves_operation_and_payload_at_any_depth::case_5_evaluator::root_2_false ... ok
test openinference_preserves_operation_and_payload_at_any_depth::case_6_prompt::root_1_true ... ok
test openinference_preserves_operation_and_payload_at_any_depth::case_6_prompt::root_2_false ... ok
test openinference_preserves_operation_and_payload_at_any_depth::case_7_decision::root_1_true ... ok
test openinference_preserves_operation_and_payload_at_any_depth::case_7_decision::root_2_false ... ok
test openinference_scope_names_the_framework::case_1_crewai ... ok
test openinference_scope_names_the_framework::case_2_multi_word ... ok
test openinference_scope_names_the_framework::case_3_other_scope ... ok
test protobuf_preflight_rejects_expansion_before_prost_allocates::case_1_depth ... ok
test escaped_attribute_expansion_is_bounded_below_four_mib ... ok
test query_fixtures_decode_and_normalize::case_1_root ... ok
test query_fixtures_decode_and_normalize::case_2_children ... ok
test query_fixtures_decode_and_normalize::case_3_alternate ... ok
test query_fixtures_decode_and_normalize::case_4_other_team ... ok
test rejects_ids_and_timestamps_that_cannot_be_stored::case_1_short_trace ... ok
test rejects_ids_and_timestamps_that_cannot_be_stored::case_2_zero_trace ... ok
test rejects_ids_and_timestamps_that_cannot_be_stored::case_3_short_span ... ok
test rejects_ids_and_timestamps_that_cannot_be_stored::case_4_timestamp_overflow ... ok
test rejects_ids_and_timestamps_that_cannot_be_stored::case_5_negative_duration ... ok
test rejects_invalid_payload ... ok
test rejects_json_structure_before_building_a_tree::case_1_nesting ... ok
test rejects_json_structure_before_building_a_tree::case_2_nodes ... ok
test resource_fanout_shares_one_allocation ... ok
test resource_identity_preserves_explicit_names_and_sdk_fallbacks::case_01_sdk_wrapper ... ok
test resource_identity_preserves_explicit_names_and_sdk_fallbacks::case_02_generic_fallback ... ok
test resource_identity_preserves_explicit_names_and_sdk_fallbacks::case_03_generic_explicit ... ok
test resource_identity_preserves_explicit_names_and_sdk_fallbacks::case_04_generic_service ... ok
test resource_identity_preserves_explicit_names_and_sdk_fallbacks::case_05_hermes_default ... ok
test resource_identity_preserves_explicit_names_and_sdk_fallbacks::case_06_hermes_explicit ... ok
test resource_identity_preserves_explicit_names_and_sdk_fallbacks::case_07_claude_default ... ok
test resource_identity_preserves_explicit_names_and_sdk_fallbacks::case_08_claude_service ... ok
test resource_identity_preserves_explicit_names_and_sdk_fallbacks::case_09_claude_empty_resource_name ... ok
test resource_identity_preserves_explicit_names_and_sdk_fallbacks::case_10_claude_subagent ... ok
test scope_fanout_shares_name_and_version ... ok
test session_capture_joins_native_logs_and_traces_across_turns_without_changing_span_parents ... ok
test simultaneous_native_tool_logs_keep_distinct_sequence_ids::case_1_json ... ok
test simultaneous_native_tool_logs_keep_distinct_sequence_ids::case_2_protobuf ... ok
test standard_json_and_protobuf_preserve_the_same_identifiers ... ok
test supported_content_types_select_the_decoder::case_1_json ... ok
test supported_content_types_select_the_decoder::case_2_protobuf ... ok
test supported_content_types_select_the_decoder::case_3_protobuf_alias ... ok
test unique_attribute_expansion_still_respects_decoded_budget ... ok
test protobuf_preflight_rejects_expansion_before_prost_allocates::case_2_nodes ... ok

test result: ok. 202 passed; 0 failed; 0 ignored; 0 measured; 0 filtered out; finished in 0.29s

     Running tests/query.rs (/Users/mfkhalil/Code/litellm-lens/runtime/target/debug/deps/query-8047b6a125e161c0)

running 24 tests
test invalid_names_preserve_the_public_error::case_1_unknown ... ok
test invalid_names_preserve_the_public_error::case_2_case_sensitive ... ok
test invalid_names_preserve_the_public_error::case_3_whitespace ... ok
test invalid_names_preserve_the_public_error::case_4_empty ... ok
test named::named_requests_preserve_all_access_cases::case_2_own_user ... ok
test named::named_requests_preserve_all_access_cases::case_1_admin ... ok
test named::named_requests_preserve_all_access_cases::case_3_multiple_teams ... ok
test named::named_requests_preserve_all_access_cases::case_4_no_identity ... ok
test names_select_the_public_query::case_01_list_traces ... ok
test names_select_the_public_query::case_02_trace_agents ... ok
test named::result_contracts_preserve_public_field_names ... ok
test names_select_the_public_query::case_03_trace_spans ... ok
test names_select_the_public_query::case_04_span_detail ... ok
test names_select_the_public_query::case_05_span_error ... ok
test names_select_the_public_query::case_06_identity ... ok
test names_select_the_public_query::case_07_spend ... ok
test names_select_the_public_query::case_08_availability ... ok
test names_select_the_public_query::case_09_agents ... ok
test names_select_the_public_query::case_10_sample ... ok
test names_select_the_public_query::case_11_content ... ok
test names_select_the_public_query::case_12_evidence ... ok
test names_select_the_public_query::case_13_feedback_target ... ok
test names_select_the_public_query::case_14_feedback ... ok
test names_select_the_public_query::case_15_feedback_summary ... ok

test result: ok. 24 passed; 0 failed; 0 ignored; 0 measured; 0 filtered out; finished in 0.00s

     Running tests/query_access.rs (/Users/mfkhalil/Code/litellm-lens/runtime/target/debug/deps/query_access-5cb1bee3eaeaf73a)

running 14 tests
test scope_rejects_invalid_wire_shape::case_1_unknown_kind ... ok
test all_preserves_existing_extra_field_handling ... ok
test scope_rejects_invalid_wire_shape::case_2_unknown_field ... ok
test scope_rejects_invalid_wire_shape::case_3_legacy_admin ... ok
test scope_rejects_invalid_wire_shape::case_4_legacy_logs ... ok
test scope_rejects_invalid_wire_shape::case_5_legacy_team ... ok
test scope_rejects_invalid_wire_shape::case_6_key_scope ... ok
test scope_rejects_invalid_wire_shape::case_7_key_grant ... ok
test scope_validation_preserves_authorization_and_wire_shape::case_1_all ... ok
test scope_validation_preserves_authorization_and_wire_shape::case_2_own_user ... ok
test scope_validation_preserves_authorization_and_wire_shape::case_3_permitted_teams ... ok
test scope_validation_preserves_authorization_and_wire_shape::case_4_own_user_and_permitted_teams ... ok
test scope_validation_preserves_authorization_and_wire_shape::case_5_no_identity ... ok
test scope_validation_preserves_authorization_and_wire_shape::case_6_empty_permitted_team ... ok

test result: ok. 14 passed; 0 failed; 0 ignored; 0 measured; 0 filtered out; finished in 0.00s

     Running tests/query_guide.rs (/Users/mfkhalil/Code/litellm-lens/runtime/target/debug/deps/query_guide-65f6762271aebf05)

running 2 tests
test guide_preserves_supplied_content_and_order::case_2_supplied ... ok
test guide_preserves_supplied_content_and_order::case_1_empty ... ok

test result: ok. 2 passed; 0 failed; 0 ignored; 0 measured; 0 filtered out; finished in 0.00s

     Running tests/request_schema.rs (/Users/mfkhalil/Code/litellm-lens/runtime/target/debug/deps/request_schema-300ed50afcf893d9)

running 0 tests

test result: ok. 0 passed; 0 failed; 0 ignored; 0 measured; 0 filtered out; finished in 0.00s

     Running tests/resolve.rs (/Users/mfkhalil/Code/litellm-lens/runtime/target/debug/deps/resolve-560457b305aa6590)

running 145 tests
test a_single_matched_row_is_matched_whatever_its_cost::case_1_missing_cost ... ok
test a_single_matched_row_is_matched_whatever_its_cost::case_2_finite_cost ... ok
test agents_named_only_by_their_tools_are_agents ... ok
test ambiguous_response_id_keeps_cost_unknown ... ok
test call_id_picks_the_call_when_its_response_id_has_a_cache_hit_twin ... ok
test call_id_prices_a_legacy_spend_log_without_litellm_call_id ... ok
test complete_correlation_requires_known_finite_cost::case_2_free ... ok
test complete_correlation_requires_known_finite_cost::case_1_missing ... ok
test complete_correlation_requires_known_finite_cost::case_3_paid ... ok
test complete_correlation_requires_known_finite_cost::case_4_nan ... ok
test complete_correlation_requires_known_finite_cost::case_5_infinity ... ok
test complete_wrapper_accounts_for_retries_missing_from_the_call_span ... ok
test complete_wrapper_reconciles_ambiguous_response::case_1_narrows_ambiguity ... ok
test complete_wrapper_reconciles_ambiguous_response::case_2_conflicting_exact_request ... ok
test conflicting_complete_wrapper_cannot_price_an_unrelated_call ... ok
test conflicting_keys_cannot_agree_on_request_id_alone ... ok
test cost_requires_shared_ownership::case_1_key_differs ... ok
test cost_requires_shared_ownership::case_2_shared_key ... ok
test cost_requires_shared_ownership::case_3_shared_user ... ok
test cost_requires_shared_ownership::case_4_teamless_key ... ok
test cost_requires_shared_ownership::case_5_other_team ... ok
test cost_requires_shared_ownership::case_6_other_user ... ok
test cost_requires_shared_ownership::case_8_no_identity ... ok
test cost_requires_shared_ownership::case_7_no_shared_identity ... ok
test cost_requires_shared_ownership::case_9_master_key_without_spend_key ... ok
test empty_root_preview_uses_the_earliest_agent_or_model_input ... ok
test gateway_attempt_identifiers_must_match_one_spend_row::case_2_conflicting_gateway_id ... ok
test gateway_attempt_identifiers_must_match_one_spend_row::case_1_agreeing_ids ... ok
test gateway_attempt_identifiers_must_match_one_spend_row::case_3_conflicting_response_id ... ok
test gateway_attempt_identifiers_must_match_one_spend_row::case_4_conflicting_gateway_and_response ... ok
test gateway_attempt_identifiers_must_match_one_spend_row::case_5_agreeing_gateway_attempt ... ok
test gateway_attempt_identifiers_must_match_one_spend_row::case_6_conflicting_gateway_attempt ... ok
test gateway_id_miss_only_vetoes_rows_that_carry_a_call_id::case_2_other_call ... ok
test gateway_id_miss_only_vetoes_rows_that_carry_a_call_id::case_1_legacy_row ... ok
test gateway_lookup_respects_legacy_fallback_and_ownership::case_1_gateway ... ok
test gateway_lookup_respects_legacy_fallback_and_ownership::case_2_legacy ... ok
test gateway_lookup_respects_legacy_fallback_and_ownership::case_3_conflict ... ok
test gateway_lookup_respects_legacy_fallback_and_ownership::case_4_other_team ... ok
test gateway_lookup_respects_legacy_fallback_and_ownership::case_5_other_key ... ok
test independent_key_disambiguates_repeated_request_ids::case_1_gateway ... ok
test iso_time_matches_python_isoformat::case_1_whole_second ... ok
test independent_key_disambiguates_repeated_request_ids::case_2_transport ... ok
test iso_time_matches_python_isoformat::case_2_milliseconds ... ok
test iso_time_matches_python_isoformat::case_3_before_epoch ... ok
test legacy_request_id_fallback_respects_recorded_evidence::case_2_unknown ... ok
test legacy_request_id_fallback_respects_recorded_evidence::case_1_legacy ... ok
test legacy_request_id_fallback_respects_recorded_evidence::case_3_partial ... ok
test legacy_request_id_fallback_respects_recorded_evidence::case_4_complete ... ok
test listed_summary_keeps_rollup_counts_with_unknown_cost ... ok
test malformed_stored_span_fields_are_rejected::case_1_wrapper ... ok
test malformed_stored_span_fields_are_rejected::case_2_truncation ... ok
test malformed_stored_span_fields_are_rejected::case_3_call_key ... ok
test malformed_stored_span_fields_are_rejected::case_4_call_evidence ... ok
test malformed_stored_span_fields_are_rejected::case_5_role ... ok
test model_call_span_cost_agrees_with_the_run_total_when_priced_from_related_evidence::case_1_wrapper_without_leaf_id ... ok
test model_call_span_cost_agrees_with_the_run_total_when_priced_from_related_evidence::case_2_wrapper_with_partial_leaf ... ok
test model_call_span_cost_agrees_with_the_run_total_when_priced_from_related_evidence::case_3_transport_without_leaf_id ... ok
test model_call_span_cost_agrees_with_the_run_total_when_priced_from_related_evidence::case_4_transport_with_partial_leaf ... ok
test model_calls_link_the_spend_log_they_were_priced_from ... ok
test multiple_identifiers_for_one_request_count_its_spend_once::case_1_same_request ... ok
test multiple_identifiers_for_one_request_count_its_spend_once::case_2_ambiguous_response ... ok
test named_wrapper_inside_the_same_agent_is_a_chain ... ok
test names_and_frameworks_are_sorted_and_distinct ... ok
test native_cost_uses_typed_ids_or_the_original_transport::case_1_native_id::grouped_1_false ... ok
test native_cost_uses_typed_ids_or_the_original_transport::case_1_native_id::grouped_2_true ... ok
test native_cost_uses_typed_ids_or_the_original_transport::case_2_historical_id::grouped_1_false ... ok
test native_cost_uses_typed_ids_or_the_original_transport::case_2_historical_id::grouped_2_true ... ok
test native_cost_uses_typed_ids_or_the_original_transport::case_3_legacy_message_id::grouped_1_false ... ok
test native_cost_uses_typed_ids_or_the_original_transport::case_3_legacy_message_id::grouped_2_true ... ok
test native_cost_uses_typed_ids_or_the_original_transport::case_4_transport::grouped_1_false ... ok
test native_cost_uses_typed_ids_or_the_original_transport::case_4_transport::grouped_2_true ... ok
test native_cost_uses_typed_ids_or_the_original_transport::case_5_no_correlation::grouped_1_false ... ok
test native_cost_uses_typed_ids_or_the_original_transport::case_5_no_correlation::grouped_2_true ... ok
test native_tool_failure_log_matches_by_call_id_without_double_counting::case_1_matching ... ok
test native_tool_failure_log_matches_by_call_id_without_double_counting::case_2_other_tool ... ok
test native_tool_status_uses_only_its_own_execution_error::case_1_matching ... ok
test native_tool_status_uses_only_its_own_execution_error::case_2_other_tool ... ok
test native_tool_status_uses_only_its_own_execution_error::case_3_child_agent ... ok
test no_rows_is_no_trace ... ok
test no_priced_call_leaves_cost_unknown ... ok
test only_ids_litellm_assigned_join_spend::case_1_response_id ... ok
test only_ids_litellm_assigned_join_spend::case_2_gateway_call_id ... ok
test only_ids_litellm_assigned_join_spend::case_3_other_call_id ... ok
test only_ids_litellm_assigned_join_spend::case_4_request_id_is_not_a_call_id ... ok
test only_ids_litellm_assigned_join_spend::case_5_transport ... ok
test only_ids_litellm_assigned_join_spend::case_6_gateway_attempt ... ok
test overlapping_model_spans_count_leaf_usage_and_keep_agent_ownership::case_1_parent_first ... ok
test overlapping_model_spans_count_leaf_usage_and_keep_agent_ownership::case_2_child_first ... ok
test overlapping_tool_spans_count_one_call ... ok
test parent_agent_skips_same_name_ancestors_and_stops_at_cycles ... ok
test partial_trace_total_counts_only_complete_calls::case_1_missing_id ... ok
test partial_trace_total_counts_only_complete_calls::case_2_missing_spend ... ok
test partial_trace_total_counts_only_complete_calls::case_3_duplicate_spend ... ok
test provider_request_id_cannot_match_a_message_id_of_the_same_value ... ok
test recorded_gateway_id_must_agree_unless_spend_predates_gateway_ids::case_1_legacy_row_without_call_id ... ok
test recorded_gateway_id_must_agree_unless_spend_predates_gateway_ids::case_2_call_id_names_nothing ... ok
test repeated_request_ids_preserve_storage_identity::case_1_oldest_first ... ok
test repeated_request_ids_preserve_storage_identity::case_2_newest_first ... ok
test repeated_response_counts_once_and_other_owners_are_ignored ... ok
test repeated_response_id_counts_once ... ok
test response_id_and_call_id_must_name_the_same_request::case_1_same_request ... ok
test response_id_and_call_id_must_name_the_same_request::case_2_conflicting_requests ... ok
test sibling_transport_does_not_lose_model_call_spend::case_1_without_tool_http_sibling ... ok
test sibling_transport_does_not_lose_model_call_spend::case_2_after_call ... ok
test sibling_transport_does_not_lose_model_call_spend::case_3_inside_call_without_spend ... ok
test sibling_transport_does_not_lose_model_call_spend::case_4_inside_call_with_unrelated_spend ... ok
test sibling_transport_does_not_lose_model_call_spend::case_5_missing_gateway_attempt ... ok
test sibling_transports_belong_to_the_only_model_call_under_their_parent::case_1_lone_call ... ok
test sibling_transports_belong_to_the_only_model_call_under_their_parent::case_2_two_calls ... ok
test spans_are_offset_from_the_trace_start ... ok
test spend_logs_price_only_calls_in_their_own_team::case_1_same_team ... ok
test spend_logs_price_only_calls_in_their_own_team::case_2_other_team ... ok
test spend_lookup_collects_only_assigned_ids ... ok
test spend_lookup_fetches_recorded_keys_before_resolving_completeness::case_1_unknown ... ok
test spend_lookup_fetches_recorded_keys_before_resolving_completeness::case_2_complete ... ok
test stored_response_id_requires_complete_call_evidence::case_1_legacy ... ok
test stored_response_id_requires_complete_call_evidence::case_2_unknown ... ok
test stored_response_id_requires_complete_call_evidence::case_3_partial ... ok
test stored_response_id_requires_complete_call_evidence::case_4_complete ... ok
test summary_counts_model_calls_tools_and_agents ... ok
test summary_source_carries_who_started_it::case_1_set ... ok
test summary_source_carries_who_started_it::case_2_missing ... ok
test summary_source_links_where_the_run_started::case_1_root_wins ... ok
test summary_source_links_where_the_run_started::case_2_earliest_child_when_root_has_none ... ok
test summary_source_links_where_the_run_started::case_3_non_https_is_dropped ... ok
test summary_source_links_where_the_run_started::case_4_absent ... ok
test summary_source_type_picks_the_app::case_1_slack ... ok
test summary_source_type_picks_the_app::case_2_teams ... ok
test summary_source_type_picks_the_app::case_3_custom ... ok
test summary_source_type_picks_the_app::case_4_unknown_is_custom ... ok
test summary_source_type_picks_the_app::case_5_missing_is_custom ... ok
test totals_deduplicate_only_equal_storage_identities::case_1_same_row ... ok
test totals_deduplicate_only_equal_storage_identities::case_2_distinct_rows ... ok
test trace_cost_requires_a_finite_total::case_1_finite ... ok
test trace_cost_requires_a_finite_total::case_2_overflow ... ok
test transport_spans_complete_a_call_without_its_own_id ... ok
test transports_preserve_retry_spend_without_counting_unrelated_cached_rows::case_1_complete_retry ... ok
test transports_preserve_retry_spend_without_counting_unrelated_cached_rows::case_2_missing_retry ... ok
test transports_preserve_retry_spend_without_counting_unrelated_cached_rows::case_3_unknown_retry ... ok
test transports_preserve_retry_spend_without_counting_unrelated_cached_rows::case_4_partial_retry ... ok
test unnamed_calls_belong_to_the_nearest_agent_and_wrappers_are_not_agents ... ok
test unpriced_call_leaves_a_partial_total_of_the_priced_calls ... ok
test upstream_response_id_inside_a_managed_id_joins_spend ... ok
test wrapper_recording_a_retry_and_its_final_attempt_prices_both ... ok
test repeated_subagent_invocations_aggregate_into_one_node ... ok

test result: ok. 145 passed; 0 failed; 0 ignored; 0 measured; 0 filtered out; finished in 0.01s

     Running tests/response_schema.rs (/Users/mfkhalil/Code/litellm-lens/runtime/target/debug/deps/response_schema-8a2756e4ca377b7e)

running 0 tests

test result: ok. 0 passed; 0 failed; 0 ignored; 0 measured; 0 filtered out; finished in 0.00s

     Running tests/shared.rs (/Users/mfkhalil/Code/litellm-lens/runtime/target/debug/deps/shared-336ef077c3912c78)

running 2 tests
test clones_share_storage_without_merging_equal_values ... ok
test clones_preserve_values_and_serialize_transparently ... ok

test result: ok. 2 passed; 0 failed; 0 ignored; 0 measured; 0 filtered out; finished in 0.00s

     Running unittests src/lib.rs (/Users/mfkhalil/Code/litellm-lens/runtime/target/debug/deps/litellm_traces_cache-1151d6672fa9f90a)

running 18 tests
test cache::tests::estimated_amounts_do_not_settle_pending_gateway_spend::case_2_catalog_estimate ... ok
test cache::tests::estimated_amounts_do_not_settle_pending_gateway_spend::case_1_missing_log ... ok
test cache::tests::freshness_settles_traces_without_model_calls_once_spans_stop::case_1_just_ended ... ok
test cache::tests::freshness_settles_traces_without_model_calls_once_spans_stop::case_2_quiet_just_under ... ok
test cache::tests::freshness_settles_traces_without_model_calls_once_spans_stop::case_3_quiet_long_enough ... ok
test cache::tests::idle_native_sessions_remain_live::case_1_claude_code ... ok
test cache::tests::idle_native_sessions_remain_live::case_2_claude_agent_sdk ... ok
test cursor::tests::diagnostic_cursor_requires_a_content_version::case_1_lowercase_version ... ok
test cursor::tests::diagnostic_cursor_requires_a_content_version::case_2_short_version ... ok
test cursor::tests::malformed_diagnostic_cursors_are_rejected::case_1_not_base64 ... ok
test cursor::tests::malformed_diagnostic_cursors_are_rejected::case_2_missing_fields ... ok
test cursor::tests::malformed_diagnostic_cursors_are_rejected::case_3_not_an_object ... ok
test cursor::tests::malformed_trace_cursors_are_rejected::case_1_not_base64 ... ok
test cursor::tests::malformed_trace_cursors_are_rejected::case_2_not_json ... ok
test cursor::tests::malformed_trace_cursors_are_rejected::case_3_numeric_reference ... ok
test cursor::tests::malformed_trace_cursors_are_rejected::case_4_zero_start ... ok
test cursor::tests::trace_cursor_round_trips_the_last_listed_run ... ok
test cache::tests::weighted_capacity_bounds_retained_snapshots ... ok

test result: ok. 18 passed; 0 failed; 0 ignored; 0 measured; 0 filtered out; finished in 0.00s

     Running tests/read.rs (/Users/mfkhalil/Code/litellm-lens/runtime/target/debug/deps/read-a12d64619b02a677)

running 24 tests
test ambiguous_trace_references_fail_and_a_single_reference_is_resolved ... ok
test concurrent_and_repeated_opens_share_one_storage_read ... ok
test failed_batch_spend_lookup_falls_back_to_each_run_instead_of_losing_every_cost ... ok
test concurrent_pages_of_an_evicted_snapshot_share_one_storage_read ... ok
test failed_reads_are_not_cached ... ok
test failed_spend_lookup_preserves_the_trace_with_unknown_spend ... ok
test gateway_cost_refreshes_until_every_model_call_is_priced::case_1_missing ... ok
test gateway_cost_refreshes_until_every_model_call_is_priced::case_2_partial ... ok
test gateway_cost_refreshes_until_every_model_call_is_priced::case_4_null_amount ... ok
test gateway_cost_refreshes_until_every_model_call_is_priced::case_3_delayed_zero ... ok
test gateway_cost_refreshes_until_every_model_call_is_priced::case_6_no_call_id ... ok
test gateway_cost_refreshes_until_every_model_call_is_priced::case_5_complete_zero ... ok
test invalid_page_sizes_are_rejected::case_1_zero ... ok
test invalid_page_sizes_are_rejected::case_2_above_max ... ok
test list_run_budget_halves_the_limit_and_cursor_requires_a_full_page ... ok
test gateway_cost_refreshes_until_every_model_call_is_priced::case_7_incomplete_identity ... ok
test oversized_run_batch_falls_back_to_each_run_and_keeps_listed_summaries ... ok
test pages_reuse_one_trace_snapshot_and_concatenate_in_order ... ok
test listed_runs_are_read_once_until_a_live_run_expires ... ok
test response_size_splits_pages_and_rejects_a_single_oversized_span ... ok
test resumed_native_sessions_refresh_after_live_ttl::case_1_claude_code ... ok
test resumed_native_sessions_refresh_after_live_ttl::case_2_claude_agent_sdk ... ok
test zero_list_limit_is_rejected ... ok
test snapshot_versions_are_stable_across_readers_and_detect_changes ... ok

test result: ok. 24 passed; 0 failed; 0 ignored; 0 measured; 0 filtered out; finished in 26.04s

     Running tests/snapshots.rs (/Users/mfkhalil/Code/litellm-lens/runtime/target/debug/deps/snapshots-d46a79a00acae54d)

running 12 tests
test cached_trace_is_isolated_by_access_scope::case_1_different_team ... ok
test cached_trace_is_isolated_by_access_scope::case_2_different_user ... ok
test cached_trace_is_isolated_by_key_fields::case_1_different_source ... ok
test cached_trace_is_isolated_by_access_scope::case_3_different_scope ... ok
test cached_trace_is_isolated_by_key_fields::case_2_different_trace_id ... ok
test cached_trace_is_isolated_by_key_fields::case_3_different_trace_ref ... ok
test cached_trace_is_isolated_by_key_fields::case_4_different_snapshot_ms ... ok
test snapshot_at_the_size_limit_is_accepted ... ok
test snapshot_one_byte_over_the_size_limit_is_rejected ... ok
test snapshot_version_tracks_the_ordered_span_ids::case_1_same_ids ... ok
test snapshot_version_tracks_the_ordered_span_ids::case_2_different_ids ... ok
test snapshots_expire_when_idle ... ok

test result: ok. 12 passed; 0 failed; 0 ignored; 0 measured; 0 filtered out; finished in 0.21s

     Running unittests src/lib.rs (/Users/mfkhalil/Code/litellm-lens/runtime/target/debug/deps/litellm_traces_clickhouse-bbf687fd39e6ccc4)

running 56 tests
test datasets::tests::exceeded_budget_retains_the_size_failure ... ok
test datasets::tests::changed_trace_requires_a_new_traversal ... ok
test datasets::tests::internal_failures_do_not_expose_storage_details::case_1_storage ... ok
test datasets::tests::invalid_reads_preserve_diagnostic::case_1_parameters ... ok
test datasets::tests::invalid_reads_preserve_diagnostic::case_2_cursor ... ok
test datasets::tests::invalid_reads_preserve_diagnostic::case_3_ambiguous ... ok
test datasets::tests::internal_failures_do_not_expose_storage_details::case_2_encoding ... ok
test insert::tests::encoded_limit_counts_utf8_bytes_across_rows ... ok
test insert::tests::stamped_insert_enforces_the_encoded_limit ... ok
test insert::tests::streamed_insert_preserves_token_and_stamps_receive_time::case_1_absent ... ok
test insert::tests::streamed_insert_preserves_token_and_stamps_receive_time::case_2_submitted ... ok
test query::named::tests::parameters_preserve_flattened_multi_team_access::case_1_unquoted ... ok
test query::named::tests::parameters_preserve_flattened_multi_team_access::case_2_quoted ... ok
test query::named::tests::rows_decode_into_neutral_contracts::case_1_unquoted ... ok
test query::named::tests::rows_decode_into_neutral_contracts::case_2_quoted ... ok
test query::named::tests::spend_rows_preserve_unknown_and_known_cost::case_1_unknown ... ok
test query::named::tests::spend_rows_preserve_unknown_and_known_cost::case_2_free ... ok
test query::named::tests::spend_rows_preserve_unknown_and_known_cost::case_3_paid ... ok
test query::named::tests::spend_rows_reject_invalid_cost::case_1_nan ... ok
test query::named::tests::spend_rows_reject_invalid_cost::case_2_infinity ... ok
test query::named::tests::spend_rows_reject_invalid_cost::case_3_boolean ... ok
test query::number::tests::access_rejects_non_boolean_flags::case_1_flag_zero ... ok
test query::number::tests::access_rejects_non_boolean_flags::case_2_flag_one ... ok
test query::number::tests::access_rejects_non_boolean_flags::case_3_invalid_flag ... ok
test query::number::tests::content_rejects_unsupported_sources::case_1_trace ... ok
test query::number::tests::content_rejects_unsupported_sources::case_2_request ... ok
test query::number::tests::content_rejects_unsupported_sources::case_3_both ... ok
test query::number::tests::content_rejects_unsupported_sources::case_4_unknown ... ok
test query::number::tests::numeric_rows_enforce_integer_range::case_1_quoted_max ... ok
test query::number::tests::numeric_rows_enforce_integer_range::case_2_unquoted_max ... ok
test query::number::tests::numeric_rows_enforce_integer_range::case_3_overflow ... ok
test query::number::tests::numeric_rows_enforce_integer_range::case_4_negative ... ok
test query::number::tests::numeric_rows_enforce_integer_range::case_5_fraction ... ok
test query::number::tests::sampling_rejects_invalid_percentages::case_1_zero ... ok
test query::number::tests::sampling_rejects_invalid_percentages::case_2_hundred ... ok
test query::number::tests::sampling_rejects_invalid_percentages::case_3_negative ... ok
test query::number::tests::sampling_rejects_invalid_percentages::case_4_too_large ... ok
test query::number::tests::sampling_rejects_invalid_percentages::case_5_nan ... ok
test query::tests::metadata_discovery_preserves_mixed_types_and_reports_invalid_rows ... ok
test query::tests::metadata_discovery_reports_truncation::case_1_rows ... ok
test query_access::tests::predicates_preserve_scope_and_escape_values::case_1_otel ... ok
test query_access::tests::predicates_preserve_scope_and_escape_values::case_2_agent ... ok
test query_access::tests::predicates_preserve_scope_and_escape_values::case_3_spend ... ok
test query::tests::metadata_discovery_reports_truncation::case_2_paths ... ok
test span_batches::tests::a_rejected_page_size_is_not_retried::case_2_uniform_large_rows ... ok
test span_batches::tests::a_rejected_page_size_is_not_retried::case_1_fits ... ok
test span_batches::tests::accumulation_stops_at_the_graph_budget::case_1_byte_boundary ... ok
test span_batches::tests::a_single_oversized_row_fails_the_read ... ok
test span_batches::tests::accumulation_stops_at_the_graph_budget::case_2_byte_overflow ... ok
test span_batches::tests::accumulation_stops_at_the_graph_budget::case_3_integer_overflow ... ok
test span_batches::tests::accumulation_stops_at_the_graph_budget::case_4_row_boundary ... ok
test span_batches::tests::accumulation_stops_at_the_graph_budget::case_5_row_overflow ... ok
test span_batches::tests::span_batches_use_larger_read_limits ... ok
test sql::tests::named_read_rejects_invalid_parameters_before_transport::case_2_negative_offset ... ok
test sql::tests::named_read_rejects_invalid_parameters_before_transport::case_1_missing_span ... ok
test sql::tests::named_read_rejects_invalid_parameters_before_transport::case_3_overflow ... ok

test result: ok. 56 passed; 0 failed; 0 ignored; 0 measured; 0 filtered out; finished in 0.01s

     Running tests/admin_sql.rs (/Users/mfkhalil/Code/litellm-lens/runtime/target/debug/deps/admin_sql-3f3d513888886374)

running 19 tests
test admin_sql_authenticates_url_credentials::case_2_encoded ... ok
test admin_sql_authenticates_url_credentials::case_1_plain ... ok
test admin_sql_enforces_response_byte_limit ... ok
test admin_sql_enforces_result_row_limit ... ok
test admin_sql_reads_rows_with_enforced_settings ... ok
test admin_sql_rejects_errors_after_output_starts ... ok
test query_parameters_preserve_values_and_replace_url_parameters::case_1_sql ... ok
test query_parameters_preserve_values_and_replace_url_parameters::case_2_escapes ... ok
test reader_rejects_writes_and_privilege_escalation::case_01_table ... ok
test reader_rejects_writes_and_privilege_escalation::case_02_insert ... ok
test reader_rejects_writes_and_privilege_escalation::case_03_drop ... ok
test reader_rejects_writes_and_privilege_escalation::case_04_named_collection ... ok
test reader_rejects_writes_and_privilege_escalation::case_05_settings ... ok
test reader_rejects_writes_and_privilege_escalation::case_06_inline_settings ... ok
test reader_rejects_writes_and_privilege_escalation::case_07_time_limit ... ok
test reader_rejects_writes_and_privilege_escalation::case_08_row_limit ... ok
test reader_rejects_writes_and_privilege_escalation::case_09_byte_limit ... ok
test reader_rejects_writes_and_privilege_escalation::case_10_memory_limit ... ok
test reader_rejects_writes_and_privilege_escalation::case_11_other_table ... ok

test result: ok. 19 passed; 0 failed; 0 ignored; 0 measured; 0 filtered out; finished in 12.11s

     Running tests/eval_environment.rs (/Users/mfkhalil/Code/litellm-lens/runtime/target/debug/deps/eval_environment-a3d25e3258cde5f1)

running 16 tests
test eval_traces_never_reach_findings_or_dashboard_reads::case_01_availability_traces ... ok
test eval_traces_never_reach_findings_or_dashboard_reads::case_02_availability_requests ... ok
test eval_traces_never_reach_findings_or_dashboard_reads::case_03_sample_traces ... ok
test eval_traces_never_reach_findings_or_dashboard_reads::case_04_sample_requests ... ok
test eval_traces_never_reach_findings_or_dashboard_reads::case_05_content_traces ... ok
test eval_traces_never_reach_findings_or_dashboard_reads::case_06_content_requests ... ok
test eval_traces_never_reach_findings_or_dashboard_reads::case_07_evidence_traces ... ok
test eval_traces_never_reach_findings_or_dashboard_reads::case_08_evidence_requests ... ok
test eval_traces_never_reach_findings_or_dashboard_reads::case_09_agents ... ok
test eval_traces_never_reach_findings_or_dashboard_reads::case_10_list_traces ... ok
test eval_traces_never_reach_findings_or_dashboard_reads::case_11_trace_agents ... ok
test eval_traces_never_reach_findings_or_dashboard_reads::case_12_raw_sql_spans ... ok
test eval_traces_never_reach_findings_or_dashboard_reads::case_13_raw_sql_rollup ... ok
test eval_traces_never_reach_findings_or_dashboard_reads::case_14_raw_sql_requests ... ok
test raw_sql_readers_only_see_their_own_eval_trace_ids::case_1_own_team ... ok
test raw_sql_readers_only_see_their_own_eval_trace_ids::case_2_other_team ... ok

test result: ok. 16 passed; 0 failed; 0 ignored; 0 measured; 0 filtered out; finished in 11.52s

     Running tests/insert.rs (/Users/mfkhalil/Code/litellm-lens/runtime/target/debug/deps/insert-c16cb630faa08fed)

running 14 tests
test insert_byte_limit_environment_child ... ok
test insert_encoding_preserves_timestamp_precision_and_other_fields::case_1_span ... ok
test insert_encoding_preserves_timestamp_precision_and_other_fields::case_2_start ... ok
test insert_encoding_preserves_timestamp_precision_and_other_fields::case_3_end ... ok
test insert_encoding_preserves_timestamp_precision_and_other_fields::case_4_completion ... ok
test insert_encoding_preserves_timestamp_precision_and_other_fields::case_5_absent_completion ... ok
test insert_encoding_preserves_timestamp_precision_and_other_fields::case_6_before_epoch ... ok
test insert_encoding_rejects_invalid_span_timestamps::case_1_fractional ... ok
test insert_encoding_rejects_invalid_span_timestamps::case_2_out_of_range ... ok
test insert_encoding_rejects_invalid_span_timestamps::case_3_null ... ok
test insert_byte_limit_environment_controls_transport ... ok
test shared_fanout_survives_gzip_insert_over_http::case_1_one_request ... ok
test shared_fanout_survives_gzip_insert_over_http::case_2_concurrent_requests ... ok
test shared_fanout_over_insert_limit_never_reaches_http ... ok

test result: ok. 14 passed; 0 failed; 0 ignored; 0 measured; 0 filtered out; finished in 3.90s

     Running tests/lens_feedback.rs (/Users/mfkhalil/Code/litellm-lens/runtime/target/debug/deps/lens_feedback-354f14d2e9f99761)

running 6 tests
test a_deleted_version_hides_the_authors_feedback ... ok
test a_later_save_replaces_the_authors_feedback_and_keeps_other_authors ... ok
test feedback_for_another_teams_trace_is_not_readable ... ok
test summaries_aggregate_live_feedback_per_trace_and_respect_team_scope ... ok
test target_resolves_team_and_key_for_a_visible_trace_only ... ok
test the_table_rejects_scores_above_ten ... ok

test result: ok. 6 passed; 0 failed; 0 ignored; 0 measured; 0 filtered out; finished in 5.61s

     Running tests/load.rs (/Users/mfkhalil/Code/litellm-lens/runtime/target/debug/deps/load-6fbcf1f8d274b3d9)

running 2 tests
test lens_content_reads_scale_with_trace_not_retention ... ok
test lens_sample_reads_scale_with_window_not_retention ... ok

test result: ok. 2 passed; 0 failed; 0 ignored; 0 measured; 0 filtered out; finished in 2.25s

     Running tests/migrations.rs (/Users/mfkhalil/Code/litellm-lens/runtime/target/debug/deps/migrations-3ba15bb8e5e8d78d)

running 59 tests
test agent_final_answer_preserves_visibility_and_trace_ownership::case_1_admin ... ok
test agent_final_answer_preserves_visibility_and_trace_ownership::case_2_user ... ok
test agent_final_answer_preserves_visibility_and_trace_ownership::case_3_team ... ok
test agent_final_answer_preserves_visibility_and_trace_ownership::case_4_no_identity ... ok
test changed_migration_is_rejected ... ok
test agent_metadata_is_stored_and_queryable ... ok
test concurrent_schema_setup_succeeds ... ok
test duplicate_span_preview_matches_diagnostic::case_1_different_start ... ok
test duplicate_span_preview_matches_diagnostic::case_2_different_receive ... ok
test duplicate_span_preview_matches_diagnostic::case_3_tied_timestamps ... ok
test field_definitions_match_serialized_normalized_span ... ok
test existing_schema_without_ledger_is_adopted ... ok
test gateway_id_upgrade_preserves_legacy_rows_and_accepts_new_ids ... ok
test keyed_rollup_keeps_same_trace_ids_separate_by_api_key ... ok
test insert_rejects_unknown_columns_even_if_url_requests_skipping_them ... ok
test lens_content_keeps_original_timestamps_with_start_time_slack::case_1_traces ... ok
test lens_agent_discovery_and_selection_preserve_scope ... ok
test lens_content_keeps_original_timestamps_with_start_time_slack::case_2_requests ... ok
test lens_content_keeps_output_visible_after_long_input::case_1_short ... ok
test lens_content_keeps_output_visible_after_long_input::case_2_boundary ... ok
test lens_content_keeps_output_visible_after_long_input::case_3_long ... ok
test lens_request_sample_does_not_trust_caller_tags ... ok
test lens_filters_reads_and_evidence_keep_reused_trace_ids_separate ... ok
test lens_selection_pages_without_losing_or_repeating_runs::case_1_changing ... ok
test lens_selection_pages_without_losing_or_repeating_runs::case_2_all ... ok
test lens_selection_pages_without_losing_or_repeating_runs::case_3_percentage ... ok
test lens_selection_pages_without_losing_or_repeating_runs::case_4_capped ... ok
test lens_selection_pages_without_losing_or_repeating_runs::case_5_preview ... ok
test listed_agent_names_preserve_scope_and_cursor ... ok
test named_and_sql_readers_share_request_log_visibility::case_1_own_user ... ok
test named_and_sql_readers_share_request_log_visibility::case_2_own_user_and_permitted_team ... ok
test named_and_sql_readers_share_request_log_visibility::case_3_no_identity ... ok
test named_and_sql_readers_share_request_log_visibility::case_4_legacy_key_without_identity ... ok
test normalized_fields_match_clickhouse_catalog ... ok
test nullable_spend_upgrade_preserves_existing_costs_and_unknown_new_costs ... ok
test query_help_discovers_live_schema_and_runs_its_examples::case_1_empty ... ok
test query_help_discovers_live_schema_and_runs_its_examples::case_2_custom_metadata ... ok
test query_help_displays_discovery_truncation ... ok
test query_help_preserves_schema_and_guide_when_discovery_hits_reader_limits::case_1_metadata ... ok
test query_help_preserves_schema_and_guide_when_discovery_hits_reader_limits::case_2_attributes ... ok
test query_help_preserves_schema_and_guide_when_discovery_hits_reader_limits::case_3_all ... ok
test retention_changes_materialize_existing_rows_and_remain_idempotent ... ok
test retention_reconciliation_updates_each_table_ttl ... ok
test retried_trace_insert_does_not_inflate_rollup ... ok
test rollup_cost_completeness_preserves_missing_ids_and_fails_closed_for_historical_rows ... ok
test schema_includes_every_migration_file ... ok
test schema_rejects_invalid_configuration::case_1_empty ... ok
test schema_rejects_invalid_configuration::case_2_sql ... ok
test schema_rejects_invalid_configuration::case_3_retention ... ok
test rollup_merges_spans_across_days_without_losing_root_fields ... ok
test schema_setup_records_migrations_synchronously_with_configured_settings::case_1_quoted_versions ... ok
test schema_setup_records_migrations_synchronously_with_configured_settings::case_2_asynchronous_inserts ... ok
test schema_supports_span_rollups_and_spend_joins ... ok
test spend_deduplication_preserves_subsecond_requests_and_retries ... ok
test trace_agents_count_runs_and_failures_within_scope_and_window ... ok
test trace_error_previews_preserve_paginated_diagnostics::case_1_ascii ... ok
test trace_error_previews_preserve_paginated_diagnostics::case_2_multibyte ... ok
test trace_error_previews_preserve_paginated_diagnostics::case_3_escaped ... ok
test schema_statement_timeout_maps_to_transport_error ... ok

test result: ok. 59 passed; 0 failed; 0 ignored; 0 measured; 0 filtered out; finished in 66.55s

     Running tests/queries.rs (/Users/mfkhalil/Code/litellm-lens/runtime/target/debug/deps/queries-c5b8c18e92848b7c)

running 18 tests
test captured_sdk_exports_round_trip_through_clickhouse::case_1_billed_failure ... ok
test captured_sdk_exports_round_trip_through_clickhouse::case_2_retry ... ok
test captured_sdk_exports_round_trip_through_clickhouse::case_3_swarm ... ok
test documented_queries_render_and_return_expected_rows::case_1_trace_summary::scope_1_ScopeCase__Admin ... ok
test documented_queries_render_and_return_expected_rows::case_1_trace_summary::scope_2_ScopeCase__Team ... ok
test documented_queries_render_and_return_expected_rows::case_1_trace_summary::scope_3_ScopeCase__OtherTeam ... ok
test documented_queries_render_and_return_expected_rows::case_2_failed_spans::scope_1_ScopeCase__Admin ... ok
test documented_queries_render_and_return_expected_rows::case_2_failed_spans::scope_2_ScopeCase__Team ... ok
test documented_queries_render_and_return_expected_rows::case_2_failed_spans::scope_3_ScopeCase__OtherTeam ... ok
test documented_queries_render_and_return_expected_rows::case_3_metadata_filter::scope_1_ScopeCase__Admin ... ok
test documented_queries_render_and_return_expected_rows::case_3_metadata_filter::scope_2_ScopeCase__Team ... ok
test documented_queries_render_and_return_expected_rows::case_3_metadata_filter::scope_3_ScopeCase__OtherTeam ... ok
test lens_sample_keeps_spans_before_window_start_and_excludes_old_only_traces ... ok
test storage_queries_return_expected_rows::case_1_costs::scope_1_ScopeCase__Admin ... ok
test storage_queries_return_expected_rows::case_1_costs::scope_2_ScopeCase__Team ... ok
test storage_queries_return_expected_rows::case_1_costs::scope_3_ScopeCase__OtherTeam ... ok
test typed_queries_read_normalized_spans_and_keep_trace_identities_separate ... ok
test typed_trace_cursor_returns_the_next_fixture_trace ... ok

test result: ok. 18 passed; 0 failed; 0 ignored; 0 measured; 0 filtered out; finished in 20.46s

     Running tests/query_access.rs (/Users/mfkhalil/Code/litellm-lens/runtime/target/debug/deps/query_access-b4608c54968613cb)

running 9 tests
test provisioning_failure_never_returns_a_writer_connection ... ok
test managed_reader_rejects_privilege_and_scope_bypasses ... ok
test queries_and_help_are_scoped_by_the_database::case_1_own_user ... ok
test queries_and_help_are_scoped_by_the_database::case_2_own_user_and_permitted_team ... ok
test queries_and_help_are_scoped_by_the_database::case_3_quoted_user ... ok
test queries_and_help_are_scoped_by_the_database::case_4_team ... ok
test queries_and_help_are_scoped_by_the_database::case_5_admin ... ok
test queries_and_help_are_scoped_by_the_database::case_6_quoted_team ... ok
test rotating_master_secret_revokes_previous_reader_credentials ... ok

test result: ok. 9 passed; 0 failed; 0 ignored; 0 measured; 0 filtered out; finished in 16.34s

     Running tests/reads.rs (/Users/mfkhalil/Code/litellm-lens/runtime/target/debug/deps/reads-03e58b20c90d1e6b)

running 20 tests
test assigned_call_ids_require_shared_ownership_through_detail_and_batch_reads::case_1_same_key ... ok
test assigned_call_ids_require_shared_ownership_through_detail_and_batch_reads::case_2_other_key ... ok
test assigned_call_ids_require_shared_ownership_through_detail_and_batch_reads::case_3_foreign_team ... ok
test an_oversized_span_keeps_the_run_list_available_with_partial_totals ... ok
test assigned_call_ids_require_shared_ownership_through_detail_and_batch_reads::case_4_call_id_other_key ... ok
test assigned_call_ids_require_shared_ownership_through_detail_and_batch_reads::case_5_call_id_foreign_team ... ok
test assigned_call_ids_require_shared_ownership_through_detail_and_batch_reads::case_6_transport_only ... ok
test cursor_pages_keep_a_tenant_scoped_snapshot_when_more_spans_arrive ... ok
test large_runs_remain_complete_under_default_reader_limits::case_1_many_runs ... ok
test large_runs_remain_complete_under_default_reader_limits::case_2_one_large_run ... ok
test large_runs_remain_complete_under_default_reader_limits::case_3_large_rows ... ok
test large_runs_remain_complete_under_default_reader_limits::case_5_many_costs ... ok
test large_runs_remain_complete_under_default_reader_limits::case_6_many_costed_runs ... ok
test list_costs_match_each_run_when_response_ids_are_reused::case_1_api_key ... ok
test list_costs_match_each_run_when_response_ids_are_reused::case_2_user ... ok
test native_cost_correlation_survives_session_grouping_and_excludes_other_owners::case_1_provider_request::grouped_1_false ... ok
test native_cost_correlation_survives_session_grouping_and_excludes_other_owners::case_1_provider_request::grouped_2_true ... ok
test native_cost_correlation_survives_session_grouping_and_excludes_other_owners::case_2_transport::grouped_1_false ... ok
test large_runs_remain_complete_under_default_reader_limits::case_4_large_cached_snapshot ... ok
test native_cost_correlation_survives_session_grouping_and_excludes_other_owners::case_2_transport::grouped_2_true ... ok

test result: ok. 20 passed; 0 failed; 0 ignored; 0 measured; 0 filtered out; finished in 40.35s

     Running tests/span_rows.rs (/Users/mfkhalil/Code/litellm-lens/runtime/target/debug/deps/span_rows-7fbaa80832b7ae3d)

running 7 tests
test absent_identity_fields_are_empty_only_in_storage ... ok
test compatibility_id_keeps_provider_semantics_with_gateway_keys ... ok
test rows_carry_every_normalized_column ... ok
test status_message_falls_back_to_the_exception_event::case_1_exception_event ... ok
test consumed_payloads_leave_span_attributes_and_long_values_are_capped ... ok
test status_message_falls_back_to_the_exception_event::case_2_status_message_wins ... ok
test tenant_overwrites_claimed_identity_and_resources_stay_shared_per_group ... ok

test result: ok. 7 passed; 0 failed; 0 ignored; 0 measured; 0 filtered out; finished in 0.00s

   Doc-tests lens_auth

running 0 tests

test result: ok. 0 passed; 0 failed; 0 ignored; 0 measured; 0 filtered out; finished in 0.00s

   Doc-tests lens_contract

running 0 tests

test result: ok. 0 passed; 0 failed; 0 ignored; 0 measured; 0 filtered out; finished in 0.00s

   Doc-tests lens_datasets

running 0 tests

test result: ok. 0 passed; 0 failed; 0 ignored; 0 measured; 0 filtered out; finished in 0.00s

   Doc-tests lens_evals

running 0 tests

test result: ok. 0 passed; 0 failed; 0 ignored; 0 measured; 0 filtered out; finished in 0.00s

   Doc-tests lens_evals_sdk

running 0 tests

test result: ok. 0 passed; 0 failed; 0 ignored; 0 measured; 0 filtered out; finished in 0.00s

   Doc-tests lens_parity

running 0 tests

test result: ok. 0 passed; 0 failed; 0 ignored; 0 measured; 0 filtered out; finished in 0.00s

   Doc-tests lens_server

running 0 tests

test result: ok. 0 passed; 0 failed; 0 ignored; 0 measured; 0 filtered out; finished in 0.00s

   Doc-tests litellm_lens

running 0 tests

test result: ok. 0 passed; 0 failed; 0 ignored; 0 measured; 0 filtered out; finished in 0.00s

   Doc-tests litellm_storage_clickhouse

running 0 tests

test result: ok. 0 passed; 0 failed; 0 ignored; 0 measured; 0 filtered out; finished in 0.00s

   Doc-tests litellm_traces

running 0 tests

test result: ok. 0 passed; 0 failed; 0 ignored; 0 measured; 0 filtered out; finished in 0.00s

   Doc-tests litellm_traces_cache

running 0 tests

test result: ok. 0 passed; 0 failed; 0 ignored; 0 measured; 0 filtered out; finished in 0.00s

   Doc-tests litellm_traces_clickhouse

running 0 tests

test result: ok. 0 passed; 0 failed; 0 ignored; 0 measured; 0 filtered out; finished in 0.00s
