    Blocking waiting for file lock on build directory
   Compiling toml_parser v1.1.3+spec-1.1.0
   Compiling axum v0.8.9
   Compiling lens-contract v0.1.0 (/Users/mfkhalil/Code/litellm-lens/src/worker/crates/contract)
   Compiling winnow v1.0.4
   Compiling toml_datetime v0.7.5+spec-1.1.0
   Compiling toml_writer v1.1.3+spec-1.1.0
   Compiling winnow v0.7.15
   Compiling serde_spanned v1.1.2
   Compiling lens-parity v0.1.0 (/Users/mfkhalil/Code/litellm-lens/src/worker/crates/parity)
   Compiling pyo3-ffi v0.29.3
   Compiling lens-auth v0.1.0 (/Users/mfkhalil/Code/litellm-lens/src/worker/crates/auth)
   Compiling pyo3 v0.29.3
   Compiling toml_edit v0.25.13+spec-1.1.0
   Compiling litellm-storage-clickhouse v0.1.0 (/Users/mfkhalil/Code/litellm-lens/src/worker/crates/storage-clickhouse)
   Compiling proc-macro-crate v3.5.0
   Compiling toml_edit v0.23.10+spec-1.0.0
   Compiling toml v0.9.12+spec-1.1.0
   Compiling rstest_macros v0.26.1
   Compiling pyo3-async-runtimes v0.29.0
   Compiling tonic v0.14.6
   Compiling lens-server v0.1.0 (/Users/mfkhalil/Code/litellm-lens/src/worker/crates/server)
   Compiling lens-evals-sdk v0.1.0 (/Users/mfkhalil/Code/litellm-lens/src/worker/crates/evals-sdk)
   Compiling rstest v0.26.1
   Compiling tonic-prost v0.14.6
   Compiling opentelemetry-proto v0.33.0
   Compiling bollard-buildkit-proto v0.7.0
   Compiling litellm-traces v0.1.0 (/Users/mfkhalil/Code/litellm-lens/src/worker/crates/traces)
   Compiling bollard-stubs v1.52.1-rc.29.1.3
   Compiling lens-evals-python v0.1.0 (/Users/mfkhalil/Code/litellm-lens/src/worker/crates/evals-python)
   Compiling litellm-traces-cache v0.1.0 (/Users/mfkhalil/Code/litellm-lens/src/worker/crates/traces-cache)
   Compiling litellm-traces-clickhouse v0.1.0 (/Users/mfkhalil/Code/litellm-lens/src/worker/crates/traces-clickhouse)
   Compiling litellm-lens v0.1.0 (/Users/mfkhalil/Code/litellm-lens/src/worker/crates/lens)
   Compiling bollard v0.20.2
   Compiling testcontainers v0.27.3
   Compiling testcontainers-modules v0.15.0
    Finished `test` profile [unoptimized + debuginfo] target(s) in 33.29s
     Running unittests src/lib.rs (/Users/mfkhalil/Code/litellm-lens/runtime/target/debug/deps/lens_auth-00ab00307f1156ee)

running 0 tests

test result: ok. 0 passed; 0 failed; 0 ignored; 0 measured; 0 filtered out; finished in 0.00s

     Running tests/session.rs (/Users/mfkhalil/Code/litellm-lens/runtime/target/debug/deps/session-27d3c319ecb8ed62)

running 88 tests
test all_gateway_claims_are_required::case_3_sub ... ok
test all_gateway_claims_are_required::case_1_iss ... ok
test all_gateway_claims_are_required::case_4_iat ... ok
test all_gateway_claims_are_required::case_2_aud ... ok
test bearer_admin_works_without_storage_or_origin::case_1_bearer ... ok
test bearer_admin_works_without_storage_or_origin::case_2_mixed_case ... ok
test all_gateway_claims_are_required::case_5_exp ... ok
test all_gateway_claims_are_required::case_6_identity ... ok
test bearer_logout_revokes_cookie_if_present::case_2_without_cookie ... ok
test bearer_logout_revokes_cookie_if_present::case_1_with_cookie ... ok
test configured_origin_retains_authority_spelling::case_2_preserve_default_port ... ok
test configured_origin_retains_authority_spelling::case_1_uppercase_authority ... ok
test cookie_expiry_is_strict::case_1_just_before ... ok
test cookie_security_follows_configuration::case_1_plain ... ok
test cookie_expiry_is_strict::case_2_at_expiry ... ok
test cookie_security_follows_configuration::case_2_tls ... ok
test cookie_expiry_is_strict::case_3_after ... ok
test cookie_security_follows_configuration::case_3_trailing_slash ... ok
test cookie_writes_require_exact_origin::case_1_get ... ok
test cookie_writes_require_exact_origin::case_2_head ... ok
test cookie_writes_require_exact_origin::case_3_options ... ok
test cookie_writes_require_exact_origin::case_4_delete ... ok
test cookie_writes_require_exact_origin::case_5_post ... ok
test cookie_writes_require_exact_origin::case_6_missing ... ok
test cookie_writes_require_exact_origin::case_7_wrong ... ok
test cookie_writes_require_exact_origin::case_8_same_host_wrong_scheme ... ok
test cookie_writes_require_exact_origin::case_9_trailing_path ... ok
test empty_authorization_uses_cookie_and_missing_cookie_requires_sign_in ... ok
test failed_sign_in_does_not_write::case_1_wrong ... ok
test failed_sign_in_does_not_write::case_2_empty ... ok
test failed_sign_in_does_not_write::case_3_same_length ... ok
test gateway_preserves_integer_coercion::case_2_integral_floats ... ok
test gateway_preserves_integer_coercion::case_1_integer_strings ... ok
test gateway_preserves_integer_coercion::case_3_signed_padded_strings ... ok
test gateway_rejects_invalid_claims::case_01_issuer ... ok
test gateway_rejects_invalid_claims::case_03_audience_array ... ok
test gateway_rejects_invalid_claims::case_04_subject ... ok
test gateway_rejects_invalid_claims::case_05_null_identity ... ok
test gateway_rejects_invalid_claims::case_02_audience ... ok
test gateway_rejects_invalid_claims::case_06_unknown_claim ... ok
test gateway_rejects_invalid_claims::case_07_unknown_identity_field ... ok
test gateway_rejects_invalid_claims::case_08_unknown_role ... ok
test gateway_rejects_invalid_claims::case_09_fractional_iat ... ok
test gateway_rejects_invalid_claims::case_10_bad_numeric_date ... ok
test gateway_rejects_invalid_claims::case_11_overflow ... ok
test gateway_rejects_invalid_claims::case_12_positive_overflow ... ok
test gateway_rejects_invalid_claims::case_13_null_date ... ok
test gateway_rejects_invalid_claims::case_14_boolean_date ... ok
test gateway_requires_expected_signature::case_1_wrong_secret ... ok
test gateway_requires_expected_signature::case_2_wrong_algorithm ... ok
test gateway_subject_binding::case_1_user_preferred ... ok
test gateway_subject_binding::case_2_token_fallback ... ok
test gateway_subject_binding::case_3_empty_user_fallback ... ok
test gateway_subject_binding::case_4_no_subject_identity ... ok
test gateway_subject_binding::case_5_cannot_use_key_when_user_present ... ok
test gateway_time_boundaries::case_1_valid ... ok
test gateway_time_boundaries::case_2_maximum_lifetime ... ok
test gateway_time_boundaries::case_3_too_long ... ok
test gateway_time_boundaries::case_4_future ... ok
test invalid_authorization_never_falls_back_to_cookie::case_1_basic ... ok
test gateway_time_boundaries::case_5_expiration_boundary ... ok
test gateway_time_boundaries::case_6_expired ... ok
test gateway_time_boundaries::case_7_previous_second ... ok
test invalid_authorization_never_falls_back_to_cookie::case_2_missing_token ... ok
test invalid_authorization_never_falls_back_to_cookie::case_3_empty_token ... ok
test invalid_authorization_never_falls_back_to_cookie::case_4_extra_space ... ok
test invalid_authorization_never_falls_back_to_cookie::case_6_tab ... ok
test invalid_authorization_never_falls_back_to_cookie::case_5_wrong_bearer ... ok
test minimum_secret_is_measured_in_characters::case_1_minimum ... ok
test logout_revokes_only_after_authorization ... ok
test minimum_secret_is_measured_in_characters::case_2_multibyte ... ok
test read_scope_preserves_authorized_teams::case_1_admin ... ok
test read_scope_preserves_authorized_teams::case_2_viewer ... ok
test read_scope_preserves_authorized_teams::case_3_unidentified ... ok
test read_scope_preserves_authorized_teams::case_4_empty_user ... ok
test read_scope_preserves_authorized_teams::case_5_owned ... ok
test unsafe_settings_fail::case_01_weak_token ... ok
test unsafe_settings_fail::case_02_empty_token ... ok
test unsafe_settings_fail::case_03_bad_url ... ok
test sign_in_stores_a_hash_with_eight_hour_expiry ... ok
test repository_failures_propagate ... ok
test unsafe_settings_fail::case_04_wrong_scheme ... ok
test unsafe_settings_fail::case_05_missing_host ... ok
test unsafe_settings_fail::case_06_username ... ok
test unsafe_settings_fail::case_07_password ... ok
test unsafe_settings_fail::case_08_path ... ok
test unsafe_settings_fail::case_09_query ... ok
test unsafe_settings_fail::case_10_fragment ... ok

test result: ok. 88 passed; 0 failed; 0 ignored; 0 measured; 0 filtered out; finished in 0.01s

     Running unittests src/lib.rs (/Users/mfkhalil/Code/litellm-lens/runtime/target/debug/deps/lens_contract-40c6b625dae83b19)

running 0 tests

test result: ok. 0 passed; 0 failed; 0 ignored; 0 measured; 0 filtered out; finished in 0.00s

     Running tests/auth.rs (/Users/mfkhalil/Code/litellm-lens/runtime/target/debug/deps/auth-530fc1f186937d6e)

running 15 tests
test identity_rejects_invalid_scope::case_3_null_role ... ok
test identity_defaults_match_gateway_contract ... ok
test identity_rejects_invalid_scope::case_2_unknown_role ... ok
test identity_rejects_invalid_scope::case_1_unknown_field ... ok
test identity_rejects_invalid_scope::case_4_numeric_id ... ok
test identity_rejects_invalid_scope::case_5_non_string_model ... ok
test identity_rejects_invalid_scope::case_6_null_teams ... ok
test role_wire_values::case_1_admin ... ok
test role_wire_values::case_2_admin_viewer ... ok
test role_wire_values::case_3_org_admin ... ok
test role_wire_values::case_4_user ... ok
test role_wire_values::case_5_user_viewer ... ok
test role_wire_values::case_6_team ... ok
test role_wire_values::case_7_customer ... ok
test session_contract_retains_exact_response ... ok

test result: ok. 15 passed; 0 failed; 0 ignored; 0 measured; 0 filtered out; finished in 0.00s

     Running unittests src/lib.rs (/Users/mfkhalil/Code/litellm-lens/runtime/target/debug/deps/_native-fbc15d1e0e257ac8)

running 0 tests

test result: ok. 0 passed; 0 failed; 0 ignored; 0 measured; 0 filtered out; finished in 0.00s

     Running unittests src/lib.rs (/Users/mfkhalil/Code/litellm-lens/runtime/target/debug/deps/lens_evals_sdk-5d005f517a5029c6)

running 0 tests

test result: ok. 0 passed; 0 failed; 0 ignored; 0 measured; 0 filtered out; finished in 0.00s

     Running tests/contract.rs (/Users/mfkhalil/Code/litellm-lens/runtime/target/debug/deps/contract-bd9c7fe9ca084c19)

running 15 tests
test github_uses_authoritative_gate::case_1_neutral ... ok
test github_uses_authoritative_gate::case_2_fail ... ok
test github_uses_authoritative_gate::case_3_pass ... ok
test golden_fixtures_round_trip::case_1_create ... ok
test golden_fixtures_round_trip::case_2_trace ... ok
test golden_fixtures_round_trip::case_4_done ... ok
test golden_fixtures_round_trip::case_3_error ... ok
test golden_fixtures_round_trip::case_5_no_baseline ... ok
test majority_missing_and_closed_results::case_1_tie ... ok
test majority_missing_and_closed_results::case_2_majority ... ok
test rejects_unrepresentable_timeout::case_1_huge_timeout ... ok
test rejects_unrepresentable_timeout::case_2_zero_timeout ... ok
test majority_missing_and_closed_results::case_3_missing ... ok
test baseline_requires_matching_scorers::case_1_same ... ok
test baseline_requires_matching_scorers::case_2_changed ... ok

test result: ok. 15 passed; 0 failed; 0 ignored; 0 measured; 0 filtered out; finished in 0.05s

     Running tests/diagnostics.rs (/Users/mfkhalil/Code/litellm-lens/runtime/target/debug/deps/diagnostics-601dc941ff0b6a8e)

running 3 tests
test doctor_distinguishes_missing_api_and_scope::case_2_scope ... ok
test doctor_distinguishes_missing_api_and_scope::case_1_missing_api ... ok
test doctor_checks_without_creating_runs ... ok

test result: ok. 3 passed; 0 failed; 0 ignored; 0 measured; 0 filtered out; finished in 0.01s

     Running tests/execution.rs (/Users/mfkhalil/Code/litellm-lens/runtime/target/debug/deps/execution-8af6f139fd8904c9)

running 10 tests
test backend_failure_is_not_a_gate_failure::case_1_failed ... ok
test backend_failure_is_not_a_gate_failure::case_3_unknown_status ... ok
test backend_failure_is_not_a_gate_failure::case_2_missing_summary ... ok
test baseline_regression_revert_repeat ... ok
test selects_cases::case_1_case_ids ... ok
test selects_cases::case_2_finding ... ok
test upload_failure_is_infrastructure ... ok
test lost_write_ack_reuses_run_and_recovers_finish::case_2_finish ... ok
test lost_write_ack_reuses_run_and_recovers_finish::case_1_create ... ok
test bounded_concurrency_and_timeout_cancellation ... ok

test result: ok. 10 passed; 0 failed; 0 ignored; 0 measured; 0 filtered out; finished in 0.65s

     Running tests/github.rs (/Users/mfkhalil/Code/litellm-lens/runtime/target/debug/deps/github-3e6cc6d749bd987c)

running 2 tests
test only_updates_owned_comments::case_1_human ... ok
test only_updates_owned_comments::case_2_bot ... ok

test result: ok. 2 passed; 0 failed; 0 ignored; 0 measured; 0 filtered out; finished in 0.01s

     Running tests/setup.rs (/Users/mfkhalil/Code/litellm-lens/runtime/target/debug/deps/setup-c8fd8349b6dc481c)

running 12 tests
test existing_files_are_untouched::case_1_eval ... ok
test existing_files_are_untouched::case_2_workflow ... ok
test keyword_imports_are_rejected::case_1_keyword ... ok
test keyword_imports_are_rejected::case_2_keyword_module ... ok
test demo_has_no_ci_gate ... ok
test malformed_configuration_has_no_partial_writes::case_1_scalar_tool ... ok
test malformed_configuration_has_no_partial_writes::case_3_malformed ... ok
test malformed_configuration_has_no_partial_writes::case_2_scalar_lens ... ok
test guided_setup_preserves_existing_configuration ... ok
test rejects_invalid_input_before_writing::case_1_invalid_dataset ... ok
test rejects_invalid_input_before_writing::case_2_invalid_task ... ok
test uv_workflow_uses_agent_environment ... ok

test result: ok. 12 passed; 0 failed; 0 ignored; 0 measured; 0 filtered out; finished in 0.00s

     Running tests/transport.rs (/Users/mfkhalil/Code/litellm-lens/runtime/target/debug/deps/transport-884294493c079de4)

running 15 tests
test bounded_retries_and_typed_failures::case_1_unauthorized ... ok
test bounded_retries_and_typed_failures::case_2_scope ... ok
test bounded_retries_and_typed_failures::case_3_closed ... ok
test rejects_invalid_resolver_responses::case_1_redirect ... ok
test legacy_resolution_keeps_pinned_revision_and_escaped_path ... ok
test rejects_invalid_resolver_responses::case_2_html ... ok
test rejects_unsafe_endpoints::case_1_remote_http ... ok
test rejects_unsafe_endpoints::case_2_credentials ... ok
test rejects_unsafe_endpoints::case_3_query ... ok
test rejects_unsafe_endpoints::case_4_fragment ... ok
test rejects_invalid_resolver_responses::case_3_identity ... ok
test rejects_wrong_download_identity::case_1_wrong_dataset ... ok
test rejects_wrong_download_identity::case_2_wrong_revision ... ok
test bounded_retries_and_typed_failures::case_5_unavailable ... ok
test bounded_retries_and_typed_failures::case_4_rate_limit ... ok

test result: ok. 15 passed; 0 failed; 0 ignored; 0 measured; 0 filtered out; finished in 0.76s

     Running unittests src/lib.rs (/Users/mfkhalil/Code/litellm-lens/runtime/target/debug/deps/lens_parity-e87fc3e16724fb89)

running 46 tests
test matcher::tests::reports_exact_mismatch_values::case_1_numeric_values ... ok
test matcher::tests::reports_structural_mismatches::case_1_object_key_set ... ok
test matcher::tests::reports_structural_mismatches::case_2_extra_object_key ... ok
test matcher::tests::reports_status_and_header_mismatches::case_1_status ... ok
test matcher::tests::reports_status_and_header_mismatches::case_2_header ... ok
test matcher::tests::reports_structural_mismatches::case_4_array_order ... ok
test matcher::tests::renders_unified_response_diff::case_1_body_change ... ok
test matcher::tests::reports_structural_mismatches::case_3_array_length ... ok
test matcher::tests::unifies_string_patterns::case_02_matches_bound_name ... ok
test matcher::tests::unifies_string_patterns::case_01_binds_unbound_name ... ok
test matcher::tests::unifies_string_patterns::case_03_rejects_different_bound_name ... ok
test matcher::tests::unifies_string_patterns::case_04_matches_substring ... ok
test matcher::tests::unifies_string_patterns::case_05_matches_placeholder_at_start ... ok
test matcher::tests::unifies_string_patterns::case_06_matches_placeholder_at_end ... ok
test matcher::tests::unifies_string_patterns::case_08_rejects_repeated_name_mismatch ... ok
test matcher::tests::unifies_string_patterns::case_07_matches_repeated_name ... ok
test matcher::tests::unifies_string_patterns::case_10_accepts_timestamp ... ok
test matcher::tests::unifies_string_patterns::case_11_rejects_timestamp ... ok
test matcher::tests::unifies_string_patterns::case_09_matches_multiple_names ... ok
test matcher::tests::unifies_string_patterns::case_12_accepts_http_date ... ok
test matcher::tests::unifies_string_patterns::case_13_rejects_http_date ... ok
test matcher::tests::unifies_string_patterns::case_14_accepts_uuid ... ok
test matcher::tests::unifies_string_patterns::case_15_rejects_uuid ... ok
test normalize::tests::normalizes_bound_and_volatile_strings::case_1_captured_values ... ok
test normalize::tests::normalizes_bound_and_volatile_strings::case_2_timestamp ... ok
test normalize::tests::normalizes_bound_and_volatile_strings::case_4_uuid ... ok
test normalize::tests::normalizes_substrings_without_changing_other_text::case_1_replaces_multiple_occurrences ... ok
test normalize::tests::normalizes_bound_and_volatile_strings::case_3_http_date ... ok
test runner::tests::captures_session_cookie_values::case_1_single_cookie ... ok
test runner::tests::captures_session_cookie_values::case_2_multiple_cookies ... ok
test runner::tests::classifies_json_media_types::case_1_json ... ok
test runner::tests::classifies_json_media_types::case_2_json_parameters ... ok
test runner::tests::classifies_json_media_types::case_3_structured_suffix ... ok
test runner::tests::classifies_json_media_types::case_4_text ... ok
test normalize::tests::normalizes_substrings_without_changing_other_text::case_2_retains_unrecognized_text ... ok
test normalize::tests::normalizes_cookie_values_but_preserves_attributes::case_1_session_cookie ... ok
test runner::tests::mints_jwt_claims_with_relative_offsets::case_02_expired ... ok
test runner::tests::mints_jwt_claims_with_relative_offsets::case_01_valid ... ok
test runner::tests::mints_jwt_claims_with_relative_offsets::case_03_wrong_audience ... ok
test runner::tests::mints_jwt_claims_with_relative_offsets::case_04_long_lifetime ... ok
test runner::tests::mints_jwt_claims_with_relative_offsets::case_05_subject_mismatch ... ok
test runner::tests::mints_jwt_claims_with_relative_offsets::case_06_wrong_issuer ... ok
test runner::tests::mints_jwt_claims_with_relative_offsets::case_07_missing_iat ... ok
test runner::tests::mints_jwt_claims_with_relative_offsets::case_08_other_team ... ok
test runner::tests::mints_jwt_claims_with_relative_offsets::case_09_other_team_viewer ... ok
test runner::tests::mints_jwt_claims_with_relative_offsets::case_10_no_team ... ok

test result: ok. 46 passed; 0 failed; 0 ignored; 0 measured; 0 filtered out; finished in 0.02s

     Running unittests src/main.rs (/Users/mfkhalil/Code/litellm-lens/runtime/target/debug/deps/lens_parity-7a5e2b6c4543c340)

running 0 tests

test result: ok. 0 passed; 0 failed; 0 ignored; 0 measured; 0 filtered out; finished in 0.00s

     Running tests/roundtrip.rs (/Users/mfkhalil/Code/litellm-lens/runtime/target/debug/deps/roundtrip-159fa558db2c2803)

running 1 test
test records_replays_and_reports_mutated_responses::case_1_records_then_replays ... ok

test result: ok. 1 passed; 0 failed; 0 ignored; 0 measured; 0 filtered out; finished in 0.69s

     Running tests/scenarios.rs (/Users/mfkhalil/Code/litellm-lens/runtime/target/debug/deps/scenarios-e78d74eb93c087ae)

running 4 tests
test scenario_sets_cover_required_routes::case_2_datasets ... ok
test auth_steps_keep_json_headers_cookie_templates_and_captures::case_1_auth ... ok
test scenario_sets_cover_required_routes::case_1_auth ... ok
test dataset_steps_keep_admin_headers_and_id_capture::case_1_datasets ... ok

test result: ok. 4 passed; 0 failed; 0 ignored; 0 measured; 0 filtered out; finished in 0.00s

     Running unittests src/lib.rs (/Users/mfkhalil/Code/litellm-lens/runtime/target/debug/deps/lens_server-ee7b358373f4b62d)

running 7 tests
test error::session_tests::authentication_errors_preserve_python_shape::case_4_storage ... ok
test error::session_tests::authentication_errors_preserve_python_shape::case_2_origin ... ok
test error::session_tests::authentication_errors_preserve_python_shape::case_1_unauthorized ... ok
test error::session_tests::authentication_errors_preserve_python_shape::case_3_conflict ... ok
test error::tests::api_errors_return_generic_json::case_1_not_found ... ok
test error::tests::api_errors_return_generic_json::case_2_unauthorized ... ok
test error::tests::api_errors_return_generic_json::case_3_internal ... ok

test result: ok. 7 passed; 0 failed; 0 ignored; 0 measured; 0 filtered out; finished in 0.00s

     Running tests/auth.rs (/Users/mfkhalil/Code/litellm-lens/runtime/target/debug/deps/auth-c551c32bb2988736)

running 6 tests
test bearer_token_extractor_accepts_only_nonempty_bearer_credentials::case_1_valid ... ok
test bearer_token_extractor_accepts_only_nonempty_bearer_credentials::case_3_missing_header ... ok
test bearer_token_extractor_accepts_only_nonempty_bearer_credentials::case_2_case_insensitive_scheme ... ok
test bearer_token_extractor_accepts_only_nonempty_bearer_credentials::case_4_basic_scheme ... ok
test bearer_token_extractor_accepts_only_nonempty_bearer_credentials::case_5_empty_token ... ok
test bearer_token_extractor_accepts_only_nonempty_bearer_credentials::case_6_missing_space ... ok

test result: ok. 6 passed; 0 failed; 0 ignored; 0 measured; 0 filtered out; finished in 0.00s

     Running tests/python_routes.rs (/Users/mfkhalil/Code/litellm-lens/runtime/target/debug/deps/python_routes-acb809a33532ef86)

running 19 tests
test malformed_python_route_lines_are_rejected::case_1_unknown_method ... ok
test malformed_python_route_lines_are_rejected::case_2_missing_leading_slash ... ok
test malformed_python_route_lines_are_rejected::case_3_missing_source ... ok
test malformed_python_route_lines_are_rejected::case_4_empty_line ... ok
test malformed_python_route_lines_are_rejected::case_5_wrong_source_prefix ... ok
test malformed_python_route_lines_are_rejected::case_6_source_path_traversal ... ok
test malformed_python_route_lines_are_rejected::case_7_path_with_whitespace ... ok
test malformed_python_route_lines_are_rejected::case_8_wrong_file_extension ... ok
test every_python_route_line_parses_and_points_to_a_source_file ... ok
test supported_http_methods_are_parsed::case_1_connect ... ok
test supported_http_methods_are_parsed::case_2_delete ... ok
test supported_http_methods_are_parsed::case_3_get ... ok
test supported_http_methods_are_parsed::case_4_head ... ok
test supported_http_methods_are_parsed::case_5_options ... ok
test supported_http_methods_are_parsed::case_6_patch ... ok
test supported_http_methods_are_parsed::case_7_post ... ok
test supported_http_methods_are_parsed::case_8_put ... ok
test supported_http_methods_are_parsed::case_9_trace ... ok
test every_python_route_remains_unserved_by_rust ... ok

test result: ok. 19 passed; 0 failed; 0 ignored; 0 measured; 0 filtered out; finished in 0.00s

     Running tests/sessions.rs (/Users/mfkhalil/Code/litellm-lens/runtime/target/debug/deps/sessions-af5f5b947be84414)

running 4 tests
test python_fixtures_replay_over_real_http_and_clickhouse::case_2_boundaries ... ok
test browser_session_survives_server_restart_and_cannot_be_replayed_after_logout::case_2_https ... ok
test browser_session_survives_server_restart_and_cannot_be_replayed_after_logout::case_1_http ... ok
test python_fixtures_replay_over_real_http_and_clickhouse::case_1_auth ... ok

test result: ok. 4 passed; 0 failed; 0 ignored; 0 measured; 0 filtered out; finished in 0.36s

     Running unittests src/lib.rs (/Users/mfkhalil/Code/litellm-lens/runtime/target/debug/deps/litellm_lens-0dd620ebac5ab377)

running 21 tests
test ingest::tests::accepted_batches_keep_the_empty_export_response::case_1_json ... ok
test ingest::tests::rejected_batches_have_matching_http_and_rpc_errors::case_1_invalid_request::content_type_2___application_x_protobuf__ ... ok
test ingest::tests::accepted_batches_keep_the_empty_export_response::case_2_protobuf ... ok
test ingest::tests::rejected_batches_have_matching_http_and_rpc_errors::case_1_invalid_request::content_type_1___application_json__ ... ok
test ingest::tests::rejected_batches_have_matching_http_and_rpc_errors::case_2_unauthenticated::content_type_1___application_json__ ... ok
test ingest::tests::rejected_batches_have_matching_http_and_rpc_errors::case_2_unauthenticated::content_type_2___application_x_protobuf__ ... ok
test ingest::tests::rejected_batches_have_matching_http_and_rpc_errors::case_3_payload_too_large::content_type_1___application_json__ ... ok
test ingest::tests::rejected_batches_have_matching_http_and_rpc_errors::case_3_payload_too_large::content_type_2___application_x_protobuf__ ... ok
test ingest::tests::rejected_batches_have_matching_http_and_rpc_errors::case_4_credentials_pending::content_type_1___application_json__ ... ok
test ingest::tests::rejected_batches_have_matching_http_and_rpc_errors::case_4_credentials_pending::content_type_2___application_x_protobuf__ ... ok
test ingest::tests::rejected_batches_have_matching_http_and_rpc_errors::case_5_storage_unavailable::content_type_2___application_x_protobuf__ ... ok
test ingest::tests::rejected_batches_have_matching_http_and_rpc_errors::case_5_storage_unavailable::content_type_1___application_json__ ... ok
test ingest::tests::rejected_batches_have_matching_http_and_rpc_errors::case_6_conflict::content_type_2___application_x_protobuf__ ... ok
test ingest::tests::rejected_batches_have_matching_http_and_rpc_errors::case_6_conflict::content_type_1___application_json__ ... ok
test sandbox::tests::output_limit_preserves_the_bounded_prefix ... ok
test sandbox::tests::scratch_limit_failure_cannot_be_overridden_by_process_completion ... ok
test tests::ninth_read_waits_for_a_permit_and_succeeds ... ok
test tests::read_queue_timeout_returns_unavailable ... ok
test sandbox::tests::completed_process_output_survives_a_monitor_io_race::case_1_successful_exit ... ok
test sandbox::tests::completed_process_output_survives_a_monitor_io_race::case_2_failed_exit ... ok
test sandbox::tests::persistent_monitor_failure_remains_an_error ... ok

test result: ok. 21 passed; 0 failed; 0 ignored; 0 measured; 0 filtered out; finished in 0.10s

     Running unittests src/main.rs (/Users/mfkhalil/Code/litellm-lens/runtime/target/debug/deps/litellm_lens-caf9e7ad7a0328c9)

running 0 tests

test result: ok. 0 passed; 0 failed; 0 ignored; 0 measured; 0 filtered out; finished in 0.00s

     Running tests/clickhouse.rs (/Users/mfkhalil/Code/litellm-lens/runtime/target/debug/deps/clickhouse-c54600f6c01ee01c)

running 4 tests
test traces_round_trip_through_real_clickhouse_with_scoped_reads::case_1_own_trace ... ignored, requires an isolated ClickHouse instance in LENS_TEST_CLICKHOUSE_URL
test traces_round_trip_through_real_clickhouse_with_scoped_reads::case_2_own_span ... ignored, requires an isolated ClickHouse instance in LENS_TEST_CLICKHOUSE_URL
test traces_round_trip_through_real_clickhouse_with_scoped_reads::case_3_missing_span ... ignored, requires an isolated ClickHouse instance in LENS_TEST_CLICKHOUSE_URL
test traces_round_trip_through_real_clickhouse_with_scoped_reads::case_4_other_key ... ignored, requires an isolated ClickHouse instance in LENS_TEST_CLICKHOUSE_URL

test result: ok. 0 passed; 0 failed; 4 ignored; 0 measured; 0 filtered out; finished in 0.00s

     Running tests/evidence.rs (/Users/mfkhalil/Code/litellm-lens/runtime/target/debug/deps/evidence-1a78958734c3d4ce)

running 9 tests
test citations_cannot_join_across_omitted_content::case_2_omission_marker ... ok
test citations_cannot_join_across_omitted_content::case_1_joined ... ok
test equal_length_edits_on_every_page_invalidate_reuse::case_2_within_first_page ... ok
test equal_length_edits_on_every_page_invalidate_reuse::case_1_first_character ... ok
test equal_length_edits_on_every_page_invalidate_reuse::case_3_end_of_first_page ... ok
test equal_length_edits_on_every_page_invalidate_reuse::case_4_start_of_second_page ... ok
test equal_length_edits_on_every_page_invalidate_reuse::case_5_within_second_page ... ok
test equal_length_edits_on_every_page_invalidate_reuse::case_6_last_character ... ok
test reads_search_citations_and_python_preserve_original_unicode_across_pages ... ok

test result: ok. 9 passed; 0 failed; 0 ignored; 0 measured; 0 filtered out; finished in 0.05s

     Running tests/journal.rs (/Users/mfkhalil/Code/litellm-lens/runtime/target/debug/deps/journal-83ffa33e4bcfaef1)

running 5 tests
test excerpts_match_the_serialized_history::case_3_second_turn ... ok
test excerpts_match_the_serialized_history::case_2_without_initial ... ok
test excerpts_match_the_serialized_history::case_1_with_initial ... ok
test small_unicode_excerpts_are_readable_from_history_over_32_mib::case_2_archived_turn ... ok
test small_unicode_excerpts_are_readable_from_history_over_32_mib::case_1_initial_context ... ok

test result: ok. 5 passed; 0 failed; 0 ignored; 0 measured; 0 filtered out; finished in 1.72s

     Running tests/receiver.rs (/Users/mfkhalil/Code/litellm-lens/runtime/target/debug/deps/receiver-8f11d55b30a434d3)

running 17 tests
test agent_picker_query_preserves_scope_through_the_internal_read_route ... ok
test feedback_summary_query_preserves_scope_through_the_internal_read_route ... ok
test feedback_rows_are_written_to_the_feedback_table ... ok
test ingestion_key_cannot_read_or_export_gateway_records ... ok
test ingestion_confirms_storage_and_overwrites_exporter_tenant ... ok
test internal_reads_refresh_delayed_gateway_amounts::case_1_list_paid ... ok
test internal_reads_refresh_delayed_gateway_amounts::case_2_list_zero ... ok
test internal_reads_refresh_delayed_gateway_amounts::case_3_detail_paid ... ok
test newly_created_key_is_retryable_until_this_replica_has_refreshed ... ok
test no_storage_or_credentials_does_not_prevent_service_liveness ... ok
test replacing_credentials_revokes_previous_keys ... ok
test only_the_service_secret_can_replace_ingestion_credentials ... ok
test shared_ingress_prefix_exposes_uploads_without_internal_control_routes ... ok
test malformed_and_oversized_uploads_never_reach_storage ... ok
test storage_failure_returns_retryable_otlp_error::case_1_refused ... ok
test storage_failure_returns_retryable_otlp_error::case_2_disk_full ... ok
test internal_reads_refresh_delayed_gateway_amounts::case_4_paged_zero ... ok

test result: ok. 17 passed; 0 failed; 0 ignored; 0 measured; 0 filtered out; finished in 5.33s

     Running tests/sandbox.rs (/Users/mfkhalil/Code/litellm-lens/runtime/target/debug/deps/sandbox-3a997298c504dc84)

running 0 tests

test result: ok. 0 passed; 0 failed; 0 ignored; 0 measured; 0 filtered out; finished in 0.00s

     Running tests/worker.rs (/Users/mfkhalil/Code/litellm-lens/runtime/target/debug/deps/worker-d2f685d33c7a2bf4)

running 18 tests
test checkpoint_history_preserves_only_the_supplied_finding_summary ... ok
test configured_private_dns_names_are_reachable_without_following_redirects ... ok
test candidate_control_failure_stops_the_run_without_publishing_partial_findings::case_2_model_access_denied ... ok
test candidate_control_failure_stops_the_run_without_publishing_partial_findings::case_1_budget_exhausted ... ok
test failed_reads_remain_retryable_after_storage_recovers::case_1_healthy_reads ... ok
test incompatible_claim_is_failed_without_calling_models ... ok
test model_contract_rejects_malformed_findings_and_repairs::case_1_wrong_title ... ok
test model_contract_rejects_malformed_findings_and_repairs::case_2_empty_evidence ... ok
test model_contract_rejects_malformed_findings_and_repairs::case_3_empty_test_cases ... ok
test model_failures_expose_only_bounded_sanitized_gateway_diagnostics::case_1_sanitized ... ok
test model_failures_expose_only_bounded_sanitized_gateway_diagnostics::case_2_raw_provider_error ... ok
test model_failures_expose_only_bounded_sanitized_gateway_diagnostics::case_3_oversized ... ok
test failed_reads_remain_retryable_after_storage_recovers::case_2_review_read_fails ... ok
test proxy_prefix_is_preserved_for_every_control_request ... ok
test failed_reads_remain_retryable_after_storage_recovers::case_3_candidate_read_fails ... ok
test worker_reviews_original_unicode_content_repairs_citations_and_submits_verified_finding ... ok
test oversized_combined_tool_replies_remain_readable_after_a_checkpoint ... ok
test candidate_control_failure_stops_the_run_without_publishing_partial_findings::case_3_model_retries_exhausted ... ok

test result: ok. 18 passed; 0 failed; 0 ignored; 0 measured; 0 filtered out; finished in 15.07s

     Running unittests src/lib.rs (/Users/mfkhalil/Code/litellm-lens/runtime/target/debug/deps/litellm_storage_clickhouse-d9173bb234524254)

running 0 tests

test result: ok. 0 passed; 0 failed; 0 ignored; 0 measured; 0 filtered out; finished in 0.00s

     Running tests/connection.rs (/Users/mfkhalil/Code/litellm-lens/runtime/target/debug/deps/connection-0da25e11a3f5e280)

running 7 tests
test accepts_only_clickhouse_http_urls::case_4_missing_host ... ok
test accepts_only_clickhouse_http_urls::case_3_tcp ... ok
test accepts_only_clickhouse_http_urls::case_1_http ... ok
test accepts_only_clickhouse_http_urls::case_2_https ... ok
test storage_rejects_invalid_database::case_1_empty ... ok
test storage_rejects_invalid_database::case_2_injection ... ok
test storage_uses_one_url_for_writes_and_bounded_reads ... ok

test result: ok. 7 passed; 0 failed; 0 ignored; 0 measured; 0 filtered out; finished in 0.00s

     Running tests/migrations.rs (/Users/mfkhalil/Code/litellm-lens/runtime/target/debug/deps/migrations-4dd6f124b506f035)

running 11 tests
test applied_int64_versions_accept_numeric_and_quoted_json::case_1_numeric ... ok
test applied_int64_versions_accept_numeric_and_quoted_json::case_2_quoted ... ok
test invalid_database_identifier_is_rejected ... ok
test edited_migration_checksum_returns_version_mismatch ... ok
test oversized_ledger_response_is_rejected_before_migrations ... ok
test revert_reports_forward_only_error ... ok
test schema_requests_override_unsafe_connection_settings ... ok
test failed_migration_is_not_recorded_and_retains_storage_error ... ok
test duplicate_ledger_rows_are_tolerated ... ok
test only_pending_migrations_execute_on_the_second_run ... ok
test unknown_source_version_is_tolerated ... ok

test result: ok. 11 passed; 0 failed; 0 ignored; 0 measured; 0 filtered out; finished in 2.51s

     Running tests/state.rs (/Users/mfkhalil/Code/litellm-lens/runtime/target/debug/deps/state-498ed7ada56b562e)

running 21 tests
test invalid_commits_fail_before_writing ... ok
test concurrent_claims_have_one_winner ... ok
test missing_payload_is_unavailable_and_never_returns_null ... ok
test payload_roundtrip_and_historical_resolve::case_2_scalars ... ok
test publication_is_atomic_and_repeating_it_cannot_advance_state ... ok
test reads_python_payloads_and_advances_the_existing_head::case_1_scalars ... ok
test reads_python_payloads_and_advances_the_existing_head::case_2_unicode ... ok
test reads_python_payloads_and_advances_the_existing_head::case_3_tombstone ... ok
test payload_roundtrip_and_historical_resolve::case_1_text ... ok
test session_storage_failure_does_not_look_like_missing_session ... ok
test sessions_preserve_python_keys_conflicts_and_tombstones ... ok
test stale_progress_cannot_publish_its_checkpoint ... ok
test stored_session_validation::case_1_python_timestamp ... ok
test stored_session_validation::case_2_offset_timestamp ... ok
test stored_session_validation::case_3_no_timezone ... ok
test stored_session_validation::case_4_missing_field ... ok
test stored_session_validation::case_5_unknown_field ... ok
test tombstones_fence_stale_writes_and_keys_page_over_prepared_records ... ok
test update_retries_contention_and_noop_preserves_revision ... ok
test isolated_container_restart_preserves_commits_and_fencing ... ok
test session_authentication_survives_forced_clickhouse_restart ... ok

test result: ok. 21 passed; 0 failed; 0 ignored; 0 measured; 0 filtered out; finished in 9.10s

     Running tests/state_transport.rs (/Users/mfkhalil/Code/litellm-lens/runtime/target/debug/deps/state_transport-dae0e62bec00e175)

running 35 tests
test duplicate_or_undecodable_payloads_fail_closed::case_2_invalid_json ... ok
test duplicate_or_undecodable_payloads_fail_closed::case_1_duplicate ... ok
test exception_headers_are_not_success_even_after_http_200::case_2_unsuccessful_query ... ok
test exception_headers_are_not_success_even_after_http_200::case_1_header ... ok
test failed_preparation_cannot_publish::case_1_head_insert ... ok
test failures_keep_conflicts_distinct_from_outages::case_1_application_conflict ... ok
test failed_preparation_cannot_publish::case_2_payload_insert ... ok
test failures_keep_conflicts_distinct_from_outages::case_2_other_throw ... ok
test failures_keep_conflicts_distinct_from_outages::case_3_keeper_conflict ... ok
test failures_keep_conflicts_distinct_from_outages::case_4_already_exists ... ok
test failures_keep_conflicts_distinct_from_outages::case_5_keeper_outage ... ok
test failures_keep_conflicts_distinct_from_outages::case_6_unknown ... ok
test heads_keep_requested_order_and_missing_keys::case_1_number ... ok
test heads_keep_requested_order_and_missing_keys::case_2_clickhouse_quoted ... ok
test invalid_references_are_rejected_without_storage::case_2_initial_has_digest ... ok
test invalid_references_are_rejected_without_storage::case_1_missing_digest ... ok
test malformed_heads_cannot_be_treated_as_missing_records::case_1_empty_digest ... ok
test malformed_heads_cannot_be_treated_as_missing_records::case_2_nonempty_initial ... ok
test malformed_heads_cannot_be_treated_as_missing_records::case_3_bad_digit ... ok
test malformed_heads_cannot_be_treated_as_missing_records::case_4_uppercase ... ok
test malformed_heads_cannot_be_treated_as_missing_records::case_5_short ... ok
test malformed_heads_cannot_be_treated_as_missing_records::case_6_unexpected_key ... ok
test malformed_heads_cannot_be_treated_as_missing_records::case_7_missing_field ... ok
test malformed_or_duplicate_rows_are_rejected::case_1_malformed ... ok
test malformed_or_duplicate_rows_are_rejected::case_2_duplicate ... ok
test pinned_reads_validate_the_payload_and_identity::case_1_corrupt_data ... ok
test pinned_reads_validate_the_payload_and_identity::case_2_wrong_revision ... ok
test pinned_reads_validate_the_payload_and_identity::case_3_wrong_key ... ok
test multi_read_retries_when_heads_move_during_payload_fetch ... ok
test response_limit_is_enforced_before_json_decoding::case_2_over_limit ... ok
test transport_failure_is_not_a_conflict ... ok
test unsafe_connection_settings_cannot_relax_state_consistency ... ok
test response_limit_is_enforced_before_json_decoding::case_1_at_limit ... ok
test encoded_commit_limit_is_enforced_before_upload::case_2_over_limit ... ok
test encoded_commit_limit_is_enforced_before_upload::case_1_at_limit ... ok

test result: ok. 35 passed; 0 failed; 0 ignored; 0 measured; 0 filtered out; finished in 4.82s

     Running tests/transport.rs (/Users/mfkhalil/Code/litellm-lens/runtime/target/debug/deps/transport-9d3f7a0922b98208)

running 13 tests
test insert_timeout_environment_child ... ok
test insert_rejects_invalid_identifiers::case_1_invalid_database ... ok
test read_rejects_empty_sql ... ok
test insert_rejects_invalid_identifiers::case_2_invalid_table ... ok
test server_result_limits_allow_smaller_pages_without_retrying_other_failures::case_1_result_limit ... ok
test server_result_limits_allow_smaller_pages_without_retrying_other_failures::case_2_memory_limit ... ok
test server_result_limits_allow_smaller_pages_without_retrying_other_failures::case_3_timeout ... ok
test server_result_limits_allow_smaller_pages_without_retrying_other_failures::case_4_unknown ... ok
test typed_fetch_encodes_parameters_and_validates_rows::case_1_valid ... ok
test typed_fetch_encodes_parameters_and_validates_rows::case_2_wrong_type ... ok
test typed_fetch_encodes_parameters_and_validates_rows::case_3_missing_column ... ok
test typed_fetch_encodes_parameters_and_validates_rows::case_4_exception ... ok
test insert_timeout_environment_controls_transport ... ok

test result: ok. 13 passed; 0 failed; 0 ignored; 0 measured; 0 filtered out; finished in 2.53s

     Running unittests src/lib.rs (/Users/mfkhalil/Code/litellm-lens/runtime/target/debug/deps/litellm_traces-ebea6cdff3578fed)

running 81 tests
test normalize::format::claude_code::tests::llm_token_sum_overflow_is_rejected ... ok
test normalize::format::claude_code::tests::span_type_attribute_then_name_select_the_observation::case_1_span_type_wins ... ok
test normalize::format::claude_code::tests::span_type_attribute_then_name_select_the_observation::case_2_name_fallback ... ok
test normalize::format::claude_code::tests::span_type_attribute_then_name_select_the_observation::case_3_unknown ... ok
test normalize::format::claude_code::tests::llm_tool_result_context_becomes_tool_message ... ok
test normalize::format::claude_code::tests::malformed_tool_input_falls_back_and_stays_in_attributes ... ok
test normalize::format::claude_code::tests::notification_prompts_keep_user_provenance_and_compaction_is_system ... ok
test normalize::format::claude_code::tests::tool_output_prefers_event_then_context::case_1_event_output ... ok
test normalize::format::claude_code::tests::tool_output_prefers_event_then_context::case_2_event_diff ... ok
test normalize::format::claude_code::tests::tool_output_prefers_event_then_context::case_3_other_event_ignored ... ok
test normalize::format::langsmith::tests::absent_llm_messages_render_as_an_empty_list ... ok
test normalize::format::claude_code::tests::tool_without_detailed_input_lists_known_arguments ... ok
test normalize::format::langsmith::tests::tool_outputs_preserve_content_and_fallbacks::case_01_null ... ok
test normalize::format::langsmith::tests::tool_outputs_preserve_content_and_fallbacks::case_02_string ... ok
test normalize::format::langsmith::tests::tool_outputs_preserve_content_and_fallbacks::case_03_wrapped_string ... ok
test normalize::format::langsmith::tests::malformed_messages_preserve_valid_input_and_response_id ... ok
test normalize::format::langsmith::tests::tool_outputs_preserve_content_and_fallbacks::case_04_repeated_output ... ok
test normalize::format::langsmith::tests::tool_outputs_preserve_content_and_fallbacks::case_05_wrapped_content ... ok
test normalize::format::langsmith::tests::tool_outputs_preserve_content_and_fallbacks::case_06_last_command_message ... ok
test normalize::format::langsmith::tests::tool_outputs_preserve_content_and_fallbacks::case_07_direct_command ... ok
test normalize::format::langsmith::tests::tool_outputs_preserve_content_and_fallbacks::case_08_empty_command ... ok
test normalize::format::langsmith::tests::tool_outputs_preserve_content_and_fallbacks::case_09_arbitrary_object ... ok
test normalize::format::langsmith::tests::tool_outputs_preserve_content_and_fallbacks::case_10_arbitrary_array ... ok
test normalize::format::langsmith::tests::tool_outputs_preserve_content_and_fallbacks::case_11_malformed ... ok
test normalize::instrumentation::llama_index::tests::agent_name_requires_a_complete_nonempty_value::case_1_named ... ok
test normalize::instrumentation::llama_index::tests::agent_name_requires_a_complete_nonempty_value::case_2_missing ... ok
test normalize::instrumentation::llama_index::tests::agent_name_requires_a_complete_nonempty_value::case_3_empty ... ok
test normalize::instrumentation::llama_index::tests::agent_name_requires_a_complete_nonempty_value::case_4_unterminated ... ok
test normalize::messages::tests::state_conversation_preserves_flat_batch_semantics::case_1_lenient_flat ... ok
test normalize::messages::tests::state_conversation_preserves_flat_batch_semantics::case_2_nested ... ok
test normalize::messages::tests::state_conversation_preserves_flat_batch_semantics::case_3_empty ... ok
test normalize::messages::tests::state_preview_requires_a_valid_conversation::case_2_malformed ... ok
test normalize::messages::tests::state_preview_requires_a_valid_conversation::case_1_first_user ... ok
test normalize::messages::tests::state_preview_requires_a_valid_conversation::case_3_missing ... ok
test normalize::messages::tests::state_preview_requires_a_valid_conversation::case_4_not_messages ... ok
test normalize::tests::format_dispatch_preserves_precedence::case_1_langsmith ... ok
test normalize::tests::format_dispatch_preserves_precedence::case_2_openinference ... ok
test normalize::tests::format_dispatch_preserves_precedence::case_3_genai ... ok
test normalize::tests::format_dispatch_preserves_precedence::case_4_claude_code ... ok
test normalize::tests::token_counts_accept_surrounding_whitespace ... ok
test normalize::tests::token_counts_outside_storage_range_are_rejected::case_1_negative ... ok
test normalize::tests::token_counts_outside_storage_range_are_rejected::case_2_overflow ... ok
test resolve::graph::tests::traversal_stops_at_missing_parents_and_cycles::case_1_missing_parent ... ok
test resolve::graph::tests::traversal_stops_at_missing_parents_and_cycles::case_2_self_link ... ok
test resolve::graph::tests::traversal_stops_at_missing_parents_and_cycles::case_3_cycle ... ok
test resolve::graph::tests::traversal_follows_links_instead_of_export_order ... ok
test truncate::tests::other_payloads_are_byte_truncated::case_1_object ... ok
test truncate::tests::other_payloads_are_byte_truncated::case_2_single_message ... ok
test truncate::tests::other_payloads_are_byte_truncated::case_3_not_messages ... ok
test truncate::tests::long_history_drops_middle_messages_and_counts_them ... ok
test truncate::tests::oversized_messages_are_shortened_not_cut::case_1_huge_first ... ok
test truncate::tests::oversized_messages_are_shortened_not_cut::case_2_two_messages ... ok
test truncate::tests::values_keep_a_whole_character_prefix::case_1_fits ... ok
test truncate::tests::values_keep_a_whole_character_prefix::case_2_ascii ... ok
test truncate::tests::values_keep_a_whole_character_prefix::case_3_splits_no_character ... ok
test truncate::tests::oversized_messages_are_shortened_not_cut::case_3_huge_first_and_last ... ok
test ui::tests::assistant_summaries_become_assistant_messages ... ok
test ui::tests::assistant_tool_calls_keep_name_and_arguments::case_1_args ... ok
test ui::tests::assistant_tool_calls_keep_name_and_arguments::case_2_arguments ... ok
test ui::tests::assistant_tool_calls_keep_name_and_arguments::case_3_openai ... ok
test ui::tests::block_content_keeps_only_display_text::case_1_text_blocks ... ok
test ui::tests::block_content_keeps_only_display_text::case_2_unrecognized_block ... ok
test ui::tests::block_content_keeps_only_display_text::case_3_number ... ok
test ui::tests::langchain_kwargs_are_unwrapped ... ok
test ui::tests::message_arrays_map_roles_and_keep_order ... ok
test ui::tests::near_summaries_stay_text::case_1_extra_field ... ok
test ui::tests::near_summaries_stay_text::case_2_missing_tool_names ... ok
test truncate::tests::oversized_non_content_fields_fall_back_to_role_and_content ... ok
test ui::tests::objects_that_are_not_messages_are_fields::case_1_role_without_content ... ok
test ui::tests::objects_that_are_not_messages_are_fields::case_2_kwargs_not_a_message ... ok
test ui::tests::other_payloads_are_text::case_1_json_string ... ok
test ui::tests::other_payloads_are_text::case_2_cut_json ... ok
test ui::tests::other_payloads_are_text::case_3_plain_words ... ok
test ui::tests::other_payloads_are_text::case_4_number ... ok
test ui::tests::other_payloads_are_text::case_5_non_message_list ... ok
test ui::tests::other_payloads_are_text::case_6_message_fields_are_not_a_message ... ok
test ui::tests::other_payloads_are_text::case_7_empty_list ... ok
test ui::tests::other_payloads_are_text::case_8_empty ... ok
test ui::tests::plain_objects_become_fields_in_key_order ... ok
test ui::tests::unknown_role_with_tool_calls_is_the_assistant ... ok
test truncate::tests::kept_messages_count_their_separators_against_the_limit ... ok

test result: ok. 81 passed; 0 failed; 0 ignored; 0 measured; 0 filtered out; finished in 0.08s

     Running tests/captures.rs (/Users/mfkhalil/Code/litellm-lens/runtime/target/debug/deps/captures-344bfd9ef8404dbf)

running 129 tests
test captured_trace_cost_matches_spend_logs::spend_logs_01__UP_traces_clickhouse_tests_fixtures_claude_agent_sdk_missing_re ... ok
test captured_trace_cost_matches_spend_logs::spend_logs_03__UP_traces_clickhouse_tests_fixtures_claude_agent_sdk_simple_spe ... ok
test captured_trace_cost_matches_spend_logs::spend_logs_05__UP_traces_clickhouse_tests_fixtures_crewai_simple_spend_logs_js ... ok
test captured_trace_cost_matches_spend_logs::spend_logs_04__UP_traces_clickhouse_tests_fixtures_claude_agent_sdk_swarm_spen ... ok
test captured_trace_cost_matches_spend_logs::spend_logs_02__UP_traces_clickhouse_tests_fixtures_claude_agent_sdk_missing_re ... ok
test captured_trace_cost_matches_spend_logs::spend_logs_06__UP_traces_clickhouse_tests_fixtures_crewai_swarm_spend_logs_jso ... ok
test captured_trace_cost_matches_spend_logs::spend_logs_07__UP_traces_clickhouse_tests_fixtures_deepagents_simple_spend_log ... ok
test captured_trace_cost_matches_spend_logs::spend_logs_09__UP_traces_clickhouse_tests_fixtures_google_adk_billed_failure_s ... ok
test captured_trace_cost_matches_spend_logs::spend_logs_10__UP_traces_clickhouse_tests_fixtures_google_adk_retry_spend_logs ... ok
test captured_trace_cost_matches_spend_logs::spend_logs_11__UP_traces_clickhouse_tests_fixtures_google_adk_simple_spend_log ... ok
test captured_trace_cost_matches_spend_logs::spend_logs_12__UP_traces_clickhouse_tests_fixtures_google_adk_stream_spend_log ... ok
test captured_trace_cost_matches_spend_logs::spend_logs_14__UP_traces_clickhouse_tests_fixtures_langchain_simple_spend_logs ... ok
test captured_trace_cost_matches_spend_logs::spend_logs_16__UP_traces_clickhouse_tests_fixtures_langgraph_simple_spend_logs ... ok
test captured_trace_cost_matches_spend_logs::spend_logs_13__UP_traces_clickhouse_tests_fixtures_google_adk_swarm_spend_logs ... ok
test captured_trace_cost_matches_spend_logs::spend_logs_17__UP_traces_clickhouse_tests_fixtures_langgraph_swarm_spend_logs_ ... ok
test captured_trace_cost_matches_spend_logs::spend_logs_18__UP_traces_clickhouse_tests_fixtures_llamaindex_simple_spend_log ... ok
test captured_trace_cost_matches_spend_logs::spend_logs_15__UP_traces_clickhouse_tests_fixtures_langchain_swarm_spend_logs_ ... ok
test captured_trace_cost_matches_spend_logs::spend_logs_08__UP_traces_clickhouse_tests_fixtures_deepagents_swarm_spend_logs ... ok
test captured_trace_cost_matches_spend_logs::spend_logs_20__UP_traces_clickhouse_tests_fixtures_mastra_simple_spend_logs_js ... ok
test captured_trace_cost_matches_spend_logs::spend_logs_22__UP_traces_clickhouse_tests_fixtures_openai_agents_simple_spend_ ... ok
test captured_trace_cost_matches_spend_logs::spend_logs_24__UP_traces_clickhouse_tests_fixtures_opentelemetry_simple_spend_ ... ok
test captured_trace_cost_matches_spend_logs::spend_logs_19__UP_traces_clickhouse_tests_fixtures_llamaindex_swarm_spend_logs ... ok
test captured_trace_cost_matches_spend_logs::spend_logs_21__UP_traces_clickhouse_tests_fixtures_mastra_swarm_spend_logs_jso ... ok
test captured_trace_cost_matches_spend_logs::spend_logs_25__UP_traces_clickhouse_tests_fixtures_opentelemetry_swarm_spend_l ... ok
test captured_trace_cost_matches_spend_logs::spend_logs_26__UP_traces_clickhouse_tests_fixtures_pydantic_ai_billed_failure_ ... ok
test captured_trace_cost_matches_spend_logs::spend_logs_28__UP_traces_clickhouse_tests_fixtures_pydantic_ai_simple_spend_lo ... ok
test captured_trace_cost_matches_spend_logs::spend_logs_29__UP_traces_clickhouse_tests_fixtures_pydantic_ai_stream_spend_lo ... ok
test captured_trace_cost_matches_spend_logs::spend_logs_27__UP_traces_clickhouse_tests_fixtures_pydantic_ai_retry_spend_log ... ok
test captured_trace_cost_matches_spend_logs::spend_logs_23__UP_traces_clickhouse_tests_fixtures_openai_agents_swarm_spend_l ... ok
test captured_trace_cost_matches_spend_logs::spend_logs_33__UP_traces_clickhouse_tests_fixtures_strands_billed_failure_spen ... ok
test captured_trace_cost_matches_spend_logs::spend_logs_32__UP_traces_clickhouse_tests_fixtures_pydantic_ai_token_limit_swa ... ok
test captured_trace_cost_matches_spend_logs::spend_logs_34__UP_traces_clickhouse_tests_fixtures_strands_retry_spend_logs_js ... ok
test captured_trace_cost_matches_spend_logs::spend_logs_35__UP_traces_clickhouse_tests_fixtures_strands_simple_spend_logs_j ... ok
test captured_trace_cost_matches_spend_logs::spend_logs_37__UP_traces_clickhouse_tests_fixtures_vercel_ai_sdk_billed_failur ... ok
test captured_trace_cost_matches_spend_logs::spend_logs_31__UP_traces_clickhouse_tests_fixtures_pydantic_ai_swarm_stream_sp ... ok
test captured_trace_cost_matches_spend_logs::spend_logs_30__UP_traces_clickhouse_tests_fixtures_pydantic_ai_swarm_spend_log ... ok
test captured_trace_cost_matches_spend_logs::spend_logs_38__UP_traces_clickhouse_tests_fixtures_vercel_ai_sdk_py_simple_spe ... ok
test captured_trace_cost_matches_spend_logs::spend_logs_40__UP_traces_clickhouse_tests_fixtures_vercel_ai_sdk_retry_spend_l ... ok
test captured_trace_cost_matches_spend_logs::spend_logs_41__UP_traces_clickhouse_tests_fixtures_vercel_ai_sdk_simple_spend_ ... ok
test captured_trace_cost_matches_spend_logs::spend_logs_42__UP_traces_clickhouse_tests_fixtures_vercel_ai_sdk_stream_spend_ ... ok
test captured_trace_cost_matches_spend_logs::spend_logs_36__UP_traces_clickhouse_tests_fixtures_strands_swarm_spend_logs_js ... ok
test redundant_genai_response_id_keeps_call_evidence::spend_logs_01__UP_traces_clickhouse_tests_fixtures_claude_agent_sdk_missing_re ... ok
test captured_trace_cost_matches_spend_logs::spend_logs_39__UP_traces_clickhouse_tests_fixtures_vercel_ai_sdk_py_swarm_spen ... ok
test redundant_genai_response_id_keeps_call_evidence::spend_logs_03__UP_traces_clickhouse_tests_fixtures_claude_agent_sdk_simple_spe ... ok
test captured_trace_cost_matches_spend_logs::spend_logs_43__UP_traces_clickhouse_tests_fixtures_vercel_ai_sdk_swarm_spend_l ... ok
test redundant_genai_response_id_keeps_call_evidence::spend_logs_05__UP_traces_clickhouse_tests_fixtures_crewai_simple_spend_logs_js ... ok
test redundant_genai_response_id_keeps_call_evidence::spend_logs_02__UP_traces_clickhouse_tests_fixtures_claude_agent_sdk_missing_re ... ok
test redundant_genai_response_id_keeps_call_evidence::spend_logs_04__UP_traces_clickhouse_tests_fixtures_claude_agent_sdk_swarm_spen ... ok
test redundant_genai_response_id_keeps_call_evidence::spend_logs_09__UP_traces_clickhouse_tests_fixtures_google_adk_billed_failure_s ... ok
test redundant_genai_response_id_keeps_call_evidence::spend_logs_07__UP_traces_clickhouse_tests_fixtures_deepagents_simple_spend_log ... ok
test redundant_genai_response_id_keeps_call_evidence::spend_logs_10__UP_traces_clickhouse_tests_fixtures_google_adk_retry_spend_logs ... ok
test redundant_genai_response_id_keeps_call_evidence::spend_logs_11__UP_traces_clickhouse_tests_fixtures_google_adk_simple_spend_log ... ok
test redundant_genai_response_id_keeps_call_evidence::spend_logs_12__UP_traces_clickhouse_tests_fixtures_google_adk_stream_spend_log ... ok
test redundant_genai_response_id_keeps_call_evidence::spend_logs_14__UP_traces_clickhouse_tests_fixtures_langchain_simple_spend_logs ... ok
test redundant_genai_response_id_keeps_call_evidence::spend_logs_06__UP_traces_clickhouse_tests_fixtures_crewai_swarm_spend_logs_jso ... ok
test redundant_genai_response_id_keeps_call_evidence::spend_logs_13__UP_traces_clickhouse_tests_fixtures_google_adk_swarm_spend_logs ... ok
test redundant_genai_response_id_keeps_call_evidence::spend_logs_16__UP_traces_clickhouse_tests_fixtures_langgraph_simple_spend_logs ... ok
test redundant_genai_response_id_keeps_call_evidence::spend_logs_18__UP_traces_clickhouse_tests_fixtures_llamaindex_simple_spend_log ... ok
test redundant_genai_response_id_keeps_call_evidence::spend_logs_17__UP_traces_clickhouse_tests_fixtures_langgraph_swarm_spend_logs_ ... ok
test redundant_genai_response_id_keeps_call_evidence::spend_logs_20__UP_traces_clickhouse_tests_fixtures_mastra_simple_spend_logs_js ... ok
test redundant_genai_response_id_keeps_call_evidence::spend_logs_21__UP_traces_clickhouse_tests_fixtures_mastra_swarm_spend_logs_jso ... ok
test redundant_genai_response_id_keeps_call_evidence::spend_logs_22__UP_traces_clickhouse_tests_fixtures_openai_agents_simple_spend_ ... ok
test redundant_genai_response_id_keeps_call_evidence::spend_logs_19__UP_traces_clickhouse_tests_fixtures_llamaindex_swarm_spend_logs ... ok
test redundant_genai_response_id_keeps_call_evidence::spend_logs_24__UP_traces_clickhouse_tests_fixtures_opentelemetry_simple_spend_ ... ok
test redundant_genai_response_id_keeps_call_evidence::spend_logs_25__UP_traces_clickhouse_tests_fixtures_opentelemetry_swarm_spend_l ... ok
test redundant_genai_response_id_keeps_call_evidence::spend_logs_26__UP_traces_clickhouse_tests_fixtures_pydantic_ai_billed_failure_ ... ok
test redundant_genai_response_id_keeps_call_evidence::spend_logs_27__UP_traces_clickhouse_tests_fixtures_pydantic_ai_retry_spend_log ... ok
test redundant_genai_response_id_keeps_call_evidence::spend_logs_28__UP_traces_clickhouse_tests_fixtures_pydantic_ai_simple_spend_lo ... ok
test redundant_genai_response_id_keeps_call_evidence::spend_logs_29__UP_traces_clickhouse_tests_fixtures_pydantic_ai_stream_spend_lo ... ok
test redundant_genai_response_id_keeps_call_evidence::spend_logs_15__UP_traces_clickhouse_tests_fixtures_langchain_swarm_spend_logs_ ... ok
test redundant_genai_response_id_keeps_call_evidence::spend_logs_30__UP_traces_clickhouse_tests_fixtures_pydantic_ai_swarm_spend_log ... ok
test redundant_genai_response_id_keeps_call_evidence::spend_logs_31__UP_traces_clickhouse_tests_fixtures_pydantic_ai_swarm_stream_sp ... ok
test redundant_genai_response_id_keeps_call_evidence::spend_logs_33__UP_traces_clickhouse_tests_fixtures_strands_billed_failure_spen ... ok
test redundant_genai_response_id_keeps_call_evidence::spend_logs_32__UP_traces_clickhouse_tests_fixtures_pydantic_ai_token_limit_swa ... ok
test redundant_genai_response_id_keeps_call_evidence::spend_logs_34__UP_traces_clickhouse_tests_fixtures_strands_retry_spend_logs_js ... ok
test redundant_genai_response_id_keeps_call_evidence::spend_logs_35__UP_traces_clickhouse_tests_fixtures_strands_simple_spend_logs_j ... ok
test redundant_genai_response_id_keeps_call_evidence::spend_logs_37__UP_traces_clickhouse_tests_fixtures_vercel_ai_sdk_billed_failur ... ok
test redundant_genai_response_id_keeps_call_evidence::spend_logs_38__UP_traces_clickhouse_tests_fixtures_vercel_ai_sdk_py_simple_spe ... ok
test redundant_genai_response_id_keeps_call_evidence::spend_logs_23__UP_traces_clickhouse_tests_fixtures_openai_agents_swarm_spend_l ... ok
test redundant_genai_response_id_keeps_call_evidence::spend_logs_40__UP_traces_clickhouse_tests_fixtures_vercel_ai_sdk_retry_spend_l ... ok
test redundant_genai_response_id_keeps_call_evidence::spend_logs_41__UP_traces_clickhouse_tests_fixtures_vercel_ai_sdk_simple_spend_ ... ok
test redundant_genai_response_id_keeps_call_evidence::spend_logs_36__UP_traces_clickhouse_tests_fixtures_strands_swarm_spend_logs_js ... ok
test redundant_genai_response_id_keeps_call_evidence::spend_logs_42__UP_traces_clickhouse_tests_fixtures_vercel_ai_sdk_stream_spend_ ... ok
test unrelated_sibling_transport_leaves_cost_unchanged::spend_logs_01__UP_traces_clickhouse_tests_fixtures_claude_agent_sdk_missing_re ... ok
test redundant_genai_response_id_keeps_call_evidence::spend_logs_39__UP_traces_clickhouse_tests_fixtures_vercel_ai_sdk_py_swarm_spen ... ok
test unrelated_sibling_transport_leaves_cost_unchanged::spend_logs_03__UP_traces_clickhouse_tests_fixtures_claude_agent_sdk_simple_spe ... ok
test redundant_genai_response_id_keeps_call_evidence::spend_logs_43__UP_traces_clickhouse_tests_fixtures_vercel_ai_sdk_swarm_spend_l ... ok
test unrelated_sibling_transport_leaves_cost_unchanged::spend_logs_05__UP_traces_clickhouse_tests_fixtures_crewai_simple_spend_logs_js ... ok
test unrelated_sibling_transport_leaves_cost_unchanged::spend_logs_02__UP_traces_clickhouse_tests_fixtures_claude_agent_sdk_missing_re ... ok
test unrelated_sibling_transport_leaves_cost_unchanged::spend_logs_04__UP_traces_clickhouse_tests_fixtures_claude_agent_sdk_swarm_spen ... ok
test unrelated_sibling_transport_leaves_cost_unchanged::spend_logs_07__UP_traces_clickhouse_tests_fixtures_deepagents_simple_spend_log ... ok
test unrelated_sibling_transport_leaves_cost_unchanged::spend_logs_06__UP_traces_clickhouse_tests_fixtures_crewai_swarm_spend_logs_jso ... ok
test unrelated_sibling_transport_leaves_cost_unchanged::spend_logs_09__UP_traces_clickhouse_tests_fixtures_google_adk_billed_failure_s ... ok
test unrelated_sibling_transport_leaves_cost_unchanged::spend_logs_10__UP_traces_clickhouse_tests_fixtures_google_adk_retry_spend_logs ... ok
test unrelated_sibling_transport_leaves_cost_unchanged::spend_logs_11__UP_traces_clickhouse_tests_fixtures_google_adk_simple_spend_log ... ok
test unrelated_sibling_transport_leaves_cost_unchanged::spend_logs_12__UP_traces_clickhouse_tests_fixtures_google_adk_stream_spend_log ... ok
test unrelated_sibling_transport_leaves_cost_unchanged::spend_logs_14__UP_traces_clickhouse_tests_fixtures_langchain_simple_spend_logs ... ok
test unrelated_sibling_transport_leaves_cost_unchanged::spend_logs_13__UP_traces_clickhouse_tests_fixtures_google_adk_swarm_spend_logs ... ok
test unrelated_sibling_transport_leaves_cost_unchanged::spend_logs_16__UP_traces_clickhouse_tests_fixtures_langgraph_simple_spend_logs ... ok
test unrelated_sibling_transport_leaves_cost_unchanged::spend_logs_08__UP_traces_clickhouse_tests_fixtures_deepagents_swarm_spend_logs ... ok
test unrelated_sibling_transport_leaves_cost_unchanged::spend_logs_15__UP_traces_clickhouse_tests_fixtures_langchain_swarm_spend_logs_ ... ok
test redundant_genai_response_id_keeps_call_evidence::spend_logs_08__UP_traces_clickhouse_tests_fixtures_deepagents_swarm_spend_logs ... ok
test unrelated_sibling_transport_leaves_cost_unchanged::spend_logs_18__UP_traces_clickhouse_tests_fixtures_llamaindex_simple_spend_log ... ok
test unrelated_sibling_transport_leaves_cost_unchanged::spend_logs_17__UP_traces_clickhouse_tests_fixtures_langgraph_swarm_spend_logs_ ... ok
test unrelated_sibling_transport_leaves_cost_unchanged::spend_logs_20__UP_traces_clickhouse_tests_fixtures_mastra_simple_spend_logs_js ... ok
test unrelated_sibling_transport_leaves_cost_unchanged::spend_logs_22__UP_traces_clickhouse_tests_fixtures_openai_agents_simple_spend_ ... ok
test unrelated_sibling_transport_leaves_cost_unchanged::spend_logs_24__UP_traces_clickhouse_tests_fixtures_opentelemetry_simple_spend_ ... ok
test unrelated_sibling_transport_leaves_cost_unchanged::spend_logs_25__UP_traces_clickhouse_tests_fixtures_opentelemetry_swarm_spend_l ... ok
test unrelated_sibling_transport_leaves_cost_unchanged::spend_logs_26__UP_traces_clickhouse_tests_fixtures_pydantic_ai_billed_failure_ ... ok
test unrelated_sibling_transport_leaves_cost_unchanged::spend_logs_19__UP_traces_clickhouse_tests_fixtures_llamaindex_swarm_spend_logs ... ok
test unrelated_sibling_transport_leaves_cost_unchanged::spend_logs_21__UP_traces_clickhouse_tests_fixtures_mastra_swarm_spend_logs_jso ... ok
test unrelated_sibling_transport_leaves_cost_unchanged::spend_logs_27__UP_traces_clickhouse_tests_fixtures_pydantic_ai_retry_spend_log ... ok
test unrelated_sibling_transport_leaves_cost_unchanged::spend_logs_28__UP_traces_clickhouse_tests_fixtures_pydantic_ai_simple_spend_lo ... ok
test unrelated_sibling_transport_leaves_cost_unchanged::spend_logs_29__UP_traces_clickhouse_tests_fixtures_pydantic_ai_stream_spend_lo ... ok
test unrelated_sibling_transport_leaves_cost_unchanged::spend_logs_23__UP_traces_clickhouse_tests_fixtures_openai_agents_swarm_spend_l ... ok
test unrelated_sibling_transport_leaves_cost_unchanged::spend_logs_32__UP_traces_clickhouse_tests_fixtures_pydantic_ai_token_limit_swa ... ok
test unrelated_sibling_transport_leaves_cost_unchanged::spend_logs_33__UP_traces_clickhouse_tests_fixtures_strands_billed_failure_spen ... ok
test unrelated_sibling_transport_leaves_cost_unchanged::spend_logs_34__UP_traces_clickhouse_tests_fixtures_strands_retry_spend_logs_js ... ok
test unrelated_sibling_transport_leaves_cost_unchanged::spend_logs_35__UP_traces_clickhouse_tests_fixtures_strands_simple_spend_logs_j ... ok
test unrelated_sibling_transport_leaves_cost_unchanged::spend_logs_37__UP_traces_clickhouse_tests_fixtures_vercel_ai_sdk_billed_failur ... ok
test unrelated_sibling_transport_leaves_cost_unchanged::spend_logs_30__UP_traces_clickhouse_tests_fixtures_pydantic_ai_swarm_spend_log ... ok
test unrelated_sibling_transport_leaves_cost_unchanged::spend_logs_38__UP_traces_clickhouse_tests_fixtures_vercel_ai_sdk_py_simple_spe ... ok
test unrelated_sibling_transport_leaves_cost_unchanged::spend_logs_31__UP_traces_clickhouse_tests_fixtures_pydantic_ai_swarm_stream_sp ... ok
test unrelated_sibling_transport_leaves_cost_unchanged::spend_logs_40__UP_traces_clickhouse_tests_fixtures_vercel_ai_sdk_retry_spend_l ... ok
test unrelated_sibling_transport_leaves_cost_unchanged::spend_logs_41__UP_traces_clickhouse_tests_fixtures_vercel_ai_sdk_simple_spend_ ... ok
test unrelated_sibling_transport_leaves_cost_unchanged::spend_logs_42__UP_traces_clickhouse_tests_fixtures_vercel_ai_sdk_stream_spend_ ... ok
test unrelated_sibling_transport_leaves_cost_unchanged::spend_logs_36__UP_traces_clickhouse_tests_fixtures_strands_swarm_spend_logs_js ... ok
test unrelated_sibling_transport_leaves_cost_unchanged::spend_logs_39__UP_traces_clickhouse_tests_fixtures_vercel_ai_sdk_py_swarm_spen ... ok
test unrelated_sibling_transport_leaves_cost_unchanged::spend_logs_43__UP_traces_clickhouse_tests_fixtures_vercel_ai_sdk_swarm_spend_l ... ok

test result: ok. 129 passed; 0 failed; 0 ignored; 0 measured; 0 filtered out; finished in 0.14s

     Running tests/normalization_formats.rs (/Users/mfkhalil/Code/litellm-lens/runtime/target/debug/deps/normalization_formats-79ace635adc9ebcb)

running 83 tests
test absent_normalized_identity_fields_stay_absent ... ok
test convention_markers_keep_genai_call_evidence::case_3_traceloop ... ok
test convention_markers_keep_genai_call_evidence::case_2_logfire ... ok
test convention_markers_keep_genai_call_evidence::case_1_langsmith ... ok
test convention_markers_keep_genai_call_evidence::case_4_vercel ... ok
test existing_formats_win_over_new_formats::case_1_langsmith ... ok
test existing_formats_win_over_new_formats::case_2_openinference ... ok
test gateway_attempt_contract_requires_recorded_request_boundary::case_1_request ... ok
test gateway_attempt_contract_requires_recorded_request_boundary::case_2_unrelated_scope ... ok
test gateway_attempt_contract_requires_recorded_request_boundary::case_3_unrelated_span ... ok
test gateway_attempt_contract_requires_recorded_request_boundary::case_4_missing_contract ... ok
test gateway_attempt_contract_requires_recorded_request_boundary::case_5_disabled_contract ... ok
test gateway_attempt_contract_requires_recorded_request_boundary::case_6_unrelated_method ... ok
test genai_event_envelopes_preserve_field_precedence::case_2_nested_missing_uses_dotted ... ok
test genai_event_envelopes_preserve_field_precedence::case_1_nested_wins ... ok
test genai_event_envelopes_preserve_field_precedence::case_3_null_message_uses_dotted ... ok
test genai_choice_events_support_flattened_tool_calls ... ok
test genai_event_envelopes_preserve_field_precedence::case_5_null_role_shadows_dotted ... ok
test genai_event_envelopes_preserve_field_precedence::case_6_null_calls_shadow_indexed ... ok
test genai_event_envelopes_preserve_field_precedence::case_4_null_content_shadows_dotted ... ok
test genai_event_envelopes_preserve_field_precedence::case_7_nested_indexed_calls ... ok
test genai_indexed_messages_support_sparse_indices::case_1_flat ... ok
test genai_indexed_messages_support_sparse_indices::case_2_wrapped ... ok
test genai_indexed_tool_only_completion_keeps_calls ... ok
test genai_message_payloads_preserve_non_conversations::case_1_single_message ... ok
test genai_message_events_extract_content_and_choice_tools ... ok
test genai_message_payloads_preserve_non_conversations::case_2_message_batch ... ok
test genai_message_payloads_preserve_non_conversations::case_3_malformed_batch ... ok
test genai_message_payloads_preserve_non_conversations::case_4_message_fields_are_not_a_message ... ok
test genai_message_payloads_preserve_non_conversations::case_5_role_without_content ... ok
test genai_model_operations_with_a_response_id_are_complete_calls::case_1_chat ... ok
test genai_model_operations_with_a_response_id_are_complete_calls::case_2_text_completion ... ok
test genai_model_operations_with_a_response_id_are_complete_calls::case_3_generate_content ... ok
test genai_model_operations_with_a_response_id_are_complete_calls::case_4_agent ... ok
test genai_model_operations_with_a_response_id_are_complete_calls::case_5_tool ... ok
test genai_payload_precedence::case_1_messages ... ok
test generic_ids_do_not_prove_call_completeness::case_1_unknown ... ok
test genai_payload_precedence::case_2_indexed ... ok
test genai_payload_precedence::case_3_events ... ok
test generic_ids_do_not_prove_call_completeness::case_2_gateway ... ok
test generic_ids_do_not_prove_call_completeness::case_3_other_format ... ok
test invalid_nested_event_messages_do_not_use_root_fields::case_1_null ... ok
test input_preview_is_the_first_user_message ... ok
test invalid_nested_event_messages_do_not_use_root_fields::case_2_array ... ok
test invalid_nested_event_messages_do_not_use_root_fields::case_3_number ... ok
test langsmith_consumption_follows_selected_payloads::case_1_both ... ok
test langsmith_consumption_follows_selected_payloads::case_2_input_only ... ok
test langsmith_consumption_follows_selected_payloads::case_3_output_only ... ok
test langsmith_kind_preserves_genai_indexed_payloads ... ok
test langsmith_response_id_is_complete_without_legacy_payloads::case_1_with_output_messages ... ok
test langsmith_response_id_is_complete_without_legacy_payloads::case_2_without_output_messages ... ok
test legacy_operation_names_are_classified::case_1_embedding ... ok
test legacy_operation_names_are_classified::case_2_completion ... ok
test legacy_token_counts_preserve_range_validation::case_1_vercel ... ok
test legacy_token_counts_preserve_range_validation::case_2_deprecated ... ok
test logfire_prompt_and_final_result_override_event_fallback ... ok
test malformed_json_preserves_recorded_payloads::case_1_vercel ... ok
test malformed_json_preserves_recorded_payloads::case_2_traceloop ... ok
test logfire_splits_recorded_message_events::case_1_all_messages ... ok
test logfire_splits_recorded_message_events::case_2_events ... ok
test modern_genai_fields_take_precedence::case_1_vercel ... ok
test modern_genai_fields_take_precedence::case_2_logfire ... ok
test native_claude_preserves_the_provider_id_family::case_1_request ... ok
test native_claude_preserves_the_provider_id_family::case_2_legacy_message ... ok
test native_claude_prompts_preserve_notification_text_and_user_role::case_1_interaction ... ok
test openinference_provider_response_identity::case_1_provider ... ok
test native_claude_prompts_preserve_notification_text_and_user_role::case_2_model_context ... ok
test openinference_provider_response_identity::case_2_llamaindex ... ok
test openinference_provider_response_identity::case_3_missing ... ok
test openinference_provider_response_identity::case_4_invalid ... ok
test traceloop_extracts_entity_payloads_and_role::case_1_agent ... ok
test traceloop_extracts_entity_payloads_and_role::case_2_workflow ... ok
test traceloop_extracts_entity_payloads_and_role::case_3_task ... ok
test traceloop_extracts_entity_payloads_and_role::case_4_tool ... ok
test traceloop_request_type_is_used_without_entity_kind::case_1_embedding ... ok
test traceloop_request_type_is_used_without_entity_kind::case_2_chat ... ok
test transport_contract_keeps_independent_call_ids ... ok
test unrelated_prompt_attributes_do_not_trigger_logfire ... ok
test vercel_embedding_records_usage_and_input ... ok
test vercel_tool_records_arguments_result_and_identity ... ok
test vercel_prompt_includes_system_and_user_messages ... ok
test vercel_preserves_messages_and_tool_calls::case_1_generate ... ok
test vercel_preserves_messages_and_tool_calls::case_2_stream ... ok

test result: ok. 83 passed; 0 failed; 0 ignored; 0 measured; 0 filtered out; finished in 0.01s

     Running tests/normalize.rs (/Users/mfkhalil/Code/litellm-lens/runtime/target/debug/deps/normalize-23f25b7247f8c8d6)

running 103 tests
test call_keys_reject_non_string_json::case_3_object ... ok
test call_keys_reject_non_string_json::case_4_array ... ok
test call_keys_reject_non_string_json::case_2_number ... ok
test call_keys_reject_non_string_json::case_1_null ... ok
test call_keys_round_trip_through_storage::case_4_transport ... ok
test call_keys_round_trip_through_storage::case_3_provider_request ... ok
test call_keys_round_trip_through_storage::case_2_response ... ok
test call_keys_round_trip_through_storage::case_1_request ... ok
test call_keys_round_trip_through_storage::case_5_gateway_attempt ... ok
test fixture_normalization::case_03_claude_agent_sdk_simple ... ok
test fixture_normalization::case_02_claude_agent_sdk_export ... ok
test fixture_normalization::case_05_claude_missing_id_simple ... ok
test fixture_normalization::case_07_crewai_simple ... ok
test fixture_normalization::case_01_claude_agent_sdk_detailed_export ... ok
test fixture_normalization::case_04_claude_agent_sdk_swarm ... ok
test fixture_normalization::case_09_deepagents_simple ... ok
test fixture_normalization::case_08_crewai_swarm ... ok
test fixture_normalization::case_11_google_adk_simple ... ok
test fixture_normalization::case_06_claude_missing_id_swarm ... ok
test fixture_normalization::case_13_langchain_simple ... ok
test fixture_normalization::case_15_langgraph_simple ... ok
test fixture_normalization::case_16_langgraph_swarm ... ok
test fixture_normalization::case_12_google_adk_swarm ... ok
test fixture_normalization::case_14_langchain_swarm ... ok
test fixture_normalization::case_18_llamaindex_simple ... ok
test fixture_normalization::case_17_langsmith_deep_agent_export ... ok
test fixture_normalization::case_20_openai_agents_simple ... ok
test fixture_normalization::case_10_deepagents_swarm ... ok
test fixture_normalization::case_22_opentelemetry_simple ... ok
test fixture_normalization::case_23_opentelemetry_swarm ... ok
test fixture_normalization::case_24_pydantic_ai_simple ... ok
test fixture_normalization::case_26_pydantic_ai_token_limit_swarm ... ok
test fixture_normalization::case_27_query_alternate ... ok
test fixture_normalization::case_28_query_children ... ok
test fixture_normalization::case_29_query_other_team ... ok
test fixture_normalization::case_30_query_root ... ok
test fixture_normalization::case_21_openai_agents_swarm ... ok
test fixture_normalization::case_19_llamaindex_swarm ... ok
test fixture_normalization::case_31_strands_simple ... ok
test fixture_normalization::case_33_vercel_ai_sdk_simple ... ok
test fixture_normalization::case_25_pydantic_ai_swarm ... ok
test fixture_normalization::case_35_google_adk_stream ... ok
test fixture_normalization::case_36_google_adk_retry ... ok
test fixture_normalization::case_38_pydantic_ai_stream ... ok
test fixture_normalization::case_37_google_adk_billed_failure ... ok
test fixture_normalization::case_34_vercel_ai_sdk_swarm ... ok
test fixture_normalization::case_40_pydantic_ai_retry ... ok
test fixture_normalization::case_32_strands_swarm ... ok
test fixture_normalization::case_41_pydantic_ai_billed_failure ... ok
test fixture_normalization::case_42_strands_retry ... ok
test fixture_normalization::case_43_vercel_ai_sdk_stream ... ok
test fixture_normalization::case_44_vercel_ai_sdk_retry ... ok
test fixture_normalization::case_45_vercel_ai_sdk_billed_failure ... ok
test fixture_normalization::case_46_strands_billed_failure ... ok
test fixture_normalization::case_47_mastra_simple ... ok
test fixture_normalization::case_49_vercel_ai_sdk_py_simple ... ok
test fixture_sdk_roles::case_01_claude_llm ... ok
test fixture_normalization::case_39_pydantic_ai_swarm_stream ... ok
test fixture_sdk_roles::case_02_openinference_llm ... ok
test fixture_sdk_roles::case_03_langchain_llm ... ok
test fixture_sdk_roles::case_05_google_llm ... ok
test fixture_sdk_roles::case_04_llamaindex_llm ... ok
test fixture_sdk_roles::case_07_strands_llm ... ok
test fixture_sdk_roles::case_06_openai_llm ... ok
test fixture_sdk_roles::case_08_crewai_wrapper ... ok
test fixture_sdk_roles::case_09_claude_interaction_wrapper ... ok
test fixture_normalization::case_48_mastra_swarm ... ok
test fixture_normalization::case_50_vercel_ai_sdk_py_swarm ... ok
test fixture_sdk_roles::case_12_deepagents_middleware ... ok
test fixture_sdk_roles::case_14_google_invocation_wrapper ... ok
test fixture_sdk_roles::case_11_claude_hook ... ok
test fixture_sdk_roles::case_13_langsmith_middleware ... ok
test fixture_sdk_roles::case_10_claude_delegation_wrapper ... ok
test fixture_sdk_roles::case_15_llamaindex_preparation ... ok
test fixture_sdk_roles::case_16_llamaindex_agent_step ... ok
test fixture_sdk_roles::case_17_llamaindex_run_wrapper ... ok
test fixture_sdk_roles::case_18_openai_agent ... ok
test fixture_sdk_roles::case_20_strands_cycle ... ok
test fixture_sdk_roles::case_22_vercel_py_llm ... ok
test fixture_sdk_roles::case_21_vercel_step ... ok
test integration_rejects_non_string_json::case_1_null ... ok
test integration_rejects_non_string_json::case_2_number ... ok
test integration_rejects_non_string_json::case_3_boolean ... ok
test fixture_sdk_roles::case_23_mastra_llm ... ok
test integration_rejects_non_string_json::case_4_array ... ok
test integration_rejects_non_string_json::case_5_object ... ok
test integration_string_round_trips::case_1_known ... ok
test integration_string_round_trips::case_2_unknown ... ok
test integration_string_round_trips::case_3_case_sensitive ... ok
test integration_string_round_trips::case_4_empty ... ok
test integration_string_round_trips::case_5_escaped_unknown ... ok
test fixture_sdk_roles::case_24_mastra_agent ... ok
test malformed_call_keys_are_rejected_at_the_boundary::case_1_missing_separator ... ok
test malformed_call_keys_are_rejected_at_the_boundary::case_2_missing_response ... ok
test malformed_call_keys_are_rejected_at_the_boundary::case_3_missing_provider_request ... ok
test malformed_call_keys_are_rejected_at_the_boundary::case_4_missing_request ... ok
test malformed_call_keys_are_rejected_at_the_boundary::case_5_transport_id ... ok
test malformed_call_keys_are_rejected_at_the_boundary::case_6_gateway_attempt_separator ... ok
test malformed_call_keys_are_rejected_at_the_boundary::case_7_gateway_attempt_id ... ok
test malformed_call_keys_are_rejected_at_the_boundary::case_8_unknown ... ok
test llamaindex_wrapped_responses_keep_provider_call_keys::case_1_simple ... ok
test fixture_sdk_roles::case_19_pydantic_tool ... ok
test llamaindex_wrapped_responses_keep_provider_call_keys::case_2_swarm ... ok

test result: ok. 103 passed; 0 failed; 0 ignored; 0 measured; 0 filtered out; finished in 0.06s

     Running tests/otlp.rs (/Users/mfkhalil/Code/litellm-lens/runtime/target/debug/deps/otlp-1734762233199ffe)

running 202 tests
test agent_context_only_refines_container_roles::case_1_subagent ... ok
test absent_native_log_context_has_encoding_independent_identity::case_2_standalone ... ok
test absent_native_log_context_has_encoding_independent_identity::case_1_session ... ok
test agent_context_only_refines_container_roles::case_2_root ... ok
test agent_context_only_refines_container_roles::case_3_middleware ... ok
test agent_context_only_refines_container_roles::case_4_compaction ... ok
test agent_context_only_refines_container_roles::case_5_compaction_model ... ok
test agent_context_only_refines_container_roles::case_6_middleware_tool ... ok
test agent_context_only_refines_container_roles::case_7_retrieval ... ok
test claude_code_scope_takes_precedence_over_other_conventions ... ok
test coding_identity_is_independent_of_model_operation::case_1_claude ... ok
test coding_identity_is_independent_of_model_operation::case_2_codex ... ok
test coding_identity_is_independent_of_model_operation::case_3_deepagents ... ok
test coding_identity_is_independent_of_model_operation::case_4_cursor ... ok
test coding_identity_is_independent_of_model_operation::case_5_pi ... ok
test coding_identity_is_independent_of_model_operation::case_6_opencode ... ok
test coding_identity_is_independent_of_model_operation::case_7_copilot ... ok
test coding_identity_is_independent_of_model_operation::case_8_extension ... ok
test configurable_decode_limits_apply_to_both_wire_formats::case_1_depth ... ok
test configurable_decode_limits_apply_to_both_wire_formats::case_2_nodes ... ok
test accepts_trace_larger_than_eight_mib ... ok
test configurable_decode_limits_apply_to_both_wire_formats::case_4_attributes ... ok
test configurable_decode_limits_apply_to_both_wire_formats::case_5_events ... ok
test configurable_decode_limits_apply_to_both_wire_formats::case_3_spans ... ok
test content_type_defaults_to_protobuf_and_rejects_unknown_values::case_1_missing_content_type ... ok
test content_type_defaults_to_protobuf_and_rejects_unknown_values::case_2_unsupported_content_type ... ok
test configurable_decode_limits_apply_to_both_wire_formats::case_6_links ... ok
test configurable_decode_limits_apply_to_both_wire_formats::case_7_decoded_bytes ... ok
test contextless_native_logs_preserve_the_entire_batch::case_2_protobuf_empty ... ok
test contextless_native_logs_preserve_the_entire_batch::case_1_json_empty ... ok
test contextless_native_logs_preserve_the_entire_batch::case_3_json_zero ... ok
test contextless_native_logs_preserve_the_entire_batch::case_4_protobuf_zero ... ok
test contextless_native_logs_preserve_the_entire_batch::case_5_trace_only ... ok
test contextless_native_logs_preserve_the_entire_batch::case_6_parent_only ... ok
test claude_agent_sdk_detailed_fixture_keeps_full_tool_arguments_and_llm_messages ... ok
test environment_decode_limits_child ... ok
test decodes_neutral_spans::case_1_json ... ok
test genai_fields_and_consumed_attributes_follow_the_same_fallback::case_1_primary ... ok
test genai_fields_and_consumed_attributes_follow_the_same_fallback::case_2_fallback ... ok
test genai_fields_and_consumed_attributes_follow_the_same_fallback::case_3_independent_fallback ... ok
test genai_message_blocks_preserve_text_without_exposing_hidden_content::case_1_image::hidden_type_1___reasoning__ ... ok
test genai_message_blocks_preserve_text_without_exposing_hidden_content::case_1_image::hidden_type_2___thinking__ ... ok
test genai_message_blocks_preserve_text_without_exposing_hidden_content::case_1_image::hidden_type_3___redacted_thinking__ ... ok
test genai_message_blocks_preserve_text_without_exposing_hidden_content::case_1_image::hidden_type_4___function_call__ ... ok
test genai_message_blocks_preserve_text_without_exposing_hidden_content::case_1_image::hidden_type_5___tool_use__ ... ok
test genai_message_blocks_preserve_text_without_exposing_hidden_content::case_1_image::hidden_type_6___tool_call__ ... ok
test genai_message_blocks_preserve_text_without_exposing_hidden_content::case_2_unknown::hidden_type_1___reasoning__ ... ok
test genai_message_blocks_preserve_text_without_exposing_hidden_content::case_2_unknown::hidden_type_2___thinking__ ... ok
test genai_message_blocks_preserve_text_without_exposing_hidden_content::case_2_unknown::hidden_type_3___redacted_thinking__ ... ok
test genai_message_blocks_preserve_text_without_exposing_hidden_content::case_2_unknown::hidden_type_4___function_call__ ... ok
test genai_message_blocks_preserve_text_without_exposing_hidden_content::case_2_unknown::hidden_type_5___tool_use__ ... ok
test genai_message_blocks_preserve_text_without_exposing_hidden_content::case_2_unknown::hidden_type_6___tool_call__ ... ok
test genai_message_blocks_preserve_text_without_exposing_hidden_content::case_3_malformed::hidden_type_1___reasoning__ ... ok
test genai_message_blocks_preserve_text_without_exposing_hidden_content::case_3_malformed::hidden_type_2___thinking__ ... ok
test genai_message_blocks_preserve_text_without_exposing_hidden_content::case_3_malformed::hidden_type_3___redacted_thinking__ ... ok
test genai_message_blocks_preserve_text_without_exposing_hidden_content::case_3_malformed::hidden_type_4___function_call__ ... ok
test genai_message_blocks_preserve_text_without_exposing_hidden_content::case_3_malformed::hidden_type_5___tool_use__ ... ok
test genai_message_blocks_preserve_text_without_exposing_hidden_content::case_3_malformed::hidden_type_6___tool_call__ ... ok
test genai_message_blocks_preserve_text_without_exposing_hidden_content::case_4_scalar::hidden_type_1___reasoning__ ... ok
test genai_message_blocks_preserve_text_without_exposing_hidden_content::case_4_scalar::hidden_type_2___thinking__ ... ok
test genai_message_blocks_preserve_text_without_exposing_hidden_content::case_4_scalar::hidden_type_3___redacted_thinking__ ... ok
test genai_message_blocks_preserve_text_without_exposing_hidden_content::case_4_scalar::hidden_type_4___function_call__ ... ok
test genai_message_blocks_preserve_text_without_exposing_hidden_content::case_4_scalar::hidden_type_5___tool_use__ ... ok
test genai_message_blocks_preserve_text_without_exposing_hidden_content::case_4_scalar::hidden_type_6___tool_call__ ... ok
test genai_message_content_preserves_text_and_non_array_fallbacks::case_1_text ... ok
test genai_message_content_preserves_text_and_non_array_fallbacks::case_2_object ... ok
test genai_message_content_preserves_text_and_non_array_fallbacks::case_3_number ... ok
test genai_message_content_preserves_text_and_non_array_fallbacks::case_4_empty_blocks ... ok
test genai_operations_and_parentage_classify_spans::case_01_agent ... ok
test genai_operations_and_parentage_classify_spans::case_02_chat ... ok
test genai_operations_and_parentage_classify_spans::case_03_completion ... ok
test genai_operations_and_parentage_classify_spans::case_04_content ... ok
test genai_operations_and_parentage_classify_spans::case_05_tool ... ok
test genai_operations_and_parentage_classify_spans::case_06_embedding ... ok
test genai_operations_and_parentage_classify_spans::case_07_retrieval ... ok
test genai_operations_and_parentage_classify_spans::case_08_workflow ... ok
test genai_operations_and_parentage_classify_spans::case_09_create_agent ... ok
test genai_operations_and_parentage_classify_spans::case_10_unknown_root ... ok
test genai_operations_and_parentage_classify_spans::case_11_unknown_child ... ok
test genai_operations_and_parentage_classify_spans::case_12_missing_root ... ok
test genai_operations_and_parentage_classify_spans::case_13_missing_child ... ok
test genai_retrieval_normalizes_query_and_documents ... ok
test interactive_claude_body_export_retains_failed_command_stdout ... ok
test environment_decode_limits_are_used_and_invalid_values_fail ... ok
test langsmith_dispatch_overrides_other_conventions::case_1_scope ... ok
test langsmith_dispatch_overrides_other_conventions::case_2_attribute ... ok
test langsmith_llm_messages_preserve_visible_content_and_tool_calls::case_1_flat ... ok
test langsmith_llm_messages_preserve_visible_content_and_tool_calls::case_2_nested ... ok
test langsmith_tool_output_unwraps_supported_shapes::case_1_string ... ok
test langsmith_tool_output_unwraps_supported_shapes::case_2_wrapped ... ok
test langsmith_tool_output_unwraps_supported_shapes::case_3_command ... ok
test langsmith_tool_output_unwraps_supported_shapes::case_4_object ... ok
test langsmith_tool_output_unwraps_supported_shapes::case_5_null ... ok
test interactive_claude_exports_join_replies_with_native_child_execution_context ... ok
test metadata_sources_merge_with_flattened_values_taking_precedence ... ok
test native_assistant_logs_preserve_visible_messages_without_counting_model_calls::case_1_main ... ok
test native_assistant_logs_preserve_visible_messages_without_counting_model_calls::case_2_subagent ... ok
test native_assistant_logs_preserve_visible_messages_without_counting_model_calls::case_3_title ... ok
test native_assistant_logs_preserve_visible_messages_without_counting_model_calls::case_4_suggestion ... ok
test native_body_exports_do_not_replay_old_tool_results::case_1_new_prompt ... ok
test native_body_exports_do_not_replay_old_tool_results::case_2_new_blocks ... ok
test native_logs_enforce_budgets_for_both_encodings::case_1_nodes ... ok
test native_logs_enforce_budgets_for_both_encodings::case_2_depth ... ok
test native_logs_enforce_budgets_for_both_encodings::case_3_bytes ... ok
test native_logs_enforce_budgets_for_both_encodings::case_4_attributes ... ok
test native_logs_reject_invalid_context::case_1_short_trace ... ok
test native_logs_reject_invalid_context::case_2_short_parent ... ok
test native_logs_reject_invalid_context::case_3_timestamp ... ok
test native_tool_log_status_accepts_boolean_and_string_values::case_1_boolean_failure ... ok
test native_tool_log_status_accepts_boolean_and_string_values::case_2_boolean_success ... ok
test native_tool_log_status_accepts_boolean_and_string_values::case_3_string_failure ... ok
test native_tool_log_status_accepts_boolean_and_string_values::case_4_string_success ... ok
test native_tool_logs_supply_arguments_and_results_without_fake_calls::case_1_tool_result ... ok
test native_tool_logs_supply_arguments_and_results_without_fake_calls::case_2_complete_body ... ok
test metadata_projection_respects_the_decoded_byte_budget ... ok
test native_tool_logs_supply_arguments_and_results_without_fake_calls::case_3_headless_body ... ok
test native_tool_logs_supply_arguments_and_results_without_fake_calls::case_4_missing_messages ... ok
test native_tool_logs_supply_arguments_and_results_without_fake_calls::case_5_wrong_content ... ok
test native_tool_logs_supply_arguments_and_results_without_fake_calls::case_6_unexpected_last_message ... ok
test native_tool_logs_supply_arguments_and_results_without_fake_calls::case_7_truncated_body ... ok
test nested_values_are_serialized_once ... ok
test normalizes_claude_agent_sdk_fixture::case_1_default_telemetry ... ok
test normalizes_langsmith_fixture ... ok
test openinference_fields_override_genai_and_usage_falls_back_per_field::case_1_specific ... ok
test openinference_fields_override_genai_and_usage_falls_back_per_field::case_2_fallback ... ok
test normalizes_claude_agent_sdk_fixture::case_2_detailed_telemetry ... ok
test openinference_fields_override_genai_and_usage_falls_back_per_field::case_3_mixed ... ok
test openinference_fields_override_genai_and_usage_falls_back_per_field::case_4_empty_specific ... ok
test openinference_llm_output_records_call_evidence::case_01_raw_response ... ok
test openinference_llm_output_records_call_evidence::case_02_wrapped_response ... ok
test openinference_llm_output_records_call_evidence::case_03_top_level_wins ... ok
test openinference_llm_output_records_call_evidence::case_04_null_top_level_shadows_raw ... ok
test openinference_llm_output_records_call_evidence::case_05_invalid_top_level_shadows_raw ... ok
test openinference_llm_output_records_call_evidence::case_06_array_raw_is_not_a_response ... ok
test openinference_llm_output_records_call_evidence::case_07_invalid_raw_keeps_top_level ... ok
test openinference_llm_output_records_call_evidence::case_08_langchain_llm_output ... ok
test openinference_llm_output_records_call_evidence::case_09_langchain_generation ... ok
test openinference_llm_output_records_call_evidence::case_10_langchain_batch ... ok
test openinference_llm_output_records_call_evidence::case_11_malformed_candidate ... ok
test openinference_llm_output_records_call_evidence::case_12_malformed_prompt ... ok
test openinference_llm_output_records_call_evidence::case_13_invalid_candidate_id ... ok
test openinference_llm_output_records_call_evidence::case_14_shared_candidate_id ... ok
test openinference_llm_output_records_call_evidence::case_15_conflicting_candidate_ids ... ok
test openinference_llm_output_records_call_evidence::case_16_multiple_prompt_ids ... ok
test openinference_llm_output_records_call_evidence::case_17_fallback_with_invalid_candidate ... ok
test openinference_llm_output_records_call_evidence::case_18_empty_generations ... ok
test openinference_llm_output_records_call_evidence::case_19_non_llm ... ok
test openinference_llm_output_records_call_evidence::case_20_not_json ... ok
test openinference_llm_output_records_call_evidence::case_21_non_string_id ... ok
test openinference_preserves_operation_and_payload_at_any_depth::case_1_retriever::root_1_true ... ok
test openinference_preserves_operation_and_payload_at_any_depth::case_1_retriever::root_2_false ... ok
test openinference_preserves_operation_and_payload_at_any_depth::case_2_embedding::root_1_true ... ok
test openinference_preserves_operation_and_payload_at_any_depth::case_2_embedding::root_2_false ... ok
test openinference_preserves_operation_and_payload_at_any_depth::case_3_reranker::root_1_true ... ok
test openinference_preserves_operation_and_payload_at_any_depth::case_3_reranker::root_2_false ... ok
test openinference_preserves_operation_and_payload_at_any_depth::case_4_guardrail::root_1_true ... ok
test openinference_preserves_operation_and_payload_at_any_depth::case_4_guardrail::root_2_false ... ok
test openinference_preserves_operation_and_payload_at_any_depth::case_5_evaluator::root_1_true ... ok
test openinference_preserves_operation_and_payload_at_any_depth::case_5_evaluator::root_2_false ... ok
test openinference_preserves_operation_and_payload_at_any_depth::case_6_prompt::root_1_true ... ok
test openinference_preserves_operation_and_payload_at_any_depth::case_6_prompt::root_2_false ... ok
test openinference_preserves_operation_and_payload_at_any_depth::case_7_decision::root_1_true ... ok
test openinference_preserves_operation_and_payload_at_any_depth::case_7_decision::root_2_false ... ok
test openinference_scope_names_the_framework::case_1_crewai ... ok
test openinference_scope_names_the_framework::case_2_multi_word ... ok
test openinference_scope_names_the_framework::case_3_other_scope ... ok
test protobuf_preflight_rejects_expansion_before_prost_allocates::case_1_depth ... ok
test query_fixtures_decode_and_normalize::case_1_root ... ok
test query_fixtures_decode_and_normalize::case_2_children ... ok
test query_fixtures_decode_and_normalize::case_3_alternate ... ok
test query_fixtures_decode_and_normalize::case_4_other_team ... ok
test rejects_ids_and_timestamps_that_cannot_be_stored::case_1_short_trace ... ok
test rejects_ids_and_timestamps_that_cannot_be_stored::case_2_zero_trace ... ok
test rejects_ids_and_timestamps_that_cannot_be_stored::case_3_short_span ... ok
test rejects_ids_and_timestamps_that_cannot_be_stored::case_4_timestamp_overflow ... ok
test rejects_ids_and_timestamps_that_cannot_be_stored::case_5_negative_duration ... ok
test rejects_invalid_payload ... ok
test rejects_json_structure_before_building_a_tree::case_1_nesting ... ok
test rejects_json_structure_before_building_a_tree::case_2_nodes ... ok
test resource_fanout_shares_one_allocation ... ok
test resource_identity_preserves_explicit_names_and_sdk_fallbacks::case_01_sdk_wrapper ... ok
test resource_identity_preserves_explicit_names_and_sdk_fallbacks::case_02_generic_fallback ... ok
test resource_identity_preserves_explicit_names_and_sdk_fallbacks::case_03_generic_explicit ... ok
test resource_identity_preserves_explicit_names_and_sdk_fallbacks::case_04_generic_service ... ok
test resource_identity_preserves_explicit_names_and_sdk_fallbacks::case_05_hermes_default ... ok
test resource_identity_preserves_explicit_names_and_sdk_fallbacks::case_06_hermes_explicit ... ok
test resource_identity_preserves_explicit_names_and_sdk_fallbacks::case_07_claude_default ... ok
test resource_identity_preserves_explicit_names_and_sdk_fallbacks::case_08_claude_service ... ok
test resource_identity_preserves_explicit_names_and_sdk_fallbacks::case_09_claude_empty_resource_name ... ok
test resource_identity_preserves_explicit_names_and_sdk_fallbacks::case_10_claude_subagent ... ok
test scope_fanout_shares_name_and_version ... ok
test session_capture_joins_native_logs_and_traces_across_turns_without_changing_span_parents ... ok
test simultaneous_native_tool_logs_keep_distinct_sequence_ids::case_1_json ... ok
test simultaneous_native_tool_logs_keep_distinct_sequence_ids::case_2_protobuf ... ok
test standard_json_and_protobuf_preserve_the_same_identifiers ... ok
test supported_content_types_select_the_decoder::case_1_json ... ok
test supported_content_types_select_the_decoder::case_2_protobuf ... ok
test supported_content_types_select_the_decoder::case_3_protobuf_alias ... ok
test unique_attribute_expansion_still_respects_decoded_budget ... ok
test decoder_does_not_enforce_the_http_body_limit ... ok
test escaped_attribute_expansion_is_bounded_below_four_mib ... ok
test protobuf_preflight_rejects_expansion_before_prost_allocates::case_2_nodes ... ok

test result: ok. 202 passed; 0 failed; 0 ignored; 0 measured; 0 filtered out; finished in 0.19s

     Running tests/query.rs (/Users/mfkhalil/Code/litellm-lens/runtime/target/debug/deps/query-8047b6a125e161c0)

running 24 tests
test invalid_names_preserve_the_public_error::case_4_empty ... ok
test invalid_names_preserve_the_public_error::case_2_case_sensitive ... ok
test invalid_names_preserve_the_public_error::case_3_whitespace ... ok
test invalid_names_preserve_the_public_error::case_1_unknown ... ok
test named::named_requests_preserve_all_access_cases::case_2_own_user ... ok
test named::named_requests_preserve_all_access_cases::case_1_admin ... ok
test named::named_requests_preserve_all_access_cases::case_4_no_identity ... ok
test named::named_requests_preserve_all_access_cases::case_3_multiple_teams ... ok
test names_select_the_public_query::case_01_list_traces ... ok
test names_select_the_public_query::case_02_trace_agents ... ok
test names_select_the_public_query::case_03_trace_spans ... ok
test names_select_the_public_query::case_04_span_detail ... ok
test names_select_the_public_query::case_05_span_error ... ok
test names_select_the_public_query::case_06_identity ... ok
test names_select_the_public_query::case_07_spend ... ok
test names_select_the_public_query::case_08_availability ... ok
test names_select_the_public_query::case_09_agents ... ok
test names_select_the_public_query::case_10_sample ... ok
test names_select_the_public_query::case_11_content ... ok
test named::result_contracts_preserve_public_field_names ... ok
test names_select_the_public_query::case_12_evidence ... ok
test names_select_the_public_query::case_13_feedback_target ... ok
test names_select_the_public_query::case_14_feedback ... ok
test names_select_the_public_query::case_15_feedback_summary ... ok

test result: ok. 24 passed; 0 failed; 0 ignored; 0 measured; 0 filtered out; finished in 0.00s

     Running tests/query_access.rs (/Users/mfkhalil/Code/litellm-lens/runtime/target/debug/deps/query_access-5cb1bee3eaeaf73a)

running 14 tests
test scope_rejects_invalid_wire_shape::case_1_unknown_kind ... ok
test scope_rejects_invalid_wire_shape::case_3_legacy_admin ... ok
test scope_rejects_invalid_wire_shape::case_2_unknown_field ... ok
test all_preserves_existing_extra_field_handling ... ok
test scope_rejects_invalid_wire_shape::case_4_legacy_logs ... ok
test scope_rejects_invalid_wire_shape::case_5_legacy_team ... ok
test scope_rejects_invalid_wire_shape::case_6_key_scope ... ok
test scope_rejects_invalid_wire_shape::case_7_key_grant ... ok
test scope_validation_preserves_authorization_and_wire_shape::case_1_all ... ok
test scope_validation_preserves_authorization_and_wire_shape::case_2_own_user ... ok
test scope_validation_preserves_authorization_and_wire_shape::case_3_permitted_teams ... ok
test scope_validation_preserves_authorization_and_wire_shape::case_4_own_user_and_permitted_teams ... ok
test scope_validation_preserves_authorization_and_wire_shape::case_5_no_identity ... ok
test scope_validation_preserves_authorization_and_wire_shape::case_6_empty_permitted_team ... ok

test result: ok. 14 passed; 0 failed; 0 ignored; 0 measured; 0 filtered out; finished in 0.00s

     Running tests/query_guide.rs (/Users/mfkhalil/Code/litellm-lens/runtime/target/debug/deps/query_guide-65f6762271aebf05)

running 2 tests
test guide_preserves_supplied_content_and_order::case_1_empty ... ok
test guide_preserves_supplied_content_and_order::case_2_supplied ... ok

test result: ok. 2 passed; 0 failed; 0 ignored; 0 measured; 0 filtered out; finished in 0.00s

     Running tests/request_schema.rs (/Users/mfkhalil/Code/litellm-lens/runtime/target/debug/deps/request_schema-300ed50afcf893d9)

running 0 tests

test result: ok. 0 passed; 0 failed; 0 ignored; 0 measured; 0 filtered out; finished in 0.00s

     Running tests/resolve.rs (/Users/mfkhalil/Code/litellm-lens/runtime/target/debug/deps/resolve-560457b305aa6590)

running 145 tests
test agents_named_only_by_their_tools_are_agents ... ok
test ambiguous_response_id_keeps_cost_unknown ... ok
test a_single_matched_row_is_matched_whatever_its_cost::case_2_finite_cost ... ok
test a_single_matched_row_is_matched_whatever_its_cost::case_1_missing_cost ... ok
test call_id_picks_the_call_when_its_response_id_has_a_cache_hit_twin ... ok
test complete_correlation_requires_known_finite_cost::case_1_missing ... ok
test call_id_prices_a_legacy_spend_log_without_litellm_call_id ... ok
test complete_correlation_requires_known_finite_cost::case_2_free ... ok
test complete_correlation_requires_known_finite_cost::case_3_paid ... ok
test complete_correlation_requires_known_finite_cost::case_4_nan ... ok
test complete_correlation_requires_known_finite_cost::case_5_infinity ... ok
test complete_wrapper_accounts_for_retries_missing_from_the_call_span ... ok
test conflicting_complete_wrapper_cannot_price_an_unrelated_call ... ok
test complete_wrapper_reconciles_ambiguous_response::case_1_narrows_ambiguity ... ok
test complete_wrapper_reconciles_ambiguous_response::case_2_conflicting_exact_request ... ok
test cost_requires_shared_ownership::case_1_key_differs ... ok
test conflicting_keys_cannot_agree_on_request_id_alone ... ok
test cost_requires_shared_ownership::case_2_shared_key ... ok
test cost_requires_shared_ownership::case_3_shared_user ... ok
test cost_requires_shared_ownership::case_4_teamless_key ... ok
test cost_requires_shared_ownership::case_5_other_team ... ok
test cost_requires_shared_ownership::case_6_other_user ... ok
test cost_requires_shared_ownership::case_7_no_shared_identity ... ok
test cost_requires_shared_ownership::case_8_no_identity ... ok
test cost_requires_shared_ownership::case_9_master_key_without_spend_key ... ok
test empty_root_preview_uses_the_earliest_agent_or_model_input ... ok
test gateway_attempt_identifiers_must_match_one_spend_row::case_2_conflicting_gateway_id ... ok
test gateway_attempt_identifiers_must_match_one_spend_row::case_1_agreeing_ids ... ok
test gateway_attempt_identifiers_must_match_one_spend_row::case_3_conflicting_response_id ... ok
test gateway_attempt_identifiers_must_match_one_spend_row::case_4_conflicting_gateway_and_response ... ok
test gateway_attempt_identifiers_must_match_one_spend_row::case_6_conflicting_gateway_attempt ... ok
test gateway_attempt_identifiers_must_match_one_spend_row::case_5_agreeing_gateway_attempt ... ok
test gateway_id_miss_only_vetoes_rows_that_carry_a_call_id::case_1_legacy_row ... ok
test gateway_id_miss_only_vetoes_rows_that_carry_a_call_id::case_2_other_call ... ok
test gateway_lookup_respects_legacy_fallback_and_ownership::case_1_gateway ... ok
test gateway_lookup_respects_legacy_fallback_and_ownership::case_2_legacy ... ok
test gateway_lookup_respects_legacy_fallback_and_ownership::case_3_conflict ... ok
test gateway_lookup_respects_legacy_fallback_and_ownership::case_4_other_team ... ok
test gateway_lookup_respects_legacy_fallback_and_ownership::case_5_other_key ... ok
test independent_key_disambiguates_repeated_request_ids::case_1_gateway ... ok
test iso_time_matches_python_isoformat::case_1_whole_second ... ok
test iso_time_matches_python_isoformat::case_2_milliseconds ... ok
test independent_key_disambiguates_repeated_request_ids::case_2_transport ... ok
test iso_time_matches_python_isoformat::case_3_before_epoch ... ok
test legacy_request_id_fallback_respects_recorded_evidence::case_2_unknown ... ok
test legacy_request_id_fallback_respects_recorded_evidence::case_4_complete ... ok
test legacy_request_id_fallback_respects_recorded_evidence::case_3_partial ... ok
test legacy_request_id_fallback_respects_recorded_evidence::case_1_legacy ... ok
test listed_summary_keeps_rollup_counts_with_unknown_cost ... ok
test malformed_stored_span_fields_are_rejected::case_1_wrapper ... ok
test malformed_stored_span_fields_are_rejected::case_2_truncation ... ok
test malformed_stored_span_fields_are_rejected::case_3_call_key ... ok
test malformed_stored_span_fields_are_rejected::case_4_call_evidence ... ok
test malformed_stored_span_fields_are_rejected::case_5_role ... ok
test model_call_span_cost_agrees_with_the_run_total_when_priced_from_related_evidence::case_1_wrapper_without_leaf_id ... ok
test model_call_span_cost_agrees_with_the_run_total_when_priced_from_related_evidence::case_2_wrapper_with_partial_leaf ... ok
test model_call_span_cost_agrees_with_the_run_total_when_priced_from_related_evidence::case_3_transport_without_leaf_id ... ok
test model_call_span_cost_agrees_with_the_run_total_when_priced_from_related_evidence::case_4_transport_with_partial_leaf ... ok
test multiple_identifiers_for_one_request_count_its_spend_once::case_1_same_request ... ok
test model_calls_link_the_spend_log_they_were_priced_from ... ok
test named_wrapper_inside_the_same_agent_is_a_chain ... ok
test multiple_identifiers_for_one_request_count_its_spend_once::case_2_ambiguous_response ... ok
test names_and_frameworks_are_sorted_and_distinct ... ok
test native_cost_uses_typed_ids_or_the_original_transport::case_1_native_id::grouped_1_false ... ok
test native_cost_uses_typed_ids_or_the_original_transport::case_1_native_id::grouped_2_true ... ok
test native_cost_uses_typed_ids_or_the_original_transport::case_2_historical_id::grouped_1_false ... ok
test native_cost_uses_typed_ids_or_the_original_transport::case_2_historical_id::grouped_2_true ... ok
test native_cost_uses_typed_ids_or_the_original_transport::case_3_legacy_message_id::grouped_1_false ... ok
test native_cost_uses_typed_ids_or_the_original_transport::case_3_legacy_message_id::grouped_2_true ... ok
test native_cost_uses_typed_ids_or_the_original_transport::case_4_transport::grouped_1_false ... ok
test native_cost_uses_typed_ids_or_the_original_transport::case_4_transport::grouped_2_true ... ok
test native_cost_uses_typed_ids_or_the_original_transport::case_5_no_correlation::grouped_1_false ... ok
test native_tool_failure_log_matches_by_call_id_without_double_counting::case_1_matching ... ok
test native_cost_uses_typed_ids_or_the_original_transport::case_5_no_correlation::grouped_2_true ... ok
test native_tool_failure_log_matches_by_call_id_without_double_counting::case_2_other_tool ... ok
test native_tool_status_uses_only_its_own_execution_error::case_1_matching ... ok
test native_tool_status_uses_only_its_own_execution_error::case_2_other_tool ... ok
test native_tool_status_uses_only_its_own_execution_error::case_3_child_agent ... ok
test no_rows_is_no_trace ... ok
test no_priced_call_leaves_cost_unknown ... ok
test only_ids_litellm_assigned_join_spend::case_1_response_id ... ok
test only_ids_litellm_assigned_join_spend::case_2_gateway_call_id ... ok
test only_ids_litellm_assigned_join_spend::case_3_other_call_id ... ok
test only_ids_litellm_assigned_join_spend::case_4_request_id_is_not_a_call_id ... ok
test only_ids_litellm_assigned_join_spend::case_5_transport ... ok
test only_ids_litellm_assigned_join_spend::case_6_gateway_attempt ... ok
test overlapping_model_spans_count_leaf_usage_and_keep_agent_ownership::case_1_parent_first ... ok
test overlapping_model_spans_count_leaf_usage_and_keep_agent_ownership::case_2_child_first ... ok
test overlapping_tool_spans_count_one_call ... ok
test parent_agent_skips_same_name_ancestors_and_stops_at_cycles ... ok
test partial_trace_total_counts_only_complete_calls::case_1_missing_id ... ok
test partial_trace_total_counts_only_complete_calls::case_2_missing_spend ... ok
test provider_request_id_cannot_match_a_message_id_of_the_same_value ... ok
test partial_trace_total_counts_only_complete_calls::case_3_duplicate_spend ... ok
test recorded_gateway_id_must_agree_unless_spend_predates_gateway_ids::case_1_legacy_row_without_call_id ... ok
test recorded_gateway_id_must_agree_unless_spend_predates_gateway_ids::case_2_call_id_names_nothing ... ok
test repeated_request_ids_preserve_storage_identity::case_1_oldest_first ... ok
test repeated_request_ids_preserve_storage_identity::case_2_newest_first ... ok
test repeated_response_counts_once_and_other_owners_are_ignored ... ok
test repeated_response_id_counts_once ... ok
test response_id_and_call_id_must_name_the_same_request::case_1_same_request ... ok
test response_id_and_call_id_must_name_the_same_request::case_2_conflicting_requests ... ok
test sibling_transport_does_not_lose_model_call_spend::case_1_without_tool_http_sibling ... ok
test sibling_transport_does_not_lose_model_call_spend::case_2_after_call ... ok
test sibling_transport_does_not_lose_model_call_spend::case_3_inside_call_without_spend ... ok
test sibling_transport_does_not_lose_model_call_spend::case_4_inside_call_with_unrelated_spend ... ok
test sibling_transport_does_not_lose_model_call_spend::case_5_missing_gateway_attempt ... ok
test sibling_transports_belong_to_the_only_model_call_under_their_parent::case_1_lone_call ... ok
test sibling_transports_belong_to_the_only_model_call_under_their_parent::case_2_two_calls ... ok
test spend_logs_price_only_calls_in_their_own_team::case_1_same_team ... ok
test spans_are_offset_from_the_trace_start ... ok
test spend_logs_price_only_calls_in_their_own_team::case_2_other_team ... ok
test spend_lookup_collects_only_assigned_ids ... ok
test spend_lookup_fetches_recorded_keys_before_resolving_completeness::case_1_unknown ... ok
test spend_lookup_fetches_recorded_keys_before_resolving_completeness::case_2_complete ... ok
test stored_response_id_requires_complete_call_evidence::case_1_legacy ... ok
test stored_response_id_requires_complete_call_evidence::case_2_unknown ... ok
test stored_response_id_requires_complete_call_evidence::case_3_partial ... ok
test summary_source_carries_who_started_it::case_1_set ... ok
test stored_response_id_requires_complete_call_evidence::case_4_complete ... ok
test summary_counts_model_calls_tools_and_agents ... ok
test summary_source_carries_who_started_it::case_2_missing ... ok
test summary_source_links_where_the_run_started::case_1_root_wins ... ok
test summary_source_links_where_the_run_started::case_2_earliest_child_when_root_has_none ... ok
test summary_source_links_where_the_run_started::case_3_non_https_is_dropped ... ok
test summary_source_links_where_the_run_started::case_4_absent ... ok
test summary_source_type_picks_the_app::case_1_slack ... ok
test summary_source_type_picks_the_app::case_2_teams ... ok
test summary_source_type_picks_the_app::case_3_custom ... ok
test summary_source_type_picks_the_app::case_4_unknown_is_custom ... ok
test summary_source_type_picks_the_app::case_5_missing_is_custom ... ok
test totals_deduplicate_only_equal_storage_identities::case_1_same_row ... ok
test totals_deduplicate_only_equal_storage_identities::case_2_distinct_rows ... ok
test trace_cost_requires_a_finite_total::case_1_finite ... ok
test trace_cost_requires_a_finite_total::case_2_overflow ... ok
test transport_spans_complete_a_call_without_its_own_id ... ok
test transports_preserve_retry_spend_without_counting_unrelated_cached_rows::case_1_complete_retry ... ok
test transports_preserve_retry_spend_without_counting_unrelated_cached_rows::case_2_missing_retry ... ok
test transports_preserve_retry_spend_without_counting_unrelated_cached_rows::case_3_unknown_retry ... ok
test transports_preserve_retry_spend_without_counting_unrelated_cached_rows::case_4_partial_retry ... ok
test unnamed_calls_belong_to_the_nearest_agent_and_wrappers_are_not_agents ... ok
test unpriced_call_leaves_a_partial_total_of_the_priced_calls ... ok
test upstream_response_id_inside_a_managed_id_joins_spend ... ok
test wrapper_recording_a_retry_and_its_final_attempt_prices_both ... ok
test repeated_subagent_invocations_aggregate_into_one_node ... ok

test result: ok. 145 passed; 0 failed; 0 ignored; 0 measured; 0 filtered out; finished in 0.01s

     Running tests/response_schema.rs (/Users/mfkhalil/Code/litellm-lens/runtime/target/debug/deps/response_schema-8a2756e4ca377b7e)

running 0 tests

test result: ok. 0 passed; 0 failed; 0 ignored; 0 measured; 0 filtered out; finished in 0.00s

     Running tests/shared.rs (/Users/mfkhalil/Code/litellm-lens/runtime/target/debug/deps/shared-336ef077c3912c78)

running 2 tests
test clones_share_storage_without_merging_equal_values ... ok
test clones_preserve_values_and_serialize_transparently ... ok

test result: ok. 2 passed; 0 failed; 0 ignored; 0 measured; 0 filtered out; finished in 0.00s

     Running unittests src/lib.rs (/Users/mfkhalil/Code/litellm-lens/runtime/target/debug/deps/litellm_traces_cache-1151d6672fa9f90a)

running 18 tests
test cache::tests::freshness_settles_traces_without_model_calls_once_spans_stop::case_2_quiet_just_under ... ok
test cache::tests::freshness_settles_traces_without_model_calls_once_spans_stop::case_1_just_ended ... ok
test cache::tests::estimated_amounts_do_not_settle_pending_gateway_spend::case_2_catalog_estimate ... ok
test cache::tests::estimated_amounts_do_not_settle_pending_gateway_spend::case_1_missing_log ... ok
test cache::tests::freshness_settles_traces_without_model_calls_once_spans_stop::case_3_quiet_long_enough ... ok
test cache::tests::idle_native_sessions_remain_live::case_2_claude_agent_sdk ... ok
test cache::tests::idle_native_sessions_remain_live::case_1_claude_code ... ok
test cursor::tests::malformed_diagnostic_cursors_are_rejected::case_1_not_base64 ... ok
test cursor::tests::diagnostic_cursor_requires_a_content_version::case_2_short_version ... ok
test cursor::tests::diagnostic_cursor_requires_a_content_version::case_1_lowercase_version ... ok
test cursor::tests::malformed_diagnostic_cursors_are_rejected::case_2_missing_fields ... ok
test cursor::tests::malformed_trace_cursors_are_rejected::case_1_not_base64 ... ok
test cursor::tests::malformed_diagnostic_cursors_are_rejected::case_3_not_an_object ... ok
test cursor::tests::malformed_trace_cursors_are_rejected::case_2_not_json ... ok
test cursor::tests::malformed_trace_cursors_are_rejected::case_3_numeric_reference ... ok
test cursor::tests::malformed_trace_cursors_are_rejected::case_4_zero_start ... ok
test cursor::tests::trace_cursor_round_trips_the_last_listed_run ... ok
test cache::tests::weighted_capacity_bounds_retained_snapshots ... ok

test result: ok. 18 passed; 0 failed; 0 ignored; 0 measured; 0 filtered out; finished in 0.00s

     Running tests/read.rs (/Users/mfkhalil/Code/litellm-lens/runtime/target/debug/deps/read-a12d64619b02a677)

running 24 tests
test ambiguous_trace_references_fail_and_a_single_reference_is_resolved ... ok
test concurrent_and_repeated_opens_share_one_storage_read ... ok
test failed_batch_spend_lookup_falls_back_to_each_run_instead_of_losing_every_cost ... ok
test failed_reads_are_not_cached ... ok
test concurrent_pages_of_an_evicted_snapshot_share_one_storage_read ... ok
test failed_spend_lookup_preserves_the_trace_with_unknown_spend ... ok
test gateway_cost_refreshes_until_every_model_call_is_priced::case_1_missing ... ok
test gateway_cost_refreshes_until_every_model_call_is_priced::case_3_delayed_zero ... ok
test gateway_cost_refreshes_until_every_model_call_is_priced::case_2_partial ... ok
test gateway_cost_refreshes_until_every_model_call_is_priced::case_4_null_amount ... ok
test invalid_page_sizes_are_rejected::case_1_zero ... ok
test invalid_page_sizes_are_rejected::case_2_above_max ... ok
test list_run_budget_halves_the_limit_and_cursor_requires_a_full_page ... ok
test gateway_cost_refreshes_until_every_model_call_is_priced::case_7_incomplete_identity ... ok
test gateway_cost_refreshes_until_every_model_call_is_priced::case_5_complete_zero ... ok
test gateway_cost_refreshes_until_every_model_call_is_priced::case_6_no_call_id ... ok
test oversized_run_batch_falls_back_to_each_run_and_keeps_listed_summaries ... ok
test pages_reuse_one_trace_snapshot_and_concatenate_in_order ... ok
test listed_runs_are_read_once_until_a_live_run_expires ... ok
test response_size_splits_pages_and_rejects_a_single_oversized_span ... ok
test zero_list_limit_is_rejected ... ok
test snapshot_versions_are_stable_across_readers_and_detect_changes ... ok
test resumed_native_sessions_refresh_after_live_ttl::case_2_claude_agent_sdk ... ok
test resumed_native_sessions_refresh_after_live_ttl::case_1_claude_code ... ok

test result: ok. 24 passed; 0 failed; 0 ignored; 0 measured; 0 filtered out; finished in 15.62s

     Running tests/snapshots.rs (/Users/mfkhalil/Code/litellm-lens/runtime/target/debug/deps/snapshots-d46a79a00acae54d)

running 12 tests
test cached_trace_is_isolated_by_access_scope::case_2_different_user ... ok
test cached_trace_is_isolated_by_access_scope::case_3_different_scope ... ok
test cached_trace_is_isolated_by_key_fields::case_1_different_source ... ok
test cached_trace_is_isolated_by_access_scope::case_1_different_team ... ok
test cached_trace_is_isolated_by_key_fields::case_2_different_trace_id ... ok
test cached_trace_is_isolated_by_key_fields::case_3_different_trace_ref ... ok
test cached_trace_is_isolated_by_key_fields::case_4_different_snapshot_ms ... ok
test snapshot_at_the_size_limit_is_accepted ... ok
test snapshot_one_byte_over_the_size_limit_is_rejected ... ok
test snapshot_version_tracks_the_ordered_span_ids::case_2_different_ids ... ok
test snapshot_version_tracks_the_ordered_span_ids::case_1_same_ids ... ok
test snapshots_expire_when_idle ... ok

test result: ok. 12 passed; 0 failed; 0 ignored; 0 measured; 0 filtered out; finished in 0.21s

     Running unittests src/lib.rs (/Users/mfkhalil/Code/litellm-lens/runtime/target/debug/deps/litellm_traces_clickhouse-9d37ab6afdcabf63)

running 49 tests
test insert::tests::encoded_limit_counts_utf8_bytes_across_rows ... ok
test insert::tests::stamped_insert_enforces_the_encoded_limit ... ok
test insert::tests::streamed_insert_preserves_token_and_stamps_receive_time::case_1_absent ... ok
test insert::tests::streamed_insert_preserves_token_and_stamps_receive_time::case_2_submitted ... ok
test query::named::tests::parameters_preserve_flattened_multi_team_access::case_1_unquoted ... ok
test query::named::tests::parameters_preserve_flattened_multi_team_access::case_2_quoted ... ok
test query::named::tests::spend_rows_preserve_unknown_and_known_cost::case_1_unknown ... ok
test query::named::tests::spend_rows_preserve_unknown_and_known_cost::case_2_free ... ok
test query::named::tests::spend_rows_preserve_unknown_and_known_cost::case_3_paid ... ok
test query::named::tests::rows_decode_into_neutral_contracts::case_1_unquoted ... ok
test query::named::tests::spend_rows_reject_invalid_cost::case_1_nan ... ok
test query::named::tests::rows_decode_into_neutral_contracts::case_2_quoted ... ok
test query::named::tests::spend_rows_reject_invalid_cost::case_2_infinity ... ok
test query::named::tests::spend_rows_reject_invalid_cost::case_3_boolean ... ok
test query::number::tests::access_rejects_non_boolean_flags::case_2_flag_one ... ok
test query::number::tests::access_rejects_non_boolean_flags::case_1_flag_zero ... ok
test query::number::tests::access_rejects_non_boolean_flags::case_3_invalid_flag ... ok
test query::number::tests::content_rejects_unsupported_sources::case_2_request ... ok
test query::number::tests::content_rejects_unsupported_sources::case_1_trace ... ok
test query::number::tests::content_rejects_unsupported_sources::case_3_both ... ok
test query::number::tests::content_rejects_unsupported_sources::case_4_unknown ... ok
test query::number::tests::numeric_rows_enforce_integer_range::case_1_quoted_max ... ok
test query::number::tests::numeric_rows_enforce_integer_range::case_2_unquoted_max ... ok
test query::number::tests::numeric_rows_enforce_integer_range::case_3_overflow ... ok
test query::number::tests::numeric_rows_enforce_integer_range::case_4_negative ... ok
test query::number::tests::numeric_rows_enforce_integer_range::case_5_fraction ... ok
test query::number::tests::sampling_rejects_invalid_percentages::case_1_zero ... ok
test query::number::tests::sampling_rejects_invalid_percentages::case_2_hundred ... ok
test query::number::tests::sampling_rejects_invalid_percentages::case_3_negative ... ok
test query::number::tests::sampling_rejects_invalid_percentages::case_4_too_large ... ok
test query::number::tests::sampling_rejects_invalid_percentages::case_5_nan ... ok
test query::tests::metadata_discovery_preserves_mixed_types_and_reports_invalid_rows ... ok
test query_access::tests::predicates_preserve_scope_and_escape_values::case_1_otel ... ok
test query_access::tests::predicates_preserve_scope_and_escape_values::case_2_agent ... ok
test query_access::tests::predicates_preserve_scope_and_escape_values::case_3_spend ... ok
test span_batches::tests::a_rejected_page_size_is_not_retried::case_2_uniform_large_rows ... ok
test query::tests::metadata_discovery_reports_truncation::case_1_rows ... ok
test span_batches::tests::a_rejected_page_size_is_not_retried::case_1_fits ... ok
test span_batches::tests::a_single_oversized_row_fails_the_read ... ok
test span_batches::tests::accumulation_stops_at_the_graph_budget::case_1_byte_boundary ... ok
test span_batches::tests::accumulation_stops_at_the_graph_budget::case_2_byte_overflow ... ok
test span_batches::tests::accumulation_stops_at_the_graph_budget::case_3_integer_overflow ... ok
test span_batches::tests::accumulation_stops_at_the_graph_budget::case_4_row_boundary ... ok
test span_batches::tests::accumulation_stops_at_the_graph_budget::case_5_row_overflow ... ok
test span_batches::tests::span_batches_use_larger_read_limits ... ok
test query::tests::metadata_discovery_reports_truncation::case_2_paths ... ok
test sql::tests::named_read_rejects_invalid_parameters_before_transport::case_3_overflow ... ok
test sql::tests::named_read_rejects_invalid_parameters_before_transport::case_2_negative_offset ... ok
test sql::tests::named_read_rejects_invalid_parameters_before_transport::case_1_missing_span ... ok

test result: ok. 49 passed; 0 failed; 0 ignored; 0 measured; 0 filtered out; finished in 0.01s

     Running tests/admin_sql.rs (/Users/mfkhalil/Code/litellm-lens/runtime/target/debug/deps/admin_sql-770770b327cb7bac)

running 19 tests
test admin_sql_enforces_result_row_limit ... ok
test admin_sql_enforces_response_byte_limit ... ok
test admin_sql_authenticates_url_credentials::case_2_encoded ... ok
test admin_sql_authenticates_url_credentials::case_1_plain ... ok
test admin_sql_reads_rows_with_enforced_settings ... ok
test query_parameters_preserve_values_and_replace_url_parameters::case_1_sql ... ok
test query_parameters_preserve_values_and_replace_url_parameters::case_2_escapes ... ok
test admin_sql_rejects_errors_after_output_starts ... ok
test reader_rejects_writes_and_privilege_escalation::case_01_table ... ok
test reader_rejects_writes_and_privilege_escalation::case_02_insert ... ok
test reader_rejects_writes_and_privilege_escalation::case_03_drop ... ok
test reader_rejects_writes_and_privilege_escalation::case_04_named_collection ... ok
test reader_rejects_writes_and_privilege_escalation::case_05_settings ... ok
test reader_rejects_writes_and_privilege_escalation::case_06_inline_settings ... ok
test reader_rejects_writes_and_privilege_escalation::case_07_time_limit ... ok
test reader_rejects_writes_and_privilege_escalation::case_08_row_limit ... ok
test reader_rejects_writes_and_privilege_escalation::case_09_byte_limit ... ok
test reader_rejects_writes_and_privilege_escalation::case_10_memory_limit ... ok
test reader_rejects_writes_and_privilege_escalation::case_11_other_table ... ok

test result: ok. 19 passed; 0 failed; 0 ignored; 0 measured; 0 filtered out; finished in 7.86s

     Running tests/insert.rs (/Users/mfkhalil/Code/litellm-lens/runtime/target/debug/deps/insert-8b8824f7b51552e0)

running 14 tests
test insert_byte_limit_environment_child ... ok
test insert_encoding_preserves_timestamp_precision_and_other_fields::case_3_end ... ok
test insert_encoding_preserves_timestamp_precision_and_other_fields::case_1_span ... ok
test insert_encoding_preserves_timestamp_precision_and_other_fields::case_2_start ... ok
test insert_encoding_preserves_timestamp_precision_and_other_fields::case_4_completion ... ok
test insert_encoding_preserves_timestamp_precision_and_other_fields::case_5_absent_completion ... ok
test insert_encoding_preserves_timestamp_precision_and_other_fields::case_6_before_epoch ... ok
test insert_encoding_rejects_invalid_span_timestamps::case_1_fractional ... ok
test insert_encoding_rejects_invalid_span_timestamps::case_2_out_of_range ... ok
test insert_encoding_rejects_invalid_span_timestamps::case_3_null ... ok
test insert_byte_limit_environment_controls_transport ... ok
test shared_fanout_survives_gzip_insert_over_http::case_1_one_request ... ok
test shared_fanout_survives_gzip_insert_over_http::case_2_concurrent_requests ... ok
test shared_fanout_over_insert_limit_never_reaches_http ... ok

test result: ok. 14 passed; 0 failed; 0 ignored; 0 measured; 0 filtered out; finished in 3.34s

     Running tests/lens_feedback.rs (/Users/mfkhalil/Code/litellm-lens/runtime/target/debug/deps/lens_feedback-0b7f52120fc8a6a8)

running 6 tests
test summaries_aggregate_live_feedback_per_trace_and_respect_team_scope ... ok
test feedback_for_another_teams_trace_is_not_readable ... ok
test a_deleted_version_hides_the_authors_feedback ... ok
test a_later_save_replaces_the_authors_feedback_and_keeps_other_authors ... ok
test target_resolves_team_and_key_for_a_visible_trace_only ... ok
test the_table_rejects_scores_above_ten ... ok

test result: ok. 6 passed; 0 failed; 0 ignored; 0 measured; 0 filtered out; finished in 2.93s

     Running tests/load.rs (/Users/mfkhalil/Code/litellm-lens/runtime/target/debug/deps/load-2f5ce75c23b4b8f7)

running 2 tests
test lens_content_reads_scale_with_trace_not_retention ... ok
test lens_sample_reads_scale_with_window_not_retention ... ok

test result: ok. 2 passed; 0 failed; 0 ignored; 0 measured; 0 filtered out; finished in 1.82s

     Running tests/migrations.rs (/Users/mfkhalil/Code/litellm-lens/runtime/target/debug/deps/migrations-ab9e725d4df5f8e2)

running 59 tests
test agent_final_answer_preserves_visibility_and_trace_ownership::case_1_admin ... ok
test agent_final_answer_preserves_visibility_and_trace_ownership::case_4_no_identity ... ok
test agent_final_answer_preserves_visibility_and_trace_ownership::case_2_user ... ok
test agent_final_answer_preserves_visibility_and_trace_ownership::case_3_team ... ok
test agent_metadata_is_stored_and_queryable ... ok
test changed_migration_is_rejected ... ok
test concurrent_schema_setup_succeeds ... ok
test duplicate_span_preview_matches_diagnostic::case_1_different_start ... ok
test field_definitions_match_serialized_normalized_span ... ok
test duplicate_span_preview_matches_diagnostic::case_2_different_receive ... ok
test duplicate_span_preview_matches_diagnostic::case_3_tied_timestamps ... ok
test existing_schema_without_ledger_is_adopted ... ok
test gateway_id_upgrade_preserves_legacy_rows_and_accepts_new_ids ... ok
test insert_rejects_unknown_columns_even_if_url_requests_skipping_them ... ok
test keyed_rollup_keeps_same_trace_ids_separate_by_api_key ... ok
test lens_content_keeps_original_timestamps_with_start_time_slack::case_1_traces ... ok
test lens_agent_discovery_and_selection_preserve_scope ... ok
test lens_content_keeps_original_timestamps_with_start_time_slack::case_2_requests ... ok
test lens_content_keeps_output_visible_after_long_input::case_1_short ... ok
test lens_content_keeps_output_visible_after_long_input::case_2_boundary ... ok
test lens_content_keeps_output_visible_after_long_input::case_3_long ... ok
test lens_filters_reads_and_evidence_keep_reused_trace_ids_separate ... ok
test lens_request_sample_does_not_trust_caller_tags ... ok
test lens_selection_pages_without_losing_or_repeating_runs::case_1_changing ... ok
test lens_selection_pages_without_losing_or_repeating_runs::case_2_all ... ok
test lens_selection_pages_without_losing_or_repeating_runs::case_3_percentage ... ok
test lens_selection_pages_without_losing_or_repeating_runs::case_4_capped ... ok
test lens_selection_pages_without_losing_or_repeating_runs::case_5_preview ... ok
test named_and_sql_readers_share_request_log_visibility::case_1_own_user ... ok
test listed_agent_names_preserve_scope_and_cursor ... ok
test named_and_sql_readers_share_request_log_visibility::case_2_own_user_and_permitted_team ... ok
test named_and_sql_readers_share_request_log_visibility::case_3_no_identity ... ok
test named_and_sql_readers_share_request_log_visibility::case_4_legacy_key_without_identity ... ok
test normalized_fields_match_clickhouse_catalog ... ok
test nullable_spend_upgrade_preserves_existing_costs_and_unknown_new_costs ... ok
test query_help_discovers_live_schema_and_runs_its_examples::case_1_empty ... ok
test query_help_displays_discovery_truncation ... ok
test query_help_discovers_live_schema_and_runs_its_examples::case_2_custom_metadata ... ok
test query_help_preserves_schema_and_guide_when_discovery_hits_reader_limits::case_1_metadata ... ok
test query_help_preserves_schema_and_guide_when_discovery_hits_reader_limits::case_2_attributes ... ok
test query_help_preserves_schema_and_guide_when_discovery_hits_reader_limits::case_3_all ... ok
test retention_reconciliation_updates_each_table_ttl ... ok
test retention_changes_materialize_existing_rows_and_remain_idempotent ... ok
test schema_includes_every_migration_file ... ok
test schema_rejects_invalid_configuration::case_1_empty ... ok
test schema_rejects_invalid_configuration::case_2_sql ... ok
test schema_rejects_invalid_configuration::case_3_retention ... ok
test retried_trace_insert_does_not_inflate_rollup ... ok
test rollup_cost_completeness_preserves_missing_ids_and_fails_closed_for_historical_rows ... ok
test rollup_merges_spans_across_days_without_losing_root_fields ... ok
test schema_setup_records_migrations_synchronously_with_configured_settings::case_1_quoted_versions ... ok
test schema_setup_records_migrations_synchronously_with_configured_settings::case_2_asynchronous_inserts ... ok
test schema_supports_span_rollups_and_spend_joins ... ok
test spend_deduplication_preserves_subsecond_requests_and_retries ... ok
test trace_agents_count_runs_and_failures_within_scope_and_window ... ok
test trace_error_previews_preserve_paginated_diagnostics::case_1_ascii ... ok
test trace_error_previews_preserve_paginated_diagnostics::case_2_multibyte ... ok
test trace_error_previews_preserve_paginated_diagnostics::case_3_escaped ... ok
test schema_statement_timeout_maps_to_transport_error ... ok

test result: ok. 59 passed; 0 failed; 0 ignored; 0 measured; 0 filtered out; finished in 48.15s

     Running tests/queries.rs (/Users/mfkhalil/Code/litellm-lens/runtime/target/debug/deps/queries-30a4c89411a859fb)

running 18 tests
test captured_sdk_exports_round_trip_through_clickhouse::case_1_billed_failure ... ok
test captured_sdk_exports_round_trip_through_clickhouse::case_2_retry ... ok
test captured_sdk_exports_round_trip_through_clickhouse::case_3_swarm ... ok
test documented_queries_render_and_return_expected_rows::case_1_trace_summary::scope_1_ScopeCase__Admin ... ok
test documented_queries_render_and_return_expected_rows::case_1_trace_summary::scope_2_ScopeCase__Team ... ok
test documented_queries_render_and_return_expected_rows::case_1_trace_summary::scope_3_ScopeCase__OtherTeam ... ok
test documented_queries_render_and_return_expected_rows::case_2_failed_spans::scope_1_ScopeCase__Admin ... ok
test documented_queries_render_and_return_expected_rows::case_2_failed_spans::scope_2_ScopeCase__Team ... ok
test documented_queries_render_and_return_expected_rows::case_2_failed_spans::scope_3_ScopeCase__OtherTeam ... ok
test documented_queries_render_and_return_expected_rows::case_3_metadata_filter::scope_1_ScopeCase__Admin ... ok
test documented_queries_render_and_return_expected_rows::case_3_metadata_filter::scope_2_ScopeCase__Team ... ok
test documented_queries_render_and_return_expected_rows::case_3_metadata_filter::scope_3_ScopeCase__OtherTeam ... ok
test lens_sample_keeps_spans_before_window_start_and_excludes_old_only_traces ... ok
test storage_queries_return_expected_rows::case_1_costs::scope_1_ScopeCase__Admin ... ok
test storage_queries_return_expected_rows::case_1_costs::scope_2_ScopeCase__Team ... ok
test storage_queries_return_expected_rows::case_1_costs::scope_3_ScopeCase__OtherTeam ... ok
test typed_queries_read_normalized_spans_and_keep_trace_identities_separate ... ok
test typed_trace_cursor_returns_the_next_fixture_trace ... ok

test result: ok. 18 passed; 0 failed; 0 ignored; 0 measured; 0 filtered out; finished in 8.43s

     Running tests/query_access.rs (/Users/mfkhalil/Code/litellm-lens/runtime/target/debug/deps/query_access-28cbc373fc03ed24)

running 9 tests
test managed_reader_rejects_privilege_and_scope_bypasses ... ok
test provisioning_failure_never_returns_a_writer_connection ... ok
test queries_and_help_are_scoped_by_the_database::case_2_own_user_and_permitted_team ... ok
test queries_and_help_are_scoped_by_the_database::case_1_own_user ... ok
test queries_and_help_are_scoped_by_the_database::case_3_quoted_user ... ok
test queries_and_help_are_scoped_by_the_database::case_4_team ... ok
test queries_and_help_are_scoped_by_the_database::case_5_admin ... ok
test queries_and_help_are_scoped_by_the_database::case_6_quoted_team ... ok
test rotating_master_secret_revokes_previous_reader_credentials ... ok

test result: ok. 9 passed; 0 failed; 0 ignored; 0 measured; 0 filtered out; finished in 4.74s

     Running tests/reads.rs (/Users/mfkhalil/Code/litellm-lens/runtime/target/debug/deps/reads-184a395acf55340b)

running 20 tests
test assigned_call_ids_require_shared_ownership_through_detail_and_batch_reads::case_1_same_key ... ok
test assigned_call_ids_require_shared_ownership_through_detail_and_batch_reads::case_2_other_key ... ok
test assigned_call_ids_require_shared_ownership_through_detail_and_batch_reads::case_3_foreign_team ... ok
test assigned_call_ids_require_shared_ownership_through_detail_and_batch_reads::case_4_call_id_other_key ... ok
test assigned_call_ids_require_shared_ownership_through_detail_and_batch_reads::case_5_call_id_foreign_team ... ok
test assigned_call_ids_require_shared_ownership_through_detail_and_batch_reads::case_6_transport_only ... ok
test an_oversized_span_keeps_the_run_list_available_with_partial_totals ... ok
test cursor_pages_keep_a_tenant_scoped_snapshot_when_more_spans_arrive ... ok
test large_runs_remain_complete_under_default_reader_limits::case_1_many_runs ... ok
test large_runs_remain_complete_under_default_reader_limits::case_2_one_large_run ... ok
test large_runs_remain_complete_under_default_reader_limits::case_3_large_rows ... ok
test large_runs_remain_complete_under_default_reader_limits::case_5_many_costs ... ok
test large_runs_remain_complete_under_default_reader_limits::case_6_many_costed_runs ... ok
test list_costs_match_each_run_when_response_ids_are_reused::case_1_api_key ... ok
test list_costs_match_each_run_when_response_ids_are_reused::case_2_user ... ok
test native_cost_correlation_survives_session_grouping_and_excludes_other_owners::case_1_provider_request::grouped_1_false ... ok
test native_cost_correlation_survives_session_grouping_and_excludes_other_owners::case_1_provider_request::grouped_2_true ... ok
test native_cost_correlation_survives_session_grouping_and_excludes_other_owners::case_2_transport::grouped_1_false ... ok
test native_cost_correlation_survives_session_grouping_and_excludes_other_owners::case_2_transport::grouped_2_true ... ok
test large_runs_remain_complete_under_default_reader_limits::case_4_large_cached_snapshot ... ok

test result: ok. 20 passed; 0 failed; 0 ignored; 0 measured; 0 filtered out; finished in 24.78s

     Running tests/span_rows.rs (/Users/mfkhalil/Code/litellm-lens/runtime/target/debug/deps/span_rows-294cb1e8a69b12cb)

running 7 tests
test absent_identity_fields_are_empty_only_in_storage ... ok
test compatibility_id_keeps_provider_semantics_with_gateway_keys ... ok
test rows_carry_every_normalized_column ... ok
test consumed_payloads_leave_span_attributes_and_long_values_are_capped ... ok
test status_message_falls_back_to_the_exception_event::case_2_status_message_wins ... ok
test status_message_falls_back_to_the_exception_event::case_1_exception_event ... ok
test tenant_overwrites_claimed_identity_and_resources_stay_shared_per_group ... ok

test result: ok. 7 passed; 0 failed; 0 ignored; 0 measured; 0 filtered out; finished in 0.00s

   Doc-tests lens_auth

running 0 tests

test result: ok. 0 passed; 0 failed; 0 ignored; 0 measured; 0 filtered out; finished in 0.00s

   Doc-tests lens_contract

running 0 tests

test result: ok. 0 passed; 0 failed; 0 ignored; 0 measured; 0 filtered out; finished in 0.00s

   Doc-tests lens_evals_sdk

running 0 tests

test result: ok. 0 passed; 0 failed; 0 ignored; 0 measured; 0 filtered out; finished in 0.00s

   Doc-tests lens_parity

running 0 tests

test result: ok. 0 passed; 0 failed; 0 ignored; 0 measured; 0 filtered out; finished in 0.00s

   Doc-tests lens_server

running 0 tests

test result: ok. 0 passed; 0 failed; 0 ignored; 0 measured; 0 filtered out; finished in 0.00s

   Doc-tests litellm_lens

running 0 tests

test result: ok. 0 passed; 0 failed; 0 ignored; 0 measured; 0 filtered out; finished in 0.00s

   Doc-tests litellm_storage_clickhouse

running 0 tests

test result: ok. 0 passed; 0 failed; 0 ignored; 0 measured; 0 filtered out; finished in 0.00s

   Doc-tests litellm_traces

running 0 tests

test result: ok. 0 passed; 0 failed; 0 ignored; 0 measured; 0 filtered out; finished in 0.00s

   Doc-tests litellm_traces_cache

running 0 tests

test result: ok. 0 passed; 0 failed; 0 ignored; 0 measured; 0 filtered out; finished in 0.00s

   Doc-tests litellm_traces_clickhouse

running 0 tests

test result: ok. 0 passed; 0 failed; 0 ignored; 0 measured; 0 filtered out; finished in 0.00s
