Publisher-owned smoke (python, amd64)	Set up job	﻿2026-10-09T12:41:51.3001320Z Current runner version: '2.337.0'
Publisher-owned smoke (python, amd64)	Set up job	2026-10-09T12:41:51.3022808Z ##[group]Runner Image Provisioner
Publisher-owned smoke (python, amd64)	Set up job	2026-10-09T12:41:51.3023510Z Hosted Compute Agent
Publisher-owned smoke (python, amd64)	Set up job	2026-10-09T12:41:51.3023855Z Version: 20261002.596
Publisher-owned smoke (python, amd64)	Set up job	2026-10-09T12:41:51.3024210Z Commit: c3d12f3313a95f25162a1503be624f3b0617f8c0
Publisher-owned smoke (python, amd64)	Set up job	2026-10-09T12:41:51.3024681Z Build Date: 2026-10-02T22:28:27Z
Publisher-owned smoke (python, amd64)	Set up job	2026-10-09T12:41:51.3025077Z Worker ID: {bdb64777-bdfc-41f1-a266-f8e46bd7ff78}
Publisher-owned smoke (python, amd64)	Set up job	2026-10-09T12:41:51.3025544Z Region: southcentralus
Publisher-owned smoke (python, amd64)	Set up job	2026-10-09T12:41:51.3025891Z Cloud: Azure
Publisher-owned smoke (python, amd64)	Set up job	2026-10-09T12:41:51.3026215Z ##[endgroup]
Publisher-owned smoke (python, amd64)	Set up job	2026-10-09T12:41:51.3027047Z ##[group]Operating System
Publisher-owned smoke (python, amd64)	Set up job	2026-10-09T12:41:51.3027424Z Ubuntu
Publisher-owned smoke (python, amd64)	Set up job	2026-10-09T12:41:51.3027792Z 24.04.5
Publisher-owned smoke (python, amd64)	Set up job	2026-10-09T12:41:51.3028102Z LTS
Publisher-owned smoke (python, amd64)	Set up job	2026-10-09T12:41:51.3028403Z ##[endgroup]
Publisher-owned smoke (python, amd64)	Set up job	2026-10-09T12:41:51.3028774Z ##[group]Runner Image
Publisher-owned smoke (python, amd64)	Set up job	2026-10-09T12:41:51.3029118Z Image: ubuntu-24.04
Publisher-owned smoke (python, amd64)	Set up job	2026-10-09T12:41:51.3029466Z Version: 20261004.327.1
Publisher-owned smoke (python, amd64)	Set up job	2026-10-09T12:41:51.3030105Z Included Software: https://github.com/actions/runner-images/blob/ubuntu24/20261004.327/images/ubuntu/Ubuntu2404-Readme.md
Publisher-owned smoke (python, amd64)	Set up job	2026-10-09T12:41:51.3031300Z Image Release: https://github.com/actions/runner-images/releases/tag/ubuntu24%2F20261004.327
Publisher-owned smoke (python, amd64)	Set up job	2026-10-09T12:41:51.3031853Z ##[endgroup]
Publisher-owned smoke (python, amd64)	Set up job	2026-10-09T12:41:51.3032575Z ##[group]GITHUB_TOKEN Permissions
Publisher-owned smoke (python, amd64)	Set up job	2026-10-09T12:41:51.3033788Z Contents: read
Publisher-owned smoke (python, amd64)	Set up job	2026-10-09T12:41:51.3034134Z Metadata: read
Publisher-owned smoke (python, amd64)	Set up job	2026-10-09T12:41:51.3034523Z ##[endgroup]
Publisher-owned smoke (python, amd64)	Set up job	2026-10-09T12:41:51.3035925Z Secret source: Actions
Publisher-owned smoke (python, amd64)	Set up job	2026-10-09T12:41:51.3036515Z Cache mode: write
Publisher-owned smoke (python, amd64)	Set up job	2026-10-09T12:41:51.3036941Z Prepare workflow directory
Publisher-owned smoke (python, amd64)	Set up job	2026-10-09T12:41:51.3248334Z Prepare all required actions
Publisher-owned smoke (python, amd64)	Set up job	2026-10-09T12:41:51.3279690Z Getting action download info
Publisher-owned smoke (python, amd64)	Set up job	2026-10-09T12:41:51.5593805Z Download action repository 'actions/checkout@9c091bb21b7c1c1d1991bb908d89e4e9dddfe3e0' (SHA:9c091bb21b7c1c1d1991bb908d89e4e9dddfe3e0)
Publisher-owned smoke (python, amd64)	Set up job	2026-10-09T12:41:51.6508168Z Download action repository 'sigstore/cosign-installer@3454372f43399081ed03b604cb2d021dabca52bb' (SHA:3454372f43399081ed03b604cb2d021dabca52bb)
Publisher-owned smoke (python, amd64)	Set up job	2026-10-09T12:41:51.9451521Z Complete job name: Publisher-owned smoke (python, amd64)
Publisher-owned smoke (python, amd64)	Checkout publisher	﻿2026-10-09T12:41:51.9953986Z ##[group]Run actions/checkout@9c091bb21b7c1c1d1991bb908d89e4e9dddfe3e0
Publisher-owned smoke (python, amd64)	Checkout publisher	2026-10-09T12:41:51.9954540Z with:
Publisher-owned smoke (python, amd64)	Checkout publisher	2026-10-09T12:41:51.9954788Z   persist-credentials: false
Publisher-owned smoke (python, amd64)	Checkout publisher	2026-10-09T12:41:51.9955062Z   path: publisher
Publisher-owned smoke (python, amd64)	Checkout publisher	2026-10-09T12:41:51.9955317Z   repository: BerriAI/project-releaser
Publisher-owned smoke (python, amd64)	Checkout publisher	2026-10-09T12:41:51.9957331Z   token: ***
Publisher-owned smoke (python, amd64)	Checkout publisher	2026-10-09T12:41:51.9957562Z   ssh-strict: true
Publisher-owned smoke (python, amd64)	Checkout publisher	2026-10-09T12:41:51.9957801Z   ssh-user: git
Publisher-owned smoke (python, amd64)	Checkout publisher	2026-10-09T12:41:51.9958034Z   clean: true
Publisher-owned smoke (python, amd64)	Checkout publisher	2026-10-09T12:41:51.9958281Z   sparse-checkout-cone-mode: true
Publisher-owned smoke (python, amd64)	Checkout publisher	2026-10-09T12:41:51.9958562Z   fetch-depth: 1
Publisher-owned smoke (python, amd64)	Checkout publisher	2026-10-09T12:41:51.9958798Z   fetch-tags: false
Publisher-owned smoke (python, amd64)	Checkout publisher	2026-10-09T12:41:51.9959039Z   show-progress: true
Publisher-owned smoke (python, amd64)	Checkout publisher	2026-10-09T12:41:51.9959282Z   lfs: false
Publisher-owned smoke (python, amd64)	Checkout publisher	2026-10-09T12:41:51.9959507Z   submodules: false
Publisher-owned smoke (python, amd64)	Checkout publisher	2026-10-09T12:41:51.9959757Z   set-safe-directory: true
Publisher-owned smoke (python, amd64)	Checkout publisher	2026-10-09T12:41:51.9960043Z   allow-unsafe-pr-checkout: false
Publisher-owned smoke (python, amd64)	Checkout publisher	2026-10-09T12:41:51.9960392Z ##[endgroup]
Publisher-owned smoke (python, amd64)	Checkout publisher	2026-10-09T12:41:52.0732911Z Syncing repository: BerriAI/project-releaser
Publisher-owned smoke (python, amd64)	Checkout publisher	2026-10-09T12:41:52.0735844Z ##[group]Getting Git version info
Publisher-owned smoke (python, amd64)	Checkout publisher	2026-10-09T12:41:52.0737556Z Working directory is '/home/runner/work/project-releaser/project-releaser/publisher'
Publisher-owned smoke (python, amd64)	Checkout publisher	2026-10-09T12:41:52.0738558Z [command]/usr/bin/git version
Publisher-owned smoke (python, amd64)	Checkout publisher	2026-10-09T12:41:52.0806013Z git version 2.55.0
Publisher-owned smoke (python, amd64)	Checkout publisher	2026-10-09T12:41:52.0808007Z ##[endgroup]
Publisher-owned smoke (python, amd64)	Checkout publisher	2026-10-09T12:41:52.0818087Z Temporarily overriding HOME='/home/runner/work/_temp/b9adbc48-47ef-4788-8fd4-b7cfc7e86cf8' before making global git config changes
Publisher-owned smoke (python, amd64)	Checkout publisher	2026-10-09T12:41:52.0819763Z Adding repository directory to the temporary git global config as a safe directory
Publisher-owned smoke (python, amd64)	Checkout publisher	2026-10-09T12:41:52.0830506Z [command]/usr/bin/git config --global --add safe.directory /home/runner/work/project-releaser/project-releaser/publisher
Publisher-owned smoke (python, amd64)	Checkout publisher	2026-10-09T12:41:52.0877132Z ##[group]Determining repository object format
Publisher-owned smoke (python, amd64)	Checkout publisher	2026-10-09T12:41:52.0877996Z ##[endgroup]
Publisher-owned smoke (python, amd64)	Checkout publisher	2026-10-09T12:41:52.0878747Z ##[group]Initializing the repository
Publisher-owned smoke (python, amd64)	Checkout publisher	2026-10-09T12:41:52.0879936Z [command]/usr/bin/git init /home/runner/work/project-releaser/project-releaser/publisher
Publisher-owned smoke (python, amd64)	Checkout publisher	2026-10-09T12:41:52.0972134Z hint: Using 'master' as the name for the initial branch. This default branch name
Publisher-owned smoke (python, amd64)	Checkout publisher	2026-10-09T12:41:52.0973894Z hint: will change to "main" in Git 3.0. To configure the initial branch name
Publisher-owned smoke (python, amd64)	Checkout publisher	2026-10-09T12:41:52.0975193Z hint: to use in all of your new repositories, which will suppress this warning,
Publisher-owned smoke (python, amd64)	Checkout publisher	2026-10-09T12:41:52.0976075Z hint: call:
Publisher-owned smoke (python, amd64)	Checkout publisher	2026-10-09T12:41:52.0977559Z hint:
Publisher-owned smoke (python, amd64)	Checkout publisher	2026-10-09T12:41:52.0978275Z hint: 	git config --global init.defaultBranch <name>
Publisher-owned smoke (python, amd64)	Checkout publisher	2026-10-09T12:41:52.0979216Z hint:
Publisher-owned smoke (python, amd64)	Checkout publisher	2026-10-09T12:41:52.0981585Z hint: Names commonly chosen instead of 'master' are 'main', 'trunk' and
Publisher-owned smoke (python, amd64)	Checkout publisher	2026-10-09T12:41:52.0982399Z hint: 'development'. The just-created branch can be renamed via this command:
Publisher-owned smoke (python, amd64)	Checkout publisher	2026-10-09T12:41:52.0983030Z hint:
Publisher-owned smoke (python, amd64)	Checkout publisher	2026-10-09T12:41:52.0983382Z hint: 	git branch -m <name>
Publisher-owned smoke (python, amd64)	Checkout publisher	2026-10-09T12:41:52.0983827Z hint:
Publisher-owned smoke (python, amd64)	Checkout publisher	2026-10-09T12:41:52.0984366Z hint: Disable this message with "git config set advice.defaultBranchName false"
Publisher-owned smoke (python, amd64)	Checkout publisher	2026-10-09T12:41:52.0985415Z Initialized empty Git repository in /home/runner/work/project-releaser/project-releaser/publisher/.git/
Publisher-owned smoke (python, amd64)	Checkout publisher	2026-10-09T12:41:52.0987183Z [command]/usr/bin/git remote add origin https://github.com/BerriAI/project-releaser
Publisher-owned smoke (python, amd64)	Checkout publisher	2026-10-09T12:41:52.1023925Z ##[endgroup]
Publisher-owned smoke (python, amd64)	Checkout publisher	2026-10-09T12:41:52.1026336Z ##[group]Disabling automatic garbage collection
Publisher-owned smoke (python, amd64)	Checkout publisher	2026-10-09T12:41:52.1031900Z [command]/usr/bin/git config --local gc.auto 0
Publisher-owned smoke (python, amd64)	Checkout publisher	2026-10-09T12:41:52.1061339Z ##[endgroup]
Publisher-owned smoke (python, amd64)	Checkout publisher	2026-10-09T12:41:52.1062025Z ##[group]Setting up auth
Publisher-owned smoke (python, amd64)	Checkout publisher	2026-10-09T12:41:52.1062939Z Removing SSH command configuration
Publisher-owned smoke (python, amd64)	Checkout publisher	2026-10-09T12:41:52.1065111Z [command]/usr/bin/git config --local --name-only --get-regexp core\.sshCommand
Publisher-owned smoke (python, amd64)	Checkout publisher	2026-10-09T12:41:52.1095721Z [command]/usr/bin/git submodule foreach --recursive sh -c "git config --local --name-only --get-regexp 'core\.sshCommand' && git config --local --unset-all 'core.sshCommand' || :"
Publisher-owned smoke (python, amd64)	Checkout publisher	2026-10-09T12:41:52.1390149Z Removing HTTP extra header
Publisher-owned smoke (python, amd64)	Checkout publisher	2026-10-09T12:41:52.1391934Z [command]/usr/bin/git config --local --name-only --get-regexp http\.https\:\/\/github\.com\/\.extraheader
Publisher-owned smoke (python, amd64)	Checkout publisher	2026-10-09T12:41:52.1414859Z [command]/usr/bin/git submodule foreach --recursive sh -c "git config --local --name-only --get-regexp 'http\.https\:\/\/github\.com\/\.extraheader' && git config --local --unset-all 'http.https://github.com/.extraheader' || :"
Publisher-owned smoke (python, amd64)	Checkout publisher	2026-10-09T12:41:52.1608185Z Removing includeIf entries pointing to credentials config files
Publisher-owned smoke (python, amd64)	Checkout publisher	2026-10-09T12:41:52.1614207Z [command]/usr/bin/git config --local --name-only --get-regexp ^includeIf\.gitdir:
Publisher-owned smoke (python, amd64)	Checkout publisher	2026-10-09T12:41:52.1644566Z [command]/usr/bin/git submodule foreach --recursive git config --local --show-origin --name-only --get-regexp remote.origin.url
Publisher-owned smoke (python, amd64)	Checkout publisher	2026-10-09T12:41:52.1836609Z [command]/usr/bin/git config --file /home/runner/work/_temp/git-credentials-5a195db8-6ed9-4cc5-996e-be96ea935e76.config http.https://github.com/.extraheader AUTHORIZATION: basic ***
Publisher-owned smoke (python, amd64)	Checkout publisher	2026-10-09T12:41:52.1871541Z [command]/usr/bin/git config --local includeIf.gitdir:/home/runner/work/project-releaser/project-releaser/publisher/.git.path /home/runner/work/_temp/git-credentials-5a195db8-6ed9-4cc5-996e-be96ea935e76.config
Publisher-owned smoke (python, amd64)	Checkout publisher	2026-10-09T12:41:52.1901392Z [command]/usr/bin/git config --local includeIf.gitdir:/home/runner/work/project-releaser/project-releaser/publisher/.git/worktrees/*.path /home/runner/work/_temp/git-credentials-5a195db8-6ed9-4cc5-996e-be96ea935e76.config
Publisher-owned smoke (python, amd64)	Checkout publisher	2026-10-09T12:41:52.1933868Z [command]/usr/bin/git config --local includeIf.gitdir:/github/workspace/publisher/.git.path /github/runner_temp/git-credentials-5a195db8-6ed9-4cc5-996e-be96ea935e76.config
Publisher-owned smoke (python, amd64)	Checkout publisher	2026-10-09T12:41:52.1963709Z [command]/usr/bin/git config --local includeIf.gitdir:/github/workspace/publisher/.git/worktrees/*.path /github/runner_temp/git-credentials-5a195db8-6ed9-4cc5-996e-be96ea935e76.config
Publisher-owned smoke (python, amd64)	Checkout publisher	2026-10-09T12:41:52.1989893Z ##[endgroup]
Publisher-owned smoke (python, amd64)	Checkout publisher	2026-10-09T12:41:52.1990828Z ##[group]Fetching the repository
Publisher-owned smoke (python, amd64)	Checkout publisher	2026-10-09T12:41:52.1996329Z [command]/usr/bin/git -c protocol.version=2 fetch --no-tags --prune --no-recurse-submodules --depth=1 origin +7564a9fc2221d9019dacdb3f947e62e25df55243:refs/remotes/pull/305/merge
Publisher-owned smoke (python, amd64)	Checkout publisher	2026-10-09T12:41:52.8945806Z From https://github.com/BerriAI/project-releaser
Publisher-owned smoke (python, amd64)	Checkout publisher	2026-10-09T12:41:52.9075495Z  * [new ref]         7564a9fc2221d9019dacdb3f947e62e25df55243 -> pull/305/merge
Publisher-owned smoke (python, amd64)	Checkout publisher	2026-10-09T12:41:52.9078817Z ##[endgroup]
Publisher-owned smoke (python, amd64)	Checkout publisher	2026-10-09T12:41:52.9079899Z ##[group]Determining the checkout info
Publisher-owned smoke (python, amd64)	Checkout publisher	2026-10-09T12:41:52.9081560Z ##[endgroup]
Publisher-owned smoke (python, amd64)	Checkout publisher	2026-10-09T12:41:52.9082461Z [command]/usr/bin/git sparse-checkout disable
Publisher-owned smoke (python, amd64)	Checkout publisher	2026-10-09T12:41:52.9084498Z [command]/usr/bin/git config --local --unset-all extensions.worktreeConfig
Publisher-owned smoke (python, amd64)	Checkout publisher	2026-10-09T12:41:52.9086327Z ##[group]Checking out the ref
Publisher-owned smoke (python, amd64)	Checkout publisher	2026-10-09T12:41:52.9087167Z [command]/usr/bin/git checkout --progress --force refs/remotes/pull/305/merge
Publisher-owned smoke (python, amd64)	Checkout publisher	2026-10-09T12:41:52.9246769Z Note: switching to 'refs/remotes/pull/305/merge'.
Publisher-owned smoke (python, amd64)	Checkout publisher	2026-10-09T12:41:52.9251581Z 
Publisher-owned smoke (python, amd64)	Checkout publisher	2026-10-09T12:41:52.9252288Z You are in 'detached HEAD' state. You can look around, make experimental
Publisher-owned smoke (python, amd64)	Checkout publisher	2026-10-09T12:41:52.9253317Z changes and commit them, and you can discard any commits you make in this
Publisher-owned smoke (python, amd64)	Checkout publisher	2026-10-09T12:41:52.9254278Z state without impacting any branches by switching back to a branch.
Publisher-owned smoke (python, amd64)	Checkout publisher	2026-10-09T12:41:52.9254768Z 
Publisher-owned smoke (python, amd64)	Checkout publisher	2026-10-09T12:41:52.9255202Z If you want to create a new branch to retain commits you create, you may
Publisher-owned smoke (python, amd64)	Checkout publisher	2026-10-09T12:41:52.9256069Z do so (now or later) by using -c with the switch command. Example:
Publisher-owned smoke (python, amd64)	Checkout publisher	2026-10-09T12:41:52.9256543Z 
Publisher-owned smoke (python, amd64)	Checkout publisher	2026-10-09T12:41:52.9256851Z   git switch -c <new-branch-name>
Publisher-owned smoke (python, amd64)	Checkout publisher	2026-10-09T12:41:52.9257223Z 
Publisher-owned smoke (python, amd64)	Checkout publisher	2026-10-09T12:41:52.9257515Z Or undo this operation with:
Publisher-owned smoke (python, amd64)	Checkout publisher	2026-10-09T12:41:52.9257888Z 
Publisher-owned smoke (python, amd64)	Checkout publisher	2026-10-09T12:41:52.9258168Z   git switch -
Publisher-owned smoke (python, amd64)	Checkout publisher	2026-10-09T12:41:52.9259215Z 
Publisher-owned smoke (python, amd64)	Checkout publisher	2026-10-09T12:41:52.9262023Z Turn off this advice by setting config variable advice.detachedHead to false
Publisher-owned smoke (python, amd64)	Checkout publisher	2026-10-09T12:41:52.9262984Z 
Publisher-owned smoke (python, amd64)	Checkout publisher	2026-10-09T12:41:52.9263935Z HEAD is now at 7564a9f Merge 8ef5236c571c2c264a5a05696f2fe835a74ede6b into 0903cc12133d35144d33916efcd779db5d2e6e7a
Publisher-owned smoke (python, amd64)	Checkout publisher	2026-10-09T12:41:52.9267444Z ##[endgroup]
Publisher-owned smoke (python, amd64)	Checkout publisher	2026-10-09T12:41:52.9305623Z [command]/usr/bin/git log -1 --format=%H
Publisher-owned smoke (python, amd64)	Checkout publisher	2026-10-09T12:41:52.9330016Z 7564a9fc2221d9019dacdb3f947e62e25df55243
Publisher-owned smoke (python, amd64)	Checkout publisher	2026-10-09T12:41:52.9339408Z ##[group]Removing auth
Publisher-owned smoke (python, amd64)	Checkout publisher	2026-10-09T12:41:52.9340540Z Removing SSH command configuration
Publisher-owned smoke (python, amd64)	Checkout publisher	2026-10-09T12:41:52.9342378Z [command]/usr/bin/git config --local --name-only --get-regexp core\.sshCommand
Publisher-owned smoke (python, amd64)	Checkout publisher	2026-10-09T12:41:52.9371557Z [command]/usr/bin/git submodule foreach --recursive sh -c "git config --local --name-only --get-regexp 'core\.sshCommand' && git config --local --unset-all 'core.sshCommand' || :"
Publisher-owned smoke (python, amd64)	Checkout publisher	2026-10-09T12:41:52.9558108Z Removing HTTP extra header
Publisher-owned smoke (python, amd64)	Checkout publisher	2026-10-09T12:41:52.9560879Z [command]/usr/bin/git config --local --name-only --get-regexp http\.https\:\/\/github\.com\/\.extraheader
Publisher-owned smoke (python, amd64)	Checkout publisher	2026-10-09T12:41:52.9593081Z [command]/usr/bin/git submodule foreach --recursive sh -c "git config --local --name-only --get-regexp 'http\.https\:\/\/github\.com\/\.extraheader' && git config --local --unset-all 'http.https://github.com/.extraheader' || :"
Publisher-owned smoke (python, amd64)	Checkout publisher	2026-10-09T12:41:52.9770794Z Removing includeIf entries pointing to credentials config files
Publisher-owned smoke (python, amd64)	Checkout publisher	2026-10-09T12:41:52.9773582Z [command]/usr/bin/git config --local --name-only --get-regexp ^includeIf\.gitdir:
Publisher-owned smoke (python, amd64)	Checkout publisher	2026-10-09T12:41:52.9798111Z includeif.gitdir:/home/runner/work/project-releaser/project-releaser/publisher/.git.path
Publisher-owned smoke (python, amd64)	Checkout publisher	2026-10-09T12:41:52.9806449Z includeif.gitdir:/home/runner/work/project-releaser/project-releaser/publisher/.git/worktrees/*.path
Publisher-owned smoke (python, amd64)	Checkout publisher	2026-10-09T12:41:52.9808096Z includeif.gitdir:/github/workspace/publisher/.git.path
Publisher-owned smoke (python, amd64)	Checkout publisher	2026-10-09T12:41:52.9913229Z includeif.gitdir:/github/workspace/publisher/.git/worktrees/*.path
Publisher-owned smoke (python, amd64)	Checkout publisher	2026-10-09T12:41:52.9917485Z [command]/usr/bin/git config --local --get-all includeif.gitdir:/home/runner/work/project-releaser/project-releaser/publisher/.git.path
Publisher-owned smoke (python, amd64)	Checkout publisher	2026-10-09T12:41:52.9919242Z /home/runner/work/_temp/git-credentials-5a195db8-6ed9-4cc5-996e-be96ea935e76.config
Publisher-owned smoke (python, amd64)	Checkout publisher	2026-10-09T12:41:52.9923161Z [command]/usr/bin/git config --local --unset includeif.gitdir:/home/runner/work/project-releaser/project-releaser/publisher/.git.path /home/runner/work/_temp/git-credentials-5a195db8-6ed9-4cc5-996e-be96ea935e76.config
Publisher-owned smoke (python, amd64)	Checkout publisher	2026-10-09T12:41:52.9926928Z [command]/usr/bin/git config --local --get-all includeif.gitdir:/home/runner/work/project-releaser/project-releaser/publisher/.git/worktrees/*.path
Publisher-owned smoke (python, amd64)	Checkout publisher	2026-10-09T12:41:52.9928745Z /home/runner/work/_temp/git-credentials-5a195db8-6ed9-4cc5-996e-be96ea935e76.config
Publisher-owned smoke (python, amd64)	Checkout publisher	2026-10-09T12:41:52.9932527Z [command]/usr/bin/git config --local --unset includeif.gitdir:/home/runner/work/project-releaser/project-releaser/publisher/.git/worktrees/*.path /home/runner/work/_temp/git-credentials-5a195db8-6ed9-4cc5-996e-be96ea935e76.config
Publisher-owned smoke (python, amd64)	Checkout publisher	2026-10-09T12:41:53.0546979Z [command]/usr/bin/git config --local --get-all includeif.gitdir:/github/workspace/publisher/.git.path
Publisher-owned smoke (python, amd64)	Checkout publisher	2026-10-09T12:41:53.0548304Z /github/runner_temp/git-credentials-5a195db8-6ed9-4cc5-996e-be96ea935e76.config
Publisher-owned smoke (python, amd64)	Checkout publisher	2026-10-09T12:41:53.0550679Z [command]/usr/bin/git config --local --unset includeif.gitdir:/github/workspace/publisher/.git.path /github/runner_temp/git-credentials-5a195db8-6ed9-4cc5-996e-be96ea935e76.config
Publisher-owned smoke (python, amd64)	Checkout publisher	2026-10-09T12:41:53.0553836Z [command]/usr/bin/git config --local --get-all includeif.gitdir:/github/workspace/publisher/.git/worktrees/*.path
Publisher-owned smoke (python, amd64)	Checkout publisher	2026-10-09T12:41:53.0554982Z /github/runner_temp/git-credentials-5a195db8-6ed9-4cc5-996e-be96ea935e76.config
Publisher-owned smoke (python, amd64)	Checkout publisher	2026-10-09T12:41:53.0557244Z [command]/usr/bin/git config --local --unset includeif.gitdir:/github/workspace/publisher/.git/worktrees/*.path /github/runner_temp/git-credentials-5a195db8-6ed9-4cc5-996e-be96ea935e76.config
Publisher-owned smoke (python, amd64)	Checkout publisher	2026-10-09T12:41:53.0559610Z [command]/usr/bin/git submodule foreach --recursive git config --local --show-origin --name-only --get-regexp remote.origin.url
Publisher-owned smoke (python, amd64)	Checkout publisher	2026-10-09T12:41:53.0561951Z Removing credentials config '/home/runner/work/_temp/git-credentials-5a195db8-6ed9-4cc5-996e-be96ea935e76.config'
Publisher-owned smoke (python, amd64)	Checkout publisher	2026-10-09T12:41:53.0563654Z ##[endgroup]
Publisher-owned smoke (python, amd64)	Checkout immutable worker fixture	﻿2026-10-09T12:41:53.0742277Z ##[group]Run actions/checkout@9c091bb21b7c1c1d1991bb908d89e4e9dddfe3e0
Publisher-owned smoke (python, amd64)	Checkout immutable worker fixture	2026-10-09T12:41:53.0743003Z with:
Publisher-owned smoke (python, amd64)	Checkout immutable worker fixture	2026-10-09T12:41:53.0743463Z   repository: BerriAI/litellm
Publisher-owned smoke (python, amd64)	Checkout immutable worker fixture	2026-10-09T12:41:53.0744003Z   ref: 1454f5c75bdb9c029bc99424a234659a88320577
Publisher-owned smoke (python, amd64)	Checkout immutable worker fixture	2026-10-09T12:41:53.0744587Z   persist-credentials: false
Publisher-owned smoke (python, amd64)	Checkout immutable worker fixture	2026-10-09T12:41:53.0745101Z   path: source
Publisher-owned smoke (python, amd64)	Checkout immutable worker fixture	2026-10-09T12:41:53.0747706Z   token: ***
Publisher-owned smoke (python, amd64)	Checkout immutable worker fixture	2026-10-09T12:41:53.0748161Z   ssh-strict: true
Publisher-owned smoke (python, amd64)	Checkout immutable worker fixture	2026-10-09T12:41:53.0748620Z   ssh-user: git
Publisher-owned smoke (python, amd64)	Checkout immutable worker fixture	2026-10-09T12:41:53.0749055Z   clean: true
Publisher-owned smoke (python, amd64)	Checkout immutable worker fixture	2026-10-09T12:41:53.0749515Z   sparse-checkout-cone-mode: true
Publisher-owned smoke (python, amd64)	Checkout immutable worker fixture	2026-10-09T12:41:53.0750041Z   fetch-depth: 1
Publisher-owned smoke (python, amd64)	Checkout immutable worker fixture	2026-10-09T12:41:53.0750490Z   fetch-tags: false
Publisher-owned smoke (python, amd64)	Checkout immutable worker fixture	2026-10-09T12:41:53.0750932Z   show-progress: true
Publisher-owned smoke (python, amd64)	Checkout immutable worker fixture	2026-10-09T12:41:53.0751538Z   lfs: false
Publisher-owned smoke (python, amd64)	Checkout immutable worker fixture	2026-10-09T12:41:53.0751962Z   submodules: false
Publisher-owned smoke (python, amd64)	Checkout immutable worker fixture	2026-10-09T12:41:53.0752417Z   set-safe-directory: true
Publisher-owned smoke (python, amd64)	Checkout immutable worker fixture	2026-10-09T12:41:53.0752904Z   allow-unsafe-pr-checkout: false
Publisher-owned smoke (python, amd64)	Checkout immutable worker fixture	2026-10-09T12:41:53.0753406Z ##[endgroup]
Publisher-owned smoke (python, amd64)	Checkout immutable worker fixture	2026-10-09T12:41:53.1382379Z Syncing repository: BerriAI/litellm
Publisher-owned smoke (python, amd64)	Checkout immutable worker fixture	2026-10-09T12:41:53.1384808Z ##[group]Getting Git version info
Publisher-owned smoke (python, amd64)	Checkout immutable worker fixture	2026-10-09T12:41:53.1386382Z Working directory is '/home/runner/work/project-releaser/project-releaser/source'
Publisher-owned smoke (python, amd64)	Checkout immutable worker fixture	2026-10-09T12:41:53.1415938Z [command]/usr/bin/git version
Publisher-owned smoke (python, amd64)	Checkout immutable worker fixture	2026-10-09T12:41:53.1457676Z git version 2.55.0
Publisher-owned smoke (python, amd64)	Checkout immutable worker fixture	2026-10-09T12:41:53.1464273Z ##[endgroup]
Publisher-owned smoke (python, amd64)	Checkout immutable worker fixture	2026-10-09T12:41:53.1472261Z Temporarily overriding HOME='/home/runner/work/_temp/f35e8a62-d15f-4afc-b5d2-c2c00a505b2c' before making global git config changes
Publisher-owned smoke (python, amd64)	Checkout immutable worker fixture	2026-10-09T12:41:53.1474165Z Adding repository directory to the temporary git global config as a safe directory
Publisher-owned smoke (python, amd64)	Checkout immutable worker fixture	2026-10-09T12:41:53.1476241Z [command]/usr/bin/git config --global --add safe.directory /home/runner/work/project-releaser/project-releaser/source
Publisher-owned smoke (python, amd64)	Checkout immutable worker fixture	2026-10-09T12:41:53.1508544Z ##[group]Determining repository object format
Publisher-owned smoke (python, amd64)	Checkout immutable worker fixture	2026-10-09T12:41:53.1510176Z ##[endgroup]
Publisher-owned smoke (python, amd64)	Checkout immutable worker fixture	2026-10-09T12:41:53.1511645Z ##[group]Initializing the repository
Publisher-owned smoke (python, amd64)	Checkout immutable worker fixture	2026-10-09T12:41:53.1514265Z [command]/usr/bin/git init /home/runner/work/project-releaser/project-releaser/source
Publisher-owned smoke (python, amd64)	Checkout immutable worker fixture	2026-10-09T12:41:53.1554519Z hint: Using 'master' as the name for the initial branch. This default branch name
Publisher-owned smoke (python, amd64)	Checkout immutable worker fixture	2026-10-09T12:41:53.1556315Z hint: will change to "main" in Git 3.0. To configure the initial branch name
Publisher-owned smoke (python, amd64)	Checkout immutable worker fixture	2026-10-09T12:41:53.1557665Z hint: to use in all of your new repositories, which will suppress this warning,
Publisher-owned smoke (python, amd64)	Checkout immutable worker fixture	2026-10-09T12:41:53.1558763Z hint: call:
Publisher-owned smoke (python, amd64)	Checkout immutable worker fixture	2026-10-09T12:41:53.1559463Z hint:
Publisher-owned smoke (python, amd64)	Checkout immutable worker fixture	2026-10-09T12:41:53.1560474Z hint: 	git config --global init.defaultBranch <name>
Publisher-owned smoke (python, amd64)	Checkout immutable worker fixture	2026-10-09T12:41:53.1562459Z hint:
Publisher-owned smoke (python, amd64)	Checkout immutable worker fixture	2026-10-09T12:41:53.1563409Z hint: Names commonly chosen instead of 'master' are 'main', 'trunk' and
Publisher-owned smoke (python, amd64)	Checkout immutable worker fixture	2026-10-09T12:41:53.1564687Z hint: 'development'. The just-created branch can be renamed via this command:
Publisher-owned smoke (python, amd64)	Checkout immutable worker fixture	2026-10-09T12:41:53.1565723Z hint:
Publisher-owned smoke (python, amd64)	Checkout immutable worker fixture	2026-10-09T12:41:53.1566436Z hint: 	git branch -m <name>
Publisher-owned smoke (python, amd64)	Checkout immutable worker fixture	2026-10-09T12:41:53.1567210Z hint:
Publisher-owned smoke (python, amd64)	Checkout immutable worker fixture	2026-10-09T12:41:53.1568416Z hint: Disable this message with "git config set advice.defaultBranchName false"
Publisher-owned smoke (python, amd64)	Checkout immutable worker fixture	2026-10-09T12:41:53.1569993Z Initialized empty Git repository in /home/runner/work/project-releaser/project-releaser/source/.git/
Publisher-owned smoke (python, amd64)	Checkout immutable worker fixture	2026-10-09T12:41:53.1572672Z [command]/usr/bin/git remote add origin https://github.com/BerriAI/litellm
Publisher-owned smoke (python, amd64)	Checkout immutable worker fixture	2026-10-09T12:41:53.1599134Z ##[endgroup]
Publisher-owned smoke (python, amd64)	Checkout immutable worker fixture	2026-10-09T12:41:53.1600424Z ##[group]Disabling automatic garbage collection
Publisher-owned smoke (python, amd64)	Checkout immutable worker fixture	2026-10-09T12:41:53.1601583Z [command]/usr/bin/git config --local gc.auto 0
Publisher-owned smoke (python, amd64)	Checkout immutable worker fixture	2026-10-09T12:41:53.1629277Z ##[endgroup]
Publisher-owned smoke (python, amd64)	Checkout immutable worker fixture	2026-10-09T12:41:53.1630539Z ##[group]Setting up auth
Publisher-owned smoke (python, amd64)	Checkout immutable worker fixture	2026-10-09T12:41:53.1631697Z Removing SSH command configuration
Publisher-owned smoke (python, amd64)	Checkout immutable worker fixture	2026-10-09T12:41:53.1634134Z [command]/usr/bin/git config --local --name-only --get-regexp core\.sshCommand
Publisher-owned smoke (python, amd64)	Checkout immutable worker fixture	2026-10-09T12:41:53.1729300Z [command]/usr/bin/git submodule foreach --recursive sh -c "git config --local --name-only --get-regexp 'core\.sshCommand' && git config --local --unset-all 'core.sshCommand' || :"
Publisher-owned smoke (python, amd64)	Checkout immutable worker fixture	2026-10-09T12:41:53.1877689Z Removing HTTP extra header
Publisher-owned smoke (python, amd64)	Checkout immutable worker fixture	2026-10-09T12:41:53.1883783Z [command]/usr/bin/git config --local --name-only --get-regexp http\.https\:\/\/github\.com\/\.extraheader
Publisher-owned smoke (python, amd64)	Checkout immutable worker fixture	2026-10-09T12:41:53.1909338Z [command]/usr/bin/git submodule foreach --recursive sh -c "git config --local --name-only --get-regexp 'http\.https\:\/\/github\.com\/\.extraheader' && git config --local --unset-all 'http.https://github.com/.extraheader' || :"
Publisher-owned smoke (python, amd64)	Checkout immutable worker fixture	2026-10-09T12:41:53.2092320Z Removing includeIf entries pointing to credentials config files
Publisher-owned smoke (python, amd64)	Checkout immutable worker fixture	2026-10-09T12:41:53.2096853Z [command]/usr/bin/git config --local --name-only --get-regexp ^includeIf\.gitdir:
Publisher-owned smoke (python, amd64)	Checkout immutable worker fixture	2026-10-09T12:41:53.2132957Z [command]/usr/bin/git submodule foreach --recursive git config --local --show-origin --name-only --get-regexp remote.origin.url
Publisher-owned smoke (python, amd64)	Checkout immutable worker fixture	2026-10-09T12:41:53.2372399Z [command]/usr/bin/git config --file /home/runner/work/_temp/git-credentials-d7d62d6c-fa36-465a-bd3d-24aa99436ca5.config http.https://github.com/.extraheader AUTHORIZATION: basic ***
Publisher-owned smoke (python, amd64)	Checkout immutable worker fixture	2026-10-09T12:41:53.2400512Z [command]/usr/bin/git config --local includeIf.gitdir:/home/runner/work/project-releaser/project-releaser/source/.git.path /home/runner/work/_temp/git-credentials-d7d62d6c-fa36-465a-bd3d-24aa99436ca5.config
Publisher-owned smoke (python, amd64)	Checkout immutable worker fixture	2026-10-09T12:41:53.2424774Z [command]/usr/bin/git config --local includeIf.gitdir:/home/runner/work/project-releaser/project-releaser/source/.git/worktrees/*.path /home/runner/work/_temp/git-credentials-d7d62d6c-fa36-465a-bd3d-24aa99436ca5.config
Publisher-owned smoke (python, amd64)	Checkout immutable worker fixture	2026-10-09T12:41:53.2451480Z [command]/usr/bin/git config --local includeIf.gitdir:/github/workspace/source/.git.path /github/runner_temp/git-credentials-d7d62d6c-fa36-465a-bd3d-24aa99436ca5.config
Publisher-owned smoke (python, amd64)	Checkout immutable worker fixture	2026-10-09T12:41:53.2478813Z [command]/usr/bin/git config --local includeIf.gitdir:/github/workspace/source/.git/worktrees/*.path /github/runner_temp/git-credentials-d7d62d6c-fa36-465a-bd3d-24aa99436ca5.config
Publisher-owned smoke (python, amd64)	Checkout immutable worker fixture	2026-10-09T12:41:53.2502879Z ##[endgroup]
Publisher-owned smoke (python, amd64)	Checkout immutable worker fixture	2026-10-09T12:41:53.2504435Z ##[group]Fetching the repository
Publisher-owned smoke (python, amd64)	Checkout immutable worker fixture	2026-10-09T12:41:53.2508707Z [command]/usr/bin/git -c protocol.version=2 fetch --no-tags --prune --no-recurse-submodules --depth=1 origin 1454f5c75bdb9c029bc99424a234659a88320577
Publisher-owned smoke (python, amd64)	Checkout immutable worker fixture	2026-10-09T12:42:00.3960269Z From https://github.com/BerriAI/litellm
Publisher-owned smoke (python, amd64)	Checkout immutable worker fixture	2026-10-09T12:42:00.3969976Z  * branch            1454f5c75bdb9c029bc99424a234659a88320577 -> FETCH_HEAD
Publisher-owned smoke (python, amd64)	Checkout immutable worker fixture	2026-10-09T12:42:00.3971918Z [command]/usr/bin/git rev-parse --verify --quiet 1454f5c75bdb9c029bc99424a234659a88320577^{object}
Publisher-owned smoke (python, amd64)	Checkout immutable worker fixture	2026-10-09T12:42:00.3988559Z 1454f5c75bdb9c029bc99424a234659a88320577
Publisher-owned smoke (python, amd64)	Checkout immutable worker fixture	2026-10-09T12:42:00.4004691Z ##[endgroup]
Publisher-owned smoke (python, amd64)	Checkout immutable worker fixture	2026-10-09T12:42:00.4005391Z ##[group]Determining the checkout info
Publisher-owned smoke (python, amd64)	Checkout immutable worker fixture	2026-10-09T12:42:00.4006878Z ##[endgroup]
Publisher-owned smoke (python, amd64)	Checkout immutable worker fixture	2026-10-09T12:42:00.4018775Z [command]/usr/bin/git sparse-checkout disable
Publisher-owned smoke (python, amd64)	Checkout immutable worker fixture	2026-10-09T12:42:00.4043561Z [command]/usr/bin/git config --local --unset-all extensions.worktreeConfig
Publisher-owned smoke (python, amd64)	Checkout immutable worker fixture	2026-10-09T12:42:00.4076887Z ##[group]Checking out the ref
Publisher-owned smoke (python, amd64)	Checkout immutable worker fixture	2026-10-09T12:42:00.4077492Z [command]/usr/bin/git checkout --progress --force 1454f5c75bdb9c029bc99424a234659a88320577
Publisher-owned smoke (python, amd64)	Checkout immutable worker fixture	2026-10-09T12:42:01.2776486Z Note: switching to '1454f5c75bdb9c029bc99424a234659a88320577'.
Publisher-owned smoke (python, amd64)	Checkout immutable worker fixture	2026-10-09T12:42:01.2781674Z 
Publisher-owned smoke (python, amd64)	Checkout immutable worker fixture	2026-10-09T12:42:01.2782120Z You are in 'detached HEAD' state. You can look around, make experimental
Publisher-owned smoke (python, amd64)	Checkout immutable worker fixture	2026-10-09T12:42:01.2782841Z changes and commit them, and you can discard any commits you make in this
Publisher-owned smoke (python, amd64)	Checkout immutable worker fixture	2026-10-09T12:42:01.2797074Z state without impacting any branches by switching back to a branch.
Publisher-owned smoke (python, amd64)	Checkout immutable worker fixture	2026-10-09T12:42:01.2797600Z 
Publisher-owned smoke (python, amd64)	Checkout immutable worker fixture	2026-10-09T12:42:01.2797975Z If you want to create a new branch to retain commits you create, you may
Publisher-owned smoke (python, amd64)	Checkout immutable worker fixture	2026-10-09T12:42:01.2798534Z do so (now or later) by using -c with the switch command. Example:
Publisher-owned smoke (python, amd64)	Checkout immutable worker fixture	2026-10-09T12:42:01.2798975Z 
Publisher-owned smoke (python, amd64)	Checkout immutable worker fixture	2026-10-09T12:42:01.2799286Z   git switch -c <new-branch-name>
Publisher-owned smoke (python, amd64)	Checkout immutable worker fixture	2026-10-09T12:42:01.2812078Z 
Publisher-owned smoke (python, amd64)	Checkout immutable worker fixture	2026-10-09T12:42:01.2812549Z Or undo this operation with:
Publisher-owned smoke (python, amd64)	Checkout immutable worker fixture	2026-10-09T12:42:01.2812861Z 
Publisher-owned smoke (python, amd64)	Checkout immutable worker fixture	2026-10-09T12:42:01.2813093Z   git switch -
Publisher-owned smoke (python, amd64)	Checkout immutable worker fixture	2026-10-09T12:42:01.2813338Z 
Publisher-owned smoke (python, amd64)	Checkout immutable worker fixture	2026-10-09T12:42:01.2813667Z Turn off this advice by setting config variable advice.detachedHead to false
Publisher-owned smoke (python, amd64)	Checkout immutable worker fixture	2026-10-09T12:42:01.2814079Z 
Publisher-owned smoke (python, amd64)	Checkout immutable worker fixture	2026-10-09T12:42:01.2814403Z HEAD is now at 1454f5c fix(lens): select the dev worker package for SHA-tagged charts
Publisher-owned smoke (python, amd64)	Checkout immutable worker fixture	2026-10-09T12:42:01.2830102Z ##[endgroup]
Publisher-owned smoke (python, amd64)	Checkout immutable worker fixture	2026-10-09T12:42:01.2907892Z [command]/usr/bin/git log -1 --format=%H
Publisher-owned smoke (python, amd64)	Checkout immutable worker fixture	2026-10-09T12:42:01.2930092Z 1454f5c75bdb9c029bc99424a234659a88320577
Publisher-owned smoke (python, amd64)	Checkout immutable worker fixture	2026-10-09T12:42:01.2972672Z ##[group]Removing auth
Publisher-owned smoke (python, amd64)	Checkout immutable worker fixture	2026-10-09T12:42:01.2973135Z Removing SSH command configuration
Publisher-owned smoke (python, amd64)	Checkout immutable worker fixture	2026-10-09T12:42:01.2973766Z [command]/usr/bin/git config --local --name-only --get-regexp core\.sshCommand
Publisher-owned smoke (python, amd64)	Checkout immutable worker fixture	2026-10-09T12:42:01.3008249Z [command]/usr/bin/git submodule foreach --recursive sh -c "git config --local --name-only --get-regexp 'core\.sshCommand' && git config --local --unset-all 'core.sshCommand' || :"
Publisher-owned smoke (python, amd64)	Checkout immutable worker fixture	2026-10-09T12:42:01.3238717Z Removing HTTP extra header
Publisher-owned smoke (python, amd64)	Checkout immutable worker fixture	2026-10-09T12:42:01.3239506Z [command]/usr/bin/git config --local --name-only --get-regexp http\.https\:\/\/github\.com\/\.extraheader
Publisher-owned smoke (python, amd64)	Checkout immutable worker fixture	2026-10-09T12:42:01.3266159Z [command]/usr/bin/git submodule foreach --recursive sh -c "git config --local --name-only --get-regexp 'http\.https\:\/\/github\.com\/\.extraheader' && git config --local --unset-all 'http.https://github.com/.extraheader' || :"
Publisher-owned smoke (python, amd64)	Checkout immutable worker fixture	2026-10-09T12:42:01.3465333Z Removing includeIf entries pointing to credentials config files
Publisher-owned smoke (python, amd64)	Checkout immutable worker fixture	2026-10-09T12:42:01.3467798Z [command]/usr/bin/git config --local --name-only --get-regexp ^includeIf\.gitdir:
Publisher-owned smoke (python, amd64)	Checkout immutable worker fixture	2026-10-09T12:42:01.3493542Z includeif.gitdir:/home/runner/work/project-releaser/project-releaser/source/.git.path
Publisher-owned smoke (python, amd64)	Checkout immutable worker fixture	2026-10-09T12:42:01.3494484Z includeif.gitdir:/home/runner/work/project-releaser/project-releaser/source/.git/worktrees/*.path
Publisher-owned smoke (python, amd64)	Checkout immutable worker fixture	2026-10-09T12:42:01.3495122Z includeif.gitdir:/github/workspace/source/.git.path
Publisher-owned smoke (python, amd64)	Checkout immutable worker fixture	2026-10-09T12:42:01.3495594Z includeif.gitdir:/github/workspace/source/.git/worktrees/*.path
Publisher-owned smoke (python, amd64)	Checkout immutable worker fixture	2026-10-09T12:42:01.3500911Z [command]/usr/bin/git config --local --get-all includeif.gitdir:/home/runner/work/project-releaser/project-releaser/source/.git.path
Publisher-owned smoke (python, amd64)	Checkout immutable worker fixture	2026-10-09T12:42:01.3523712Z /home/runner/work/_temp/git-credentials-d7d62d6c-fa36-465a-bd3d-24aa99436ca5.config
Publisher-owned smoke (python, amd64)	Checkout immutable worker fixture	2026-10-09T12:42:01.3544682Z [command]/usr/bin/git config --local --unset includeif.gitdir:/home/runner/work/project-releaser/project-releaser/source/.git.path /home/runner/work/_temp/git-credentials-d7d62d6c-fa36-465a-bd3d-24aa99436ca5.config
Publisher-owned smoke (python, amd64)	Checkout immutable worker fixture	2026-10-09T12:42:01.3600166Z [command]/usr/bin/git config --local --get-all includeif.gitdir:/home/runner/work/project-releaser/project-releaser/source/.git/worktrees/*.path
Publisher-owned smoke (python, amd64)	Checkout immutable worker fixture	2026-10-09T12:42:01.3630228Z /home/runner/work/_temp/git-credentials-d7d62d6c-fa36-465a-bd3d-24aa99436ca5.config
Publisher-owned smoke (python, amd64)	Checkout immutable worker fixture	2026-10-09T12:42:01.3638015Z [command]/usr/bin/git config --local --unset includeif.gitdir:/home/runner/work/project-releaser/project-releaser/source/.git/worktrees/*.path /home/runner/work/_temp/git-credentials-d7d62d6c-fa36-465a-bd3d-24aa99436ca5.config
Publisher-owned smoke (python, amd64)	Checkout immutable worker fixture	2026-10-09T12:42:01.3674960Z [command]/usr/bin/git config --local --get-all includeif.gitdir:/github/workspace/source/.git.path
Publisher-owned smoke (python, amd64)	Checkout immutable worker fixture	2026-10-09T12:42:01.3704779Z /github/runner_temp/git-credentials-d7d62d6c-fa36-465a-bd3d-24aa99436ca5.config
Publisher-owned smoke (python, amd64)	Checkout immutable worker fixture	2026-10-09T12:42:01.3711610Z [command]/usr/bin/git config --local --unset includeif.gitdir:/github/workspace/source/.git.path /github/runner_temp/git-credentials-d7d62d6c-fa36-465a-bd3d-24aa99436ca5.config
Publisher-owned smoke (python, amd64)	Checkout immutable worker fixture	2026-10-09T12:42:01.3825624Z [command]/usr/bin/git config --local --get-all includeif.gitdir:/github/workspace/source/.git/worktrees/*.path
Publisher-owned smoke (python, amd64)	Checkout immutable worker fixture	2026-10-09T12:42:01.3851642Z /github/runner_temp/git-credentials-d7d62d6c-fa36-465a-bd3d-24aa99436ca5.config
Publisher-owned smoke (python, amd64)	Checkout immutable worker fixture	2026-10-09T12:42:01.3862182Z [command]/usr/bin/git config --local --unset includeif.gitdir:/github/workspace/source/.git/worktrees/*.path /github/runner_temp/git-credentials-d7d62d6c-fa36-465a-bd3d-24aa99436ca5.config
Publisher-owned smoke (python, amd64)	Checkout immutable worker fixture	2026-10-09T12:42:01.3887126Z [command]/usr/bin/git submodule foreach --recursive git config --local --show-origin --name-only --get-regexp remote.origin.url
Publisher-owned smoke (python, amd64)	Checkout immutable worker fixture	2026-10-09T12:42:01.4096422Z Removing credentials config '/home/runner/work/_temp/git-credentials-d7d62d6c-fa36-465a-bd3d-24aa99436ca5.config'
Publisher-owned smoke (python, amd64)	Checkout immutable worker fixture	2026-10-09T12:42:01.4102612Z ##[endgroup]
Publisher-owned smoke (python, amd64)	Install pinned cosign	﻿2026-10-09T12:42:01.4280890Z ##[group]Run sigstore/cosign-installer@3454372f43399081ed03b604cb2d021dabca52bb
Publisher-owned smoke (python, amd64)	Install pinned cosign	2026-10-09T12:42:01.4281272Z with:
Publisher-owned smoke (python, amd64)	Install pinned cosign	2026-10-09T12:42:01.4281439Z   cosign-release: v2.4.3
Publisher-owned smoke (python, amd64)	Install pinned cosign	2026-10-09T12:42:01.4281579Z   install-dir: $HOME/.cosign
Publisher-owned smoke (python, amd64)	Install pinned cosign	2026-10-09T12:42:01.4281715Z   use-sudo: false
Publisher-owned smoke (python, amd64)	Install pinned cosign	2026-10-09T12:42:01.4281839Z ##[endgroup]
Publisher-owned smoke (python, amd64)	Install pinned cosign	2026-10-09T12:42:01.4348051Z ##[start-action display=Run #!/bin/bash;id=__sigstore_cosign-installer.__run]
Publisher-owned smoke (python, amd64)	Install pinned cosign	2026-10-09T12:42:01.4382602Z ##[group]Run #!/bin/bash
Publisher-owned smoke (python, amd64)	Install pinned cosign	2026-10-09T12:42:01.4383218Z ^[[36;1m#!/bin/bash^[[0m
Publisher-owned smoke (python, amd64)	Install pinned cosign	2026-10-09T12:42:01.4383357Z ^[[36;1m# cosign install script^[[0m
Publisher-owned smoke (python, amd64)	Install pinned cosign	2026-10-09T12:42:01.4383518Z ^[[36;1mshopt -s expand_aliases^[[0m
Publisher-owned smoke (python, amd64)	Install pinned cosign	2026-10-09T12:42:01.4383675Z ^[[36;1mif [ -z "$NO_COLOR" ]; then^[[0m
Publisher-owned smoke (python, amd64)	Install pinned cosign	2026-10-09T12:42:01.4383864Z ^[[36;1m  alias log_info="echo -e \"\033[1;32mINFO\033[0m:\""^[[0m
Publisher-owned smoke (python, amd64)	Install pinned cosign	2026-10-09T12:42:01.4384078Z ^[[36;1m  alias log_error="echo -e \"\033[1;31mERROR\033[0m:\""^[[0m
Publisher-owned smoke (python, amd64)	Install pinned cosign	2026-10-09T12:42:01.4384253Z ^[[36;1melse^[[0m
Publisher-owned smoke (python, amd64)	Install pinned cosign	2026-10-09T12:42:01.4384381Z ^[[36;1m  alias log_info="echo \"INFO:\""^[[0m
Publisher-owned smoke (python, amd64)	Install pinned cosign	2026-10-09T12:42:01.4384589Z ^[[36;1m  alias log_error="echo \"ERROR:\""^[[0m
Publisher-owned smoke (python, amd64)	Install pinned cosign	2026-10-09T12:42:01.4384738Z ^[[36;1mfi^[[0m
Publisher-owned smoke (python, amd64)	Install pinned cosign	2026-10-09T12:42:01.4384858Z ^[[36;1mset -e^[[0m
Publisher-owned smoke (python, amd64)	Install pinned cosign	2026-10-09T12:42:01.4384970Z ^[[36;1m^[[0m
Publisher-owned smoke (python, amd64)	Install pinned cosign	2026-10-09T12:42:01.4385090Z ^[[36;1mmkdir -p $HOME/.cosign^[[0m
Publisher-owned smoke (python, amd64)	Install pinned cosign	2026-10-09T12:42:01.4385226Z ^[[36;1m^[[0m
Publisher-owned smoke (python, amd64)	Install pinned cosign	2026-10-09T12:42:01.4385340Z ^[[36;1mif [[ v2.4.3 == "main" ]]; then^[[0m
Publisher-owned smoke (python, amd64)	Install pinned cosign	2026-10-09T12:42:01.4385551Z ^[[36;1m  log_info "installing cosign via 'go install' from its main version"^[[0m
Publisher-owned smoke (python, amd64)	Install pinned cosign	2026-10-09T12:42:01.4385770Z ^[[36;1m  GOBIN=$(go env GOPATH)/bin^[[0m
Publisher-owned smoke (python, amd64)	Install pinned cosign	2026-10-09T12:42:01.4385960Z ^[[36;1m  go install github.com/sigstore/cosign/v2/cmd/cosign@main^[[0m
Publisher-owned smoke (python, amd64)	Install pinned cosign	2026-10-09T12:42:01.4386176Z ^[[36;1m  ln -s $GOBIN/cosign $HOME/.cosign/cosign^[[0m
Publisher-owned smoke (python, amd64)	Install pinned cosign	2026-10-09T12:42:01.4386339Z ^[[36;1m  exit 0^[[0m
Publisher-owned smoke (python, amd64)	Install pinned cosign	2026-10-09T12:42:01.4386456Z ^[[36;1mfi^[[0m
Publisher-owned smoke (python, amd64)	Install pinned cosign	2026-10-09T12:42:01.4386564Z ^[[36;1m^[[0m
Publisher-owned smoke (python, amd64)	Install pinned cosign	2026-10-09T12:42:01.4386675Z ^[[36;1mshaprog() {^[[0m
Publisher-owned smoke (python, amd64)	Install pinned cosign	2026-10-09T12:42:01.4386803Z ^[[36;1m  case Linux in^[[0m
Publisher-owned smoke (python, amd64)	Install pinned cosign	2026-10-09T12:42:01.4386933Z ^[[36;1m    Linux|linux)^[[0m
Publisher-owned smoke (python, amd64)	Install pinned cosign	2026-10-09T12:42:01.4387078Z ^[[36;1m      sha256sum $1 | cut -d' ' -f1^[[0m
Publisher-owned smoke (python, amd64)	Install pinned cosign	2026-10-09T12:42:01.4387401Z ^[[36;1m      ;;^[[0m
Publisher-owned smoke (python, amd64)	Install pinned cosign	2026-10-09T12:42:01.4387517Z ^[[36;1m    macOS|macos)^[[0m
Publisher-owned smoke (python, amd64)	Install pinned cosign	2026-10-09T12:42:01.4387659Z ^[[36;1m      shasum -a256 $1 | cut -d' ' -f1^[[0m
Publisher-owned smoke (python, amd64)	Install pinned cosign	2026-10-09T12:42:01.4387809Z ^[[36;1m      ;;^[[0m
Publisher-owned smoke (python, amd64)	Install pinned cosign	2026-10-09T12:42:01.4387933Z ^[[36;1m    Windows|windows)^[[0m
Publisher-owned smoke (python, amd64)	Install pinned cosign	2026-10-09T12:42:01.4388209Z ^[[36;1m      powershell -command "(Get-FileHash $1 -Algorithm SHA256 | Select-Object -ExpandProperty Hash).ToLower()"^[[0m
Publisher-owned smoke (python, amd64)	Install pinned cosign	2026-10-09T12:42:01.4388485Z ^[[36;1m      ;;^[[0m
Publisher-owned smoke (python, amd64)	Install pinned cosign	2026-10-09T12:42:01.4388595Z ^[[36;1m    *)^[[0m
Publisher-owned smoke (python, amd64)	Install pinned cosign	2026-10-09T12:42:01.4388725Z ^[[36;1m      log_error "unsupported OS Linux"^[[0m
Publisher-owned smoke (python, amd64)	Install pinned cosign	2026-10-09T12:42:01.4388888Z ^[[36;1m      exit 1^[[0m
Publisher-owned smoke (python, amd64)	Install pinned cosign	2026-10-09T12:42:01.4389004Z ^[[36;1m      ;;^[[0m
Publisher-owned smoke (python, amd64)	Install pinned cosign	2026-10-09T12:42:01.4389114Z ^[[36;1m  esac^[[0m
Publisher-owned smoke (python, amd64)	Install pinned cosign	2026-10-09T12:42:01.4389222Z ^[[36;1m}^[[0m
Publisher-owned smoke (python, amd64)	Install pinned cosign	2026-10-09T12:42:01.4389328Z ^[[36;1m^[[0m
Publisher-owned smoke (python, amd64)	Install pinned cosign	2026-10-09T12:42:01.4389446Z ^[[36;1mbootstrap_version='v2.4.3'^[[0m
Publisher-owned smoke (python, amd64)	Install pinned cosign	2026-10-09T12:42:01.4389720Z ^[[36;1mbootstrap_linux_amd64_sha='caaad125acef1cb81d58dcdc454a1e429d09a750d1e9e2b3ed1aed8964454708'^[[0m
Publisher-owned smoke (python, amd64)	Install pinned cosign	2026-10-09T12:42:01.4390097Z ^[[36;1mbootstrap_linux_arm_sha='729d18ef31679dd2d6be1aaffcb122f31edb4ed04dedceb409e8104adf49507a'^[[0m
Publisher-owned smoke (python, amd64)	Install pinned cosign	2026-10-09T12:42:01.4410254Z ^[[36;1mbootstrap_linux_arm64_sha='bd0f9763bca54de88699c3656ade2f39c9a1c7a2916ff35601caf23a79be0629'^[[0m
Publisher-owned smoke (python, amd64)	Install pinned cosign	2026-10-09T12:42:01.4410885Z ^[[36;1mbootstrap_darwin_amd64_sha='98a3bfd691f42c6a5b721880116f89210d8fdff61cc0224cd3ef2f8e55a466fb'^[[0m
Publisher-owned smoke (python, amd64)	Install pinned cosign	2026-10-09T12:42:01.4411593Z ^[[36;1mbootstrap_darwin_arm64_sha='edfc761b27ced77f0f9ca288ff4fac7caa898e1e9db38f4dfdf72160cdf8e638'^[[0m
Publisher-owned smoke (python, amd64)	Install pinned cosign	2026-10-09T12:42:01.4412688Z ^[[36;1mbootstrap_windows_amd64_sha='a2ac24e197111c9430cb2a98f10a641164381afb83df036504868e4ea5720800'^[[0m
Publisher-owned smoke (python, amd64)	Install pinned cosign	2026-10-09T12:42:01.4413348Z ^[[36;1mcosign_executable_name=cosign^[[0m
Publisher-owned smoke (python, amd64)	Install pinned cosign	2026-10-09T12:42:01.4413582Z ^[[36;1m^[[0m
Publisher-owned smoke (python, amd64)	Install pinned cosign	2026-10-09T12:42:01.4413771Z ^[[36;1mtrap "popd >/dev/null" EXIT^[[0m
Publisher-owned smoke (python, amd64)	Install pinned cosign	2026-10-09T12:42:01.4413996Z ^[[36;1m^[[0m
Publisher-owned smoke (python, amd64)	Install pinned cosign	2026-10-09T12:42:01.4414475Z ^[[36;1mpushd $HOME/.cosign > /dev/null^[[0m
Publisher-owned smoke (python, amd64)	Install pinned cosign	2026-10-09T12:42:01.4414717Z ^[[36;1m^[[0m
Publisher-owned smoke (python, amd64)	Install pinned cosign	2026-10-09T12:42:01.4414894Z ^[[36;1mcase Linux in^[[0m
Publisher-owned smoke (python, amd64)	Install pinned cosign	2026-10-09T12:42:01.4415104Z ^[[36;1m  Linux|linux)^[[0m
Publisher-owned smoke (python, amd64)	Install pinned cosign	2026-10-09T12:42:01.4415312Z ^[[36;1m    case X64 in^[[0m
Publisher-owned smoke (python, amd64)	Install pinned cosign	2026-10-09T12:42:01.4415520Z ^[[36;1m      X64|amd64)^[[0m
Publisher-owned smoke (python, amd64)	Install pinned cosign	2026-10-09T12:42:01.4415777Z ^[[36;1m        bootstrap_filename='cosign-linux-amd64'^[[0m
Publisher-owned smoke (python, amd64)	Install pinned cosign	2026-10-09T12:42:01.4416115Z ^[[36;1m        bootstrap_sha=${bootstrap_linux_amd64_sha}^[[0m
Publisher-owned smoke (python, amd64)	Install pinned cosign	2026-10-09T12:42:01.4416464Z ^[[36;1m        desired_cosign_filename='cosign-linux-amd64'^[[0m
Publisher-owned smoke (python, amd64)	Install pinned cosign	2026-10-09T12:42:01.4416862Z ^[[36;1m        # v0.6.0 had different filename structures from all other releases^[[0m
Publisher-owned smoke (python, amd64)	Install pinned cosign	2026-10-09T12:42:01.4417237Z ^[[36;1m        if [[ v2.4.3 == 'v0.6.0' ]]; then^[[0m
Publisher-owned smoke (python, amd64)	Install pinned cosign	2026-10-09T12:42:01.4417598Z ^[[36;1m          desired_cosign_filename='cosign_linux_amd64_0.6.0_linux_amd64'^[[0m
Publisher-owned smoke (python, amd64)	Install pinned cosign	2026-10-09T12:42:01.4418064Z ^[[36;1m          desired_cosign_v060_signature='cosign_linux_amd64_0.6.0_linux_amd64.sig'^[[0m
Publisher-owned smoke (python, amd64)	Install pinned cosign	2026-10-09T12:42:01.4418434Z ^[[36;1m        fi^[[0m
Publisher-owned smoke (python, amd64)	Install pinned cosign	2026-10-09T12:42:01.4418629Z ^[[36;1m        ;;^[[0m
Publisher-owned smoke (python, amd64)	Install pinned cosign	2026-10-09T12:42:01.4418823Z ^[[36;1m^[[0m
Publisher-owned smoke (python, amd64)	Install pinned cosign	2026-10-09T12:42:01.4419002Z ^[[36;1m      ARM|arm)^[[0m
Publisher-owned smoke (python, amd64)	Install pinned cosign	2026-10-09T12:42:01.4419241Z ^[[36;1m        bootstrap_filename='cosign-linux-arm'^[[0m
Publisher-owned smoke (python, amd64)	Install pinned cosign	2026-10-09T12:42:01.4419580Z ^[[36;1m        bootstrap_sha=${bootstrap_linux_arm_sha}^[[0m
Publisher-owned smoke (python, amd64)	Install pinned cosign	2026-10-09T12:42:01.4419901Z ^[[36;1m        desired_cosign_filename='cosign-linux-arm'^[[0m
Publisher-owned smoke (python, amd64)	Install pinned cosign	2026-10-09T12:42:01.4420199Z ^[[36;1m        if [[ v2.4.3 == 'v0.6.0' ]]; then^[[0m
Publisher-owned smoke (python, amd64)	Install pinned cosign	2026-10-09T12:42:01.4420514Z ^[[36;1m          log_error "linux-arm build not available at v0.6.0"^[[0m
Publisher-owned smoke (python, amd64)	Install pinned cosign	2026-10-09T12:42:01.4420817Z ^[[36;1m          exit 1^[[0m
Publisher-owned smoke (python, amd64)	Install pinned cosign	2026-10-09T12:42:01.4421175Z ^[[36;1m        fi^[[0m
Publisher-owned smoke (python, amd64)	Install pinned cosign	2026-10-09T12:42:01.4421362Z ^[[36;1m        ;;^[[0m
Publisher-owned smoke (python, amd64)	Install pinned cosign	2026-10-09T12:42:01.4421552Z ^[[36;1m^[[0m
Publisher-owned smoke (python, amd64)	Install pinned cosign	2026-10-09T12:42:01.4421731Z ^[[36;1m      ARM64|arm64)^[[0m
Publisher-owned smoke (python, amd64)	Install pinned cosign	2026-10-09T12:42:01.4421989Z ^[[36;1m        bootstrap_filename='cosign-linux-arm64'^[[0m
Publisher-owned smoke (python, amd64)	Install pinned cosign	2026-10-09T12:42:01.4422327Z ^[[36;1m        bootstrap_sha=${bootstrap_linux_arm64_sha}^[[0m
Publisher-owned smoke (python, amd64)	Install pinned cosign	2026-10-09T12:42:01.4422662Z ^[[36;1m        desired_cosign_filename='cosign-linux-arm64'^[[0m
Publisher-owned smoke (python, amd64)	Install pinned cosign	2026-10-09T12:42:01.4423177Z ^[[36;1m        if [[ v2.4.3 == 'v0.6.0' ]]; then^[[0m
Publisher-owned smoke (python, amd64)	Install pinned cosign	2026-10-09T12:42:01.4423501Z ^[[36;1m          log_error "linux-arm64 build not available at v0.6.0"^[[0m
Publisher-owned smoke (python, amd64)	Install pinned cosign	2026-10-09T12:42:01.4423802Z ^[[36;1m          exit 1^[[0m
Publisher-owned smoke (python, amd64)	Install pinned cosign	2026-10-09T12:42:01.4423992Z ^[[36;1m        fi^[[0m
Publisher-owned smoke (python, amd64)	Install pinned cosign	2026-10-09T12:42:01.4424165Z ^[[36;1m        ;;^[[0m
Publisher-owned smoke (python, amd64)	Install pinned cosign	2026-10-09T12:42:01.4424282Z ^[[36;1m^[[0m
Publisher-owned smoke (python, amd64)	Install pinned cosign	2026-10-09T12:42:01.4424391Z ^[[36;1m      *)^[[0m
Publisher-owned smoke (python, amd64)	Install pinned cosign	2026-10-09T12:42:01.4424534Z ^[[36;1m        log_error "unsupported architecture X64"^[[0m
Publisher-owned smoke (python, amd64)	Install pinned cosign	2026-10-09T12:42:01.4424705Z ^[[36;1m        exit 1^[[0m
Publisher-owned smoke (python, amd64)	Install pinned cosign	2026-10-09T12:42:01.4424827Z ^[[36;1m        ;;^[[0m
Publisher-owned smoke (python, amd64)	Install pinned cosign	2026-10-09T12:42:01.4424940Z ^[[36;1m    esac^[[0m
Publisher-owned smoke (python, amd64)	Install pinned cosign	2026-10-09T12:42:01.4425052Z ^[[36;1m    ;;^[[0m
Publisher-owned smoke (python, amd64)	Install pinned cosign	2026-10-09T12:42:01.4425160Z ^[[36;1m^[[0m
Publisher-owned smoke (python, amd64)	Install pinned cosign	2026-10-09T12:42:01.4425270Z ^[[36;1m  macOS|macos)^[[0m
Publisher-owned smoke (python, amd64)	Install pinned cosign	2026-10-09T12:42:01.4425396Z ^[[36;1m    case X64 in^[[0m
Publisher-owned smoke (python, amd64)	Install pinned cosign	2026-10-09T12:42:01.4425529Z ^[[36;1m      X64|amd64)^[[0m
Publisher-owned smoke (python, amd64)	Install pinned cosign	2026-10-09T12:42:01.4425685Z ^[[36;1m        bootstrap_filename='cosign-darwin-amd64'^[[0m
Publisher-owned smoke (python, amd64)	Install pinned cosign	2026-10-09T12:42:01.4425888Z ^[[36;1m        bootstrap_sha=${bootstrap_darwin_amd64_sha}^[[0m
Publisher-owned smoke (python, amd64)	Install pinned cosign	2026-10-09T12:42:01.4426091Z ^[[36;1m        desired_cosign_filename='cosign-darwin-amd64'^[[0m
Publisher-owned smoke (python, amd64)	Install pinned cosign	2026-10-09T12:42:01.4426324Z ^[[36;1m        # v0.6.0 had different filename structures from all other releases^[[0m
Publisher-owned smoke (python, amd64)	Install pinned cosign	2026-10-09T12:42:01.4426541Z ^[[36;1m        if [[ v2.4.3 == 'v0.6.0' ]]; then^[[0m
Publisher-owned smoke (python, amd64)	Install pinned cosign	2026-10-09T12:42:01.4426754Z ^[[36;1m          desired_cosign_filename='cosign_darwin_amd64_0.6.0_darwin_amd64'^[[0m
Publisher-owned smoke (python, amd64)	Install pinned cosign	2026-10-09T12:42:01.4427036Z ^[[36;1m          desired_cosign_v060_signature='cosign_darwin_amd64_0.6.0_darwin_amd64.sig'^[[0m
Publisher-owned smoke (python, amd64)	Install pinned cosign	2026-10-09T12:42:01.4427258Z ^[[36;1m        fi^[[0m
Publisher-owned smoke (python, amd64)	Install pinned cosign	2026-10-09T12:42:01.4427376Z ^[[36;1m        ;;^[[0m
Publisher-owned smoke (python, amd64)	Install pinned cosign	2026-10-09T12:42:01.4427491Z ^[[36;1m^[[0m
Publisher-owned smoke (python, amd64)	Install pinned cosign	2026-10-09T12:42:01.4427604Z ^[[36;1m      ARM64|arm64)^[[0m
Publisher-owned smoke (python, amd64)	Install pinned cosign	2026-10-09T12:42:01.4427766Z ^[[36;1m        bootstrap_filename='cosign-darwin-arm64'^[[0m
Publisher-owned smoke (python, amd64)	Install pinned cosign	2026-10-09T12:42:01.4428095Z ^[[36;1m        bootstrap_sha=${bootstrap_darwin_arm64_sha}^[[0m
Publisher-owned smoke (python, amd64)	Install pinned cosign	2026-10-09T12:42:01.4428301Z ^[[36;1m        desired_cosign_filename='cosign-darwin-arm64'^[[0m
Publisher-owned smoke (python, amd64)	Install pinned cosign	2026-10-09T12:42:01.4428530Z ^[[36;1m        # v0.6.0 had different filename structures from all other releases^[[0m
Publisher-owned smoke (python, amd64)	Install pinned cosign	2026-10-09T12:42:01.4428749Z ^[[36;1m        if [[ v2.4.3 == 'v0.6.0' ]]; then^[[0m
Publisher-owned smoke (python, amd64)	Install pinned cosign	2026-10-09T12:42:01.4428955Z ^[[36;1m          desired_cosign_filename='cosign_darwin_arm64_0.6.0_darwin_arm64'^[[0m
Publisher-owned smoke (python, amd64)	Install pinned cosign	2026-10-09T12:42:01.4429229Z ^[[36;1m          desired_cosign_v060_signature='cosign_darwin_arm64_0.6.0_darwin_arm64.sig'^[[0m
Publisher-owned smoke (python, amd64)	Install pinned cosign	2026-10-09T12:42:01.4429446Z ^[[36;1m        fi^[[0m
Publisher-owned smoke (python, amd64)	Install pinned cosign	2026-10-09T12:42:01.4429563Z ^[[36;1m        ;;^[[0m
Publisher-owned smoke (python, amd64)	Install pinned cosign	2026-10-09T12:42:01.4429677Z ^[[36;1m^[[0m
Publisher-owned smoke (python, amd64)	Install pinned cosign	2026-10-09T12:42:01.4429781Z ^[[36;1m      *)^[[0m
Publisher-owned smoke (python, amd64)	Install pinned cosign	2026-10-09T12:42:01.4429960Z ^[[36;1m        log_error "unsupported architecture X64"^[[0m
Publisher-owned smoke (python, amd64)	Install pinned cosign	2026-10-09T12:42:01.4430156Z ^[[36;1m        exit 1^[[0m
Publisher-owned smoke (python, amd64)	Install pinned cosign	2026-10-09T12:42:01.4430283Z ^[[36;1m        ;;^[[0m
Publisher-owned smoke (python, amd64)	Install pinned cosign	2026-10-09T12:42:01.4430396Z ^[[36;1m    esac^[[0m
Publisher-owned smoke (python, amd64)	Install pinned cosign	2026-10-09T12:42:01.4430509Z ^[[36;1m    ;;^[[0m
Publisher-owned smoke (python, amd64)	Install pinned cosign	2026-10-09T12:42:01.4430620Z ^[[36;1m^[[0m
Publisher-owned smoke (python, amd64)	Install pinned cosign	2026-10-09T12:42:01.4430731Z ^[[36;1m  Windows|windows)^[[0m
Publisher-owned smoke (python, amd64)	Install pinned cosign	2026-10-09T12:42:01.4430865Z ^[[36;1m    case X64 in^[[0m
Publisher-owned smoke (python, amd64)	Install pinned cosign	2026-10-09T12:42:01.4431240Z ^[[36;1m      X64|amd64)^[[0m
Publisher-owned smoke (python, amd64)	Install pinned cosign	2026-10-09T12:42:01.4431401Z ^[[36;1m        bootstrap_filename='cosign-windows-amd64.exe'^[[0m
Publisher-owned smoke (python, amd64)	Install pinned cosign	2026-10-09T12:42:01.4431610Z ^[[36;1m        bootstrap_sha=${bootstrap_windows_amd64_sha}^[[0m
Publisher-owned smoke (python, amd64)	Install pinned cosign	2026-10-09T12:42:01.4431826Z ^[[36;1m        desired_cosign_filename='cosign-windows-amd64.exe'^[[0m
Publisher-owned smoke (python, amd64)	Install pinned cosign	2026-10-09T12:42:01.4432029Z ^[[36;1m        cosign_executable_name=cosign.exe^[[0m
Publisher-owned smoke (python, amd64)	Install pinned cosign	2026-10-09T12:42:01.4432242Z ^[[36;1m        # v0.6.0 had different filename structures from all other releases^[[0m
Publisher-owned smoke (python, amd64)	Install pinned cosign	2026-10-09T12:42:01.4432456Z ^[[36;1m        if [[ v2.4.3 == 'v0.6.0' ]]; then^[[0m
Publisher-owned smoke (python, amd64)	Install pinned cosign	2026-10-09T12:42:01.4432685Z ^[[36;1m          desired_cosign_filename='cosign_windows_amd64_0.6.0_windows_amd64.exe'^[[0m
Publisher-owned smoke (python, amd64)	Install pinned cosign	2026-10-09T12:42:01.4432989Z ^[[36;1m          desired_cosign_v060_signature='cosign_windows_amd64_0.6.0_windows_amd64.exe.sig'^[[0m
Publisher-owned smoke (python, amd64)	Install pinned cosign	2026-10-09T12:42:01.4433322Z ^[[36;1m        fi^[[0m
Publisher-owned smoke (python, amd64)	Install pinned cosign	2026-10-09T12:42:01.4433441Z ^[[36;1m        ;;^[[0m
Publisher-owned smoke (python, amd64)	Install pinned cosign	2026-10-09T12:42:01.4433557Z ^[[36;1m      *)^[[0m
Publisher-owned smoke (python, amd64)	Install pinned cosign	2026-10-09T12:42:01.4433700Z ^[[36;1m        log_error "unsupported architecture X64"^[[0m
Publisher-owned smoke (python, amd64)	Install pinned cosign	2026-10-09T12:42:01.4433873Z ^[[36;1m        exit 1^[[0m
Publisher-owned smoke (python, amd64)	Install pinned cosign	2026-10-09T12:42:01.4433995Z ^[[36;1m        ;;^[[0m
Publisher-owned smoke (python, amd64)	Install pinned cosign	2026-10-09T12:42:01.4434110Z ^[[36;1m    esac^[[0m
Publisher-owned smoke (python, amd64)	Install pinned cosign	2026-10-09T12:42:01.4434221Z ^[[36;1m    ;;^[[0m
Publisher-owned smoke (python, amd64)	Install pinned cosign	2026-10-09T12:42:01.4434334Z ^[[36;1m  *)^[[0m
Publisher-owned smoke (python, amd64)	Install pinned cosign	2026-10-09T12:42:01.4434461Z ^[[36;1m    log_error "unsupported os Linux"^[[0m
Publisher-owned smoke (python, amd64)	Install pinned cosign	2026-10-09T12:42:01.4434616Z ^[[36;1m    exit 1^[[0m
Publisher-owned smoke (python, amd64)	Install pinned cosign	2026-10-09T12:42:01.4434731Z ^[[36;1m    ;;^[[0m
Publisher-owned smoke (python, amd64)	Install pinned cosign	2026-10-09T12:42:01.4434839Z ^[[36;1mesac^[[0m
Publisher-owned smoke (python, amd64)	Install pinned cosign	2026-10-09T12:42:01.4434946Z ^[[36;1m^[[0m
Publisher-owned smoke (python, amd64)	Install pinned cosign	2026-10-09T12:42:01.4435052Z ^[[36;1mSUDO=^[[0m
Publisher-owned smoke (python, amd64)	Install pinned cosign	2026-10-09T12:42:01.4435213Z ^[[36;1mif [[ "false" == "true" ]] && command -v sudo >/dev/null; then^[[0m
Publisher-owned smoke (python, amd64)	Install pinned cosign	2026-10-09T12:42:01.4435406Z ^[[36;1m  SUDO=sudo^[[0m
Publisher-owned smoke (python, amd64)	Install pinned cosign	2026-10-09T12:42:01.4435527Z ^[[36;1mfi^[[0m
Publisher-owned smoke (python, amd64)	Install pinned cosign	2026-10-09T12:42:01.4435637Z ^[[36;1m^[[0m
Publisher-owned smoke (python, amd64)	Install pinned cosign	2026-10-09T12:42:01.4435786Z ^[[36;1mexpected_bootstrap_version_digest=${bootstrap_sha}^[[0m
Publisher-owned smoke (python, amd64)	Install pinned cosign	2026-10-09T12:42:01.4436305Z ^[[36;1mlog_info "Downloading bootstrap version '${bootstrap_version}' of cosign to verify version to be installed...\n      https://github.com/sigstore/cosign/releases/download/${bootstrap_version}/${bootstrap_filename}"^[[0m
Publisher-owned smoke (python, amd64)	Install pinned cosign	2026-10-09T12:42:01.4436961Z ^[[36;1m$SUDO curl -fsL https://github.com/sigstore/cosign/releases/download/${bootstrap_version}/${bootstrap_filename} -o ${cosign_executable_name}^[[0m
Publisher-owned smoke (python, amd64)	Install pinned cosign	2026-10-09T12:42:01.4437332Z ^[[36;1mshaBootstrap=$(shaprog ${cosign_executable_name});^[[0m
Publisher-owned smoke (python, amd64)	Install pinned cosign	2026-10-09T12:42:01.4437573Z ^[[36;1mif [[ $shaBootstrap != ${expected_bootstrap_version_digest} ]]; then^[[0m
Publisher-owned smoke (python, amd64)	Install pinned cosign	2026-10-09T12:42:01.4437827Z ^[[36;1m  log_error "Unable to validate cosign version: 'v2.4.3'"^[[0m
Publisher-owned smoke (python, amd64)	Install pinned cosign	2026-10-09T12:42:01.4438014Z ^[[36;1m  exit 1^[[0m
Publisher-owned smoke (python, amd64)	Install pinned cosign	2026-10-09T12:42:01.4438217Z ^[[36;1mfi^[[0m
Publisher-owned smoke (python, amd64)	Install pinned cosign	2026-10-09T12:42:01.4438348Z ^[[36;1m$SUDO chmod +x ${cosign_executable_name}^[[0m
Publisher-owned smoke (python, amd64)	Install pinned cosign	2026-10-09T12:42:01.4438507Z ^[[36;1m^[[0m
Publisher-owned smoke (python, amd64)	Install pinned cosign	2026-10-09T12:42:01.4438688Z ^[[36;1m# If the bootstrap and specified `cosign` releases are the same, we're done.^[[0m
Publisher-owned smoke (python, amd64)	Install pinned cosign	2026-10-09T12:42:01.4438933Z ^[[36;1mif [[ v2.4.3 == ${bootstrap_version} ]]; then^[[0m
Publisher-owned smoke (python, amd64)	Install pinned cosign	2026-10-09T12:42:01.4439217Z ^[[36;1m  log_info "bootstrap version successfully verified and matches requested version so nothing else to do"^[[0m
Publisher-owned smoke (python, amd64)	Install pinned cosign	2026-10-09T12:42:01.4439482Z ^[[36;1m  exit 0^[[0m
Publisher-owned smoke (python, amd64)	Install pinned cosign	2026-10-09T12:42:01.4439597Z ^[[36;1mfi^[[0m
Publisher-owned smoke (python, amd64)	Install pinned cosign	2026-10-09T12:42:01.4439703Z ^[[36;1m^[[0m
Publisher-owned smoke (python, amd64)	Install pinned cosign	2026-10-09T12:42:01.4439846Z ^[[36;1msemver='^v([0-9]+\.){0,2}(\*|[0-9]+)(-?r?c?)(\.[0-9]+)$'^[[0m
Publisher-owned smoke (python, amd64)	Install pinned cosign	2026-10-09T12:42:01.4440030Z ^[[36;1mif [[ v2.4.3 =~ $semver ]]; then^[[0m
Publisher-owned smoke (python, amd64)	Install pinned cosign	2026-10-09T12:42:01.4440215Z ^[[36;1m  log_info "Custom cosign version 'v2.4.3' requested"^[[0m
Publisher-owned smoke (python, amd64)	Install pinned cosign	2026-10-09T12:42:01.4440388Z ^[[36;1melse^[[0m
Publisher-owned smoke (python, amd64)	Install pinned cosign	2026-10-09T12:42:01.4440558Z ^[[36;1m  log_error "Unable to validate requested cosign version: 'v2.4.3'"^[[0m
Publisher-owned smoke (python, amd64)	Install pinned cosign	2026-10-09T12:42:01.4440760Z ^[[36;1m  exit 1^[[0m
Publisher-owned smoke (python, amd64)	Install pinned cosign	2026-10-09T12:42:01.4440873Z ^[[36;1mfi^[[0m
Publisher-owned smoke (python, amd64)	Install pinned cosign	2026-10-09T12:42:01.4441195Z ^[[36;1m^[[0m
Publisher-owned smoke (python, amd64)	Install pinned cosign	2026-10-09T12:42:01.4441338Z ^[[36;1m# Download custom cosign^[[0m
Publisher-owned smoke (python, amd64)	Install pinned cosign	2026-10-09T12:42:01.4441709Z ^[[36;1mlog_info "Downloading platform-specific version 'v2.4.3' of cosign...\n      https://github.com/sigstore/cosign/releases/download/v2.4.3/${desired_cosign_filename}"^[[0m
Publisher-owned smoke (python, amd64)	Install pinned cosign	2026-10-09T12:42:01.4442226Z ^[[36;1m$SUDO curl -fsL https://github.com/sigstore/cosign/releases/download/v2.4.3/${desired_cosign_filename} -o cosign_v2.4.3^[[0m
Publisher-owned smoke (python, amd64)	Install pinned cosign	2026-10-09T12:42:01.4442538Z ^[[36;1mshaCustom=$(shaprog cosign_v2.4.3);^[[0m
Publisher-owned smoke (python, amd64)	Install pinned cosign	2026-10-09T12:42:01.4442692Z ^[[36;1m^[[0m
Publisher-owned smoke (python, amd64)	Install pinned cosign	2026-10-09T12:42:01.4442821Z ^[[36;1m# same hash means it is the same release^[[0m
Publisher-owned smoke (python, amd64)	Install pinned cosign	2026-10-09T12:42:01.4443005Z ^[[36;1mif [[ $shaCustom != $shaBootstrap ]]; then^[[0m
Publisher-owned smoke (python, amd64)	Install pinned cosign	2026-10-09T12:42:01.4443199Z ^[[36;1m  if [[ v2.4.3 == 'v0.6.0' && Linux == 'Linux' ]]; then^[[0m
Publisher-owned smoke (python, amd64)	Install pinned cosign	2026-10-09T12:42:01.4443417Z ^[[36;1m    # v0.6.0's linux release has a dependency on `libpcsclite1`^[[0m
Publisher-owned smoke (python, amd64)	Install pinned cosign	2026-10-09T12:42:01.4443662Z ^[[36;1m    log_info "Installing libpcsclite1 package if necessary..."^[[0m
Publisher-owned smoke (python, amd64)	Install pinned cosign	2026-10-09T12:42:01.4443957Z ^[[36;1m    set +e^[[0m
Publisher-owned smoke (python, amd64)	Install pinned cosign	2026-10-09T12:42:01.4444099Z ^[[36;1m    sudo dpkg -s libpcsclite1^[[0m
Publisher-owned smoke (python, amd64)	Install pinned cosign	2026-10-09T12:42:01.4444254Z ^[[36;1m    if [ $? -eq 0 ]; then^[[0m
Publisher-owned smoke (python, amd64)	Install pinned cosign	2026-10-09T12:42:01.4444436Z ^[[36;1m        log_info "libpcsclite1 package is already installed"^[[0m
Publisher-owned smoke (python, amd64)	Install pinned cosign	2026-10-09T12:42:01.4444620Z ^[[36;1m    else^[[0m
Publisher-owned smoke (python, amd64)	Install pinned cosign	2026-10-09T12:42:01.4444802Z ^[[36;1m         log_info "libpcsclite1 package is not installed, installing it now."^[[0m
Publisher-owned smoke (python, amd64)	Install pinned cosign	2026-10-09T12:42:01.4445029Z ^[[36;1m         sudo apt-get update -q -q^[[0m
Publisher-owned smoke (python, amd64)	Install pinned cosign	2026-10-09T12:42:01.4445209Z ^[[36;1m         sudo apt-get install -yq libpcsclite1^[[0m
Publisher-owned smoke (python, amd64)	Install pinned cosign	2026-10-09T12:42:01.4445370Z ^[[36;1m    fi^[[0m
Publisher-owned smoke (python, amd64)	Install pinned cosign	2026-10-09T12:42:01.4445483Z ^[[36;1m    set -e^[[0m
Publisher-owned smoke (python, amd64)	Install pinned cosign	2026-10-09T12:42:01.4445600Z ^[[36;1m  fi^[[0m
Publisher-owned smoke (python, amd64)	Install pinned cosign	2026-10-09T12:42:01.4445709Z ^[[36;1m^[[0m
Publisher-owned smoke (python, amd64)	Install pinned cosign	2026-10-09T12:42:01.4445825Z ^[[36;1m  if [[ v2.4.3 == 'v0.6.0' ]]; then^[[0m
Publisher-owned smoke (python, amd64)	Install pinned cosign	2026-10-09T12:42:01.4446231Z ^[[36;1m    log_info "Downloading detached signature for platform-specific 'v2.4.3' of cosign...\n      https://github.com/sigstore/cosign/releases/download/v2.4.3/${desired_cosign_v060_signature}"^[[0m
Publisher-owned smoke (python, amd64)	Install pinned cosign	2026-10-09T12:42:01.4446817Z ^[[36;1m    $SUDO curl -fsL https://github.com/sigstore/cosign/releases/download/v2.4.3/${desired_cosign_v060_signature} -o ${desired_cosign_filename}.sig^[[0m
Publisher-owned smoke (python, amd64)	Install pinned cosign	2026-10-09T12:42:01.4447143Z ^[[36;1m  else^[[0m
Publisher-owned smoke (python, amd64)	Install pinned cosign	2026-10-09T12:42:01.4447502Z ^[[36;1m    log_info "Downloading detached signature for platform-specific 'v2.4.3' of cosign...\n      https://github.com/sigstore/cosign/releases/download/v2.4.3/${desired_cosign_filename}.sig"^[[0m
Publisher-owned smoke (python, amd64)	Install pinned cosign	2026-10-09T12:42:01.4448029Z ^[[36;1m    $SUDO curl -fsLO https://github.com/sigstore/cosign/releases/download/v2.4.3/${desired_cosign_filename}.sig^[[0m
Publisher-owned smoke (python, amd64)	Install pinned cosign	2026-10-09T12:42:01.4448303Z ^[[36;1m  fi^[[0m
Publisher-owned smoke (python, amd64)	Install pinned cosign	2026-10-09T12:42:01.4448411Z ^[[36;1m^[[0m
Publisher-owned smoke (python, amd64)	Install pinned cosign	2026-10-09T12:42:01.4448525Z ^[[36;1m  if [[ v2.4.3 < 'v0.6.0' ]]; then^[[0m
Publisher-owned smoke (python, amd64)	Install pinned cosign	2026-10-09T12:42:01.4448963Z ^[[36;1m    log_info "Downloading cosign public key 'v2.4.3' of cosign...\n    https://raw.githubusercontent.com/sigstore/cosign/v2.4.3/.github/workflows/cosign.pub"^[[0m
Publisher-owned smoke (python, amd64)	Install pinned cosign	2026-10-09T12:42:01.4449455Z ^[[36;1m    RELEASE_COSIGN_PUB_KEY=https://raw.githubusercontent.com/sigstore/cosign/v2.4.3/.github/workflows/cosign.pub^[[0m
Publisher-owned smoke (python, amd64)	Install pinned cosign	2026-10-09T12:42:01.4449858Z ^[[36;1m    RELEASE_COSIGN_PUB_KEY_SHA='4aa4bd19530a4929d758a9896255aef2c82f1a3a9f4b000034c6df4307c14f9e'^[[0m
Publisher-owned smoke (python, amd64)	Install pinned cosign	2026-10-09T12:42:01.4450112Z ^[[36;1m  else^[[0m
Publisher-owned smoke (python, amd64)	Install pinned cosign	2026-10-09T12:42:01.4450423Z ^[[36;1m    log_info "Downloading cosign public key 'v2.4.3' of cosign...\n    https://raw.githubusercontent.com/sigstore/cosign/v2.4.3/release/release-cosign.pub"^[[0m
Publisher-owned smoke (python, amd64)	Install pinned cosign	2026-10-09T12:42:01.4450899Z ^[[36;1m    RELEASE_COSIGN_PUB_KEY=https://raw.githubusercontent.com/sigstore/cosign/v2.4.3/release/release-cosign.pub^[[0m
Publisher-owned smoke (python, amd64)	Install pinned cosign	2026-10-09T12:42:01.4451467Z ^[[36;1m    RELEASE_COSIGN_PUB_KEY_SHA='f4cea466e5e887a45da5031757fa1d32655d83420639dc1758749b744179f126'^[[0m
Publisher-owned smoke (python, amd64)	Install pinned cosign	2026-10-09T12:42:01.4451718Z ^[[36;1m  fi^[[0m
Publisher-owned smoke (python, amd64)	Install pinned cosign	2026-10-09T12:42:01.4451827Z ^[[36;1m^[[0m
Publisher-owned smoke (python, amd64)	Install pinned cosign	2026-10-09T12:42:01.4451979Z ^[[36;1m  log_info "Verifying public key matches expected value"^[[0m
Publisher-owned smoke (python, amd64)	Install pinned cosign	2026-10-09T12:42:01.4452205Z ^[[36;1m  $SUDO curl -fsL $RELEASE_COSIGN_PUB_KEY -o public.key^[[0m
Publisher-owned smoke (python, amd64)	Install pinned cosign	2026-10-09T12:42:01.4452407Z ^[[36;1m  sha_fetched_key=$(shaprog public.key)^[[0m
Publisher-owned smoke (python, amd64)	Install pinned cosign	2026-10-09T12:42:01.4452615Z ^[[36;1m  if [[ $sha_fetched_key != $RELEASE_COSIGN_PUB_KEY_SHA ]]; then^[[0m
Publisher-owned smoke (python, amd64)	Install pinned cosign	2026-10-09T12:42:01.4452869Z ^[[36;1m    log_error "Fetched public key does not match expected digest, exiting"^[[0m
Publisher-owned smoke (python, amd64)	Install pinned cosign	2026-10-09T12:42:01.4453080Z ^[[36;1m    exit 1^[[0m
Publisher-owned smoke (python, amd64)	Install pinned cosign	2026-10-09T12:42:01.4453195Z ^[[36;1m  fi^[[0m
Publisher-owned smoke (python, amd64)	Install pinned cosign	2026-10-09T12:42:01.4453301Z ^[[36;1m^[[0m
Publisher-owned smoke (python, amd64)	Install pinned cosign	2026-10-09T12:42:01.4453490Z ^[[36;1m  log_info "Using bootstrap cosign to verify signature of desired cosign version"^[[0m
Publisher-owned smoke (python, amd64)	Install pinned cosign	2026-10-09T12:42:01.4453827Z ^[[36;1m  ./cosign verify-blob --key public.key --signature ${desired_cosign_filename}.sig cosign_v2.4.3^[[0m
Publisher-owned smoke (python, amd64)	Install pinned cosign	2026-10-09T12:42:01.4454077Z ^[[36;1m^[[0m
Publisher-owned smoke (python, amd64)	Install pinned cosign	2026-10-09T12:42:01.4454189Z ^[[36;1m  $SUDO rm cosign^[[0m
Publisher-owned smoke (python, amd64)	Install pinned cosign	2026-10-09T12:42:01.4454350Z ^[[36;1m  $SUDO mv cosign_v2.4.3 ${cosign_executable_name}^[[0m
Publisher-owned smoke (python, amd64)	Install pinned cosign	2026-10-09T12:42:01.4454639Z ^[[36;1m  $SUDO chmod +x ${cosign_executable_name}^[[0m
Publisher-owned smoke (python, amd64)	Install pinned cosign	2026-10-09T12:42:01.4454816Z ^[[36;1m  log_info "Installation complete!"^[[0m
Publisher-owned smoke (python, amd64)	Install pinned cosign	2026-10-09T12:42:01.4454969Z ^[[36;1mfi^[[0m
Publisher-owned smoke (python, amd64)	Install pinned cosign	2026-10-09T12:42:01.4666390Z shell: /usr/bin/bash --noprofile --norc -e -o pipefail {0}
Publisher-owned smoke (python, amd64)	Install pinned cosign	2026-10-09T12:42:01.4666655Z ##[endgroup]
Publisher-owned smoke (python, amd64)	Install pinned cosign	2026-10-09T12:42:01.4777370Z ^[[1;32mINFO^[[0m: Downloading bootstrap version 'v2.4.3' of cosign to verify version to be installed...
Publisher-owned smoke (python, amd64)	Install pinned cosign	2026-10-09T12:42:01.4778290Z       https://github.com/sigstore/cosign/releases/download/v2.4.3/cosign-linux-amd64
Publisher-owned smoke (python, amd64)	Install pinned cosign	2026-10-09T12:42:02.2433539Z ^[[1;32mINFO^[[0m: bootstrap version successfully verified and matches requested version so nothing else to do
Publisher-owned smoke (python, amd64)	Install pinned cosign	2026-10-09T12:42:02.2449550Z ##[end-action id=__sigstore_cosign-installer.__run;outcome=success;conclusion=success;duration_ms=810]
Publisher-owned smoke (python, amd64)	Install pinned cosign	2026-10-09T12:42:02.2458250Z ##[start-action display=Run echo "$HOME/.cosign" >> $GITHUB_PATH;id=__sigstore_cosign-installer.__run_2]
Publisher-owned smoke (python, amd64)	Install pinned cosign	2026-10-09T12:42:02.2491354Z ##[group]Run echo "$HOME/.cosign" >> $GITHUB_PATH
Publisher-owned smoke (python, amd64)	Install pinned cosign	2026-10-09T12:42:02.2491623Z ^[[36;1mecho "$HOME/.cosign" >> $GITHUB_PATH^[[0m
Publisher-owned smoke (python, amd64)	Install pinned cosign	2026-10-09T12:42:02.2543466Z shell: /usr/bin/bash --noprofile --norc -e -o pipefail {0}
Publisher-owned smoke (python, amd64)	Install pinned cosign	2026-10-09T12:42:02.2543677Z ##[endgroup]
Publisher-owned smoke (python, amd64)	Install pinned cosign	2026-10-09T12:42:02.2623730Z ##[end-action id=__sigstore_cosign-installer.__run_2;outcome=success;conclusion=success;duration_ms=16]
Publisher-owned smoke (python, amd64)	Install pinned cosign	2026-10-09T12:42:02.2627298Z ##[start-action display=Run echo "$HOME/.cosign" | Out-File -FilePath $env:GITHUB_PATH -Encoding utf8 -Append;id=__sigstore_cosign-installer.__run_3]
Publisher-owned smoke (python, amd64)	Install pinned cosign	2026-10-09T12:42:02.2631292Z ##[end-action id=__sigstore_cosign-installer.__run_3;outcome=skipped;conclusion=skipped;duration_ms=0]
Publisher-owned smoke (python, amd64)	Build local worker without publishing	﻿2026-10-09T12:42:02.2659032Z ##[group]Run docker build --build-arg LITELLM_RELEASE_TAG=v0.0.0-lens-ci -f deploy/lens/Dockerfile -t lens-runtime-fixture .
Publisher-owned smoke (python, amd64)	Build local worker without publishing	2026-10-09T12:42:02.2659527Z ^[[36;1mdocker build --build-arg LITELLM_RELEASE_TAG=v0.0.0-lens-ci -f deploy/lens/Dockerfile -t lens-runtime-fixture .^[[0m
Publisher-owned smoke (python, amd64)	Build local worker without publishing	2026-10-09T12:42:02.2714103Z shell: /usr/bin/bash -e {0}
Publisher-owned smoke (python, amd64)	Build local worker without publishing	2026-10-09T12:42:02.2714277Z ##[endgroup]
Publisher-owned smoke (python, amd64)	Build local worker without publishing	2026-10-09T12:42:02.8878573Z #0 building with "default" instance using docker driver
Publisher-owned smoke (python, amd64)	Build local worker without publishing	2026-10-09T12:42:02.8878890Z 
Publisher-owned smoke (python, amd64)	Build local worker without publishing	2026-10-09T12:42:02.8879012Z #1 [internal] load build definition from Dockerfile
Publisher-owned smoke (python, amd64)	Build local worker without publishing	2026-10-09T12:42:02.8879313Z #1 transferring dockerfile: 1.89kB done
Publisher-owned smoke (python, amd64)	Build local worker without publishing	2026-10-09T12:42:02.8879546Z #1 DONE 0.0s
Publisher-owned smoke (python, amd64)	Build local worker without publishing	2026-10-09T12:42:02.8879648Z 
Publisher-owned smoke (python, amd64)	Build local worker without publishing	2026-10-09T12:42:02.8879990Z #2 [internal] load metadata for ghcr.io/astral-sh/uv:0.11.7@sha256:240fb85ab0f263ef12f492d8476aa3a2e4e1e333f7d67fbdd923d00a506a516a
Publisher-owned smoke (python, amd64)	Build local worker without publishing	2026-10-09T12:42:03.3378899Z #2 ...
Publisher-owned smoke (python, amd64)	Build local worker without publishing	2026-10-09T12:42:03.3379354Z 
Publisher-owned smoke (python, amd64)	Build local worker without publishing	2026-10-09T12:42:03.3379916Z #3 [internal] load metadata for cgr.dev/chainguard/wolfi-base@sha256:1d95114038f76513a9ace6fca107d5582b08c65981f81f61cb56bf7fd2ef216d
Publisher-owned smoke (python, amd64)	Build local worker without publishing	2026-10-09T12:42:03.3380474Z #3 DONE 0.6s
Publisher-owned smoke (python, amd64)	Build local worker without publishing	2026-10-09T12:42:03.4604771Z 
Publisher-owned smoke (python, amd64)	Build local worker without publishing	2026-10-09T12:42:03.4606101Z #2 [internal] load metadata for ghcr.io/astral-sh/uv:0.11.7@sha256:240fb85ab0f263ef12f492d8476aa3a2e4e1e333f7d67fbdd923d00a506a516a
Publisher-owned smoke (python, amd64)	Build local worker without publishing	2026-10-09T12:42:03.4606768Z #2 DONE 0.6s
Publisher-owned smoke (python, amd64)	Build local worker without publishing	2026-10-09T12:42:03.4607031Z 
Publisher-owned smoke (python, amd64)	Build local worker without publishing	2026-10-09T12:42:03.4607316Z #4 [internal] load build context
Publisher-owned smoke (python, amd64)	Build local worker without publishing	2026-10-09T12:42:03.4607698Z #4 transferring context: 85.32kB done
Publisher-owned smoke (python, amd64)	Build local worker without publishing	2026-10-09T12:42:03.4608045Z #4 DONE 0.0s
Publisher-owned smoke (python, amd64)	Build local worker without publishing	2026-10-09T12:42:03.4608266Z 
Publisher-owned smoke (python, amd64)	Build local worker without publishing	2026-10-09T12:42:03.4608700Z #5 [builder 1/6] FROM cgr.dev/chainguard/wolfi-base@sha256:1d95114038f76513a9ace6fca107d5582b08c65981f81f61cb56bf7fd2ef216d
Publisher-owned smoke (python, amd64)	Build local worker without publishing	2026-10-09T12:42:03.4609482Z #5 resolve cgr.dev/chainguard/wolfi-base@sha256:1d95114038f76513a9ace6fca107d5582b08c65981f81f61cb56bf7fd2ef216d done
Publisher-owned smoke (python, amd64)	Build local worker without publishing	2026-10-09T12:42:03.4610179Z #5 sha256:28c972c1431bbe69cb9b16c0f75b357850302e8503212392cc1e00cb26d9e9d0 0B / 2.94MB 0.1s
Publisher-owned smoke (python, amd64)	Build local worker without publishing	2026-10-09T12:42:03.4610861Z #5 sha256:071774ea60a70d34f5f303af1a5419a4754a06e812f02962a7c6ac1608420a87 2.86kB / 2.86kB done
Publisher-owned smoke (python, amd64)	Build local worker without publishing	2026-10-09T12:42:03.4611699Z #5 sha256:1d95114038f76513a9ace6fca107d5582b08c65981f81f61cb56bf7fd2ef216d 1.14kB / 1.14kB done
Publisher-owned smoke (python, amd64)	Build local worker without publishing	2026-10-09T12:42:03.5612193Z #5 sha256:32d119bfa89c4302e0608f5c120b39c6b8f80b592c7fb46aa27008b2669ce220 2.50kB / 2.50kB done
Publisher-owned smoke (python, amd64)	Build local worker without publishing	2026-10-09T12:42:03.6617703Z #5 sha256:28c972c1431bbe69cb9b16c0f75b357850302e8503212392cc1e00cb26d9e9d0 2.94MB / 2.94MB 0.3s
Publisher-owned smoke (python, amd64)	Build local worker without publishing	2026-10-09T12:42:03.6620549Z #5 sha256:1ac8b6c8dfa75a7ccef181d11762d084be5eeb711110c4310bc01a75efb09ece 0B / 3.36MB 0.3s
Publisher-owned smoke (python, amd64)	Build local worker without publishing	2026-10-09T12:42:03.7616232Z #5 sha256:28c972c1431bbe69cb9b16c0f75b357850302e8503212392cc1e00cb26d9e9d0 2.94MB / 2.94MB 0.3s done
Publisher-owned smoke (python, amd64)	Build local worker without publishing	2026-10-09T12:42:03.7616712Z #5 sha256:1ac8b6c8dfa75a7ccef181d11762d084be5eeb711110c4310bc01a75efb09ece 1.05MB / 3.36MB 0.4s
Publisher-owned smoke (python, amd64)	Build local worker without publishing	2026-10-09T12:42:03.7617054Z #5 extracting sha256:28c972c1431bbe69cb9b16c0f75b357850302e8503212392cc1e00cb26d9e9d0 0.0s done
Publisher-owned smoke (python, amd64)	Build local worker without publishing	2026-10-09T12:42:03.7617394Z #5 sha256:392fc32e63fc5d1eec0fb45aee855ad4d0fdfa773ba098aaae620700f0ee579a 0B / 425.35kB 0.4s
Publisher-owned smoke (python, amd64)	Build local worker without publishing	2026-10-09T12:42:03.9611543Z #5 sha256:1ac8b6c8dfa75a7ccef181d11762d084be5eeb711110c4310bc01a75efb09ece 3.36MB / 3.36MB 0.6s
Publisher-owned smoke (python, amd64)	Build local worker without publishing	2026-10-09T12:42:03.9611995Z #5 sha256:392fc32e63fc5d1eec0fb45aee855ad4d0fdfa773ba098aaae620700f0ee579a 425.35kB / 425.35kB 0.6s
Publisher-owned smoke (python, amd64)	Build local worker without publishing	2026-10-09T12:42:04.1074847Z #5 sha256:1ac8b6c8dfa75a7ccef181d11762d084be5eeb711110c4310bc01a75efb09ece 3.36MB / 3.36MB 0.7s done
Publisher-owned smoke (python, amd64)	Build local worker without publishing	2026-10-09T12:42:04.1075605Z #5 sha256:392fc32e63fc5d1eec0fb45aee855ad4d0fdfa773ba098aaae620700f0ee579a 425.35kB / 425.35kB 0.7s done
Publisher-owned smoke (python, amd64)	Build local worker without publishing	2026-10-09T12:42:04.1076599Z #5 extracting sha256:1ac8b6c8dfa75a7ccef181d11762d084be5eeb711110c4310bc01a75efb09ece 0.1s done
Publisher-owned smoke (python, amd64)	Build local worker without publishing	2026-10-09T12:42:04.1077169Z #5 sha256:cdb5af441f92fb9a168542c81acb62a5a6a63b24eb0d26c6e67ac37f310d6260 0B / 178.94kB 0.7s
Publisher-owned smoke (python, amd64)	Build local worker without publishing	2026-10-09T12:42:04.1077703Z #5 sha256:0fa0803f038ca5a66da9409bbc4f15d761a755e14264e1bcf5aa1d214aa40ab3 0B / 117.62kB 0.7s
Publisher-owned smoke (python, amd64)	Build local worker without publishing	2026-10-09T12:42:04.1078240Z #5 sha256:0e3a84f7427f59342d7be4787e01fad97fb26e0f084e961d1527e7ed1810a0a5 0B / 97.91kB 0.7s
Publisher-owned smoke (python, amd64)	Build local worker without publishing	2026-10-09T12:42:04.2607957Z #5 sha256:cdb5af441f92fb9a168542c81acb62a5a6a63b24eb0d26c6e67ac37f310d6260 178.94kB / 178.94kB 0.9s
Publisher-owned smoke (python, amd64)	Build local worker without publishing	2026-10-09T12:42:04.2608886Z #5 sha256:0e3a84f7427f59342d7be4787e01fad97fb26e0f084e961d1527e7ed1810a0a5 97.91kB / 97.91kB 0.9s
Publisher-owned smoke (python, amd64)	Build local worker without publishing	2026-10-09T12:42:04.3608325Z #5 sha256:0fa0803f038ca5a66da9409bbc4f15d761a755e14264e1bcf5aa1d214aa40ab3 117.62kB / 117.62kB 1.0s
Publisher-owned smoke (python, amd64)	Build local worker without publishing	2026-10-09T12:42:04.5813352Z #5 sha256:cdb5af441f92fb9a168542c81acb62a5a6a63b24eb0d26c6e67ac37f310d6260 178.94kB / 178.94kB 1.1s done
Publisher-owned smoke (python, amd64)	Build local worker without publishing	2026-10-09T12:42:04.6907387Z #5 sha256:0fa0803f038ca5a66da9409bbc4f15d761a755e14264e1bcf5aa1d214aa40ab3 117.62kB / 117.62kB 1.2s done
Publisher-owned smoke (python, amd64)	Build local worker without publishing	2026-10-09T12:42:04.6909445Z #5 sha256:b10d4a946640307a04381e8ff5b3dc262f7332586acb67ba29838d9b1d239cbc 0B / 95.80kB 1.3s
Publisher-owned smoke (python, amd64)	Build local worker without publishing	2026-10-09T12:42:04.8609219Z #5 sha256:0e3a84f7427f59342d7be4787e01fad97fb26e0f084e961d1527e7ed1810a0a5 97.91kB / 97.91kB 1.3s done
Publisher-owned smoke (python, amd64)	Build local worker without publishing	2026-10-09T12:42:04.8609866Z #5 sha256:b10d4a946640307a04381e8ff5b3dc262f7332586acb67ba29838d9b1d239cbc 95.80kB / 95.80kB 1.4s done
Publisher-owned smoke (python, amd64)	Build local worker without publishing	2026-10-09T12:42:04.8610454Z #5 sha256:ed4725379a22e41b02806192aff768a5e11226d9511b806bf6138e8dfba5f24e 108.11kB / 108.11kB 1.5s
Publisher-owned smoke (python, amd64)	Build local worker without publishing	2026-10-09T12:42:04.8611106Z #5 sha256:076b3195c593899531ca6f7f358e90cc36448cf512445c76144b33dd4011f6a5 0B / 64.59kB 1.5s
Publisher-owned smoke (python, amd64)	Build local worker without publishing	2026-10-09T12:42:04.8611605Z #5 sha256:1707443352f0d5292d1da0dfa2717609c4168dc4555e26adf9453ebed7a31c19 0B / 14.39kB 1.5s
Publisher-owned smoke (python, amd64)	Build local worker without publishing	2026-10-09T12:42:05.0607005Z #5 sha256:076b3195c593899531ca6f7f358e90cc36448cf512445c76144b33dd4011f6a5 64.59kB / 64.59kB 1.7s
Publisher-owned smoke (python, amd64)	Build local worker without publishing	2026-10-09T12:42:05.0608056Z #5 sha256:1707443352f0d5292d1da0dfa2717609c4168dc4555e26adf9453ebed7a31c19 14.39kB / 14.39kB 1.7s
Publisher-owned smoke (python, amd64)	Build local worker without publishing	2026-10-09T12:42:05.3604091Z #5 sha256:076b3195c593899531ca6f7f358e90cc36448cf512445c76144b33dd4011f6a5 64.59kB / 64.59kB 1.9s done
Publisher-owned smoke (python, amd64)	Build local worker without publishing	2026-10-09T12:42:05.3604542Z #5 sha256:1707443352f0d5292d1da0dfa2717609c4168dc4555e26adf9453ebed7a31c19 14.39kB / 14.39kB 2.0s done
Publisher-owned smoke (python, amd64)	Build local worker without publishing	2026-10-09T12:42:05.4612478Z #5 sha256:ed4725379a22e41b02806192aff768a5e11226d9511b806bf6138e8dfba5f24e 108.11kB / 108.11kB 2.0s done
Publisher-owned smoke (python, amd64)	Build local worker without publishing	2026-10-09T12:42:05.4612952Z #5 sha256:b72d96b46af9ec2434a5b80d672c8ed77e554b6dce499c3dcdfbce01c4f205da 0B / 14.42kB 2.1s
Publisher-owned smoke (python, amd64)	Build local worker without publishing	2026-10-09T12:42:05.6610090Z #5 sha256:b72d96b46af9ec2434a5b80d672c8ed77e554b6dce499c3dcdfbce01c4f205da 14.42kB / 14.42kB 2.3s done
Publisher-owned smoke (python, amd64)	Build local worker without publishing	2026-10-09T12:42:09.2565233Z #5 ...
Publisher-owned smoke (python, amd64)	Build local worker without publishing	2026-10-09T12:42:09.2565669Z 
Publisher-owned smoke (python, amd64)	Build local worker without publishing	2026-10-09T12:42:09.2566241Z #6 [uvbin 1/1] FROM ghcr.io/astral-sh/uv:0.11.7@sha256:240fb85ab0f263ef12f492d8476aa3a2e4e1e333f7d67fbdd923d00a506a516a
Publisher-owned smoke (python, amd64)	Build local worker without publishing	2026-10-09T12:42:09.2567488Z #6 resolve ghcr.io/astral-sh/uv:0.11.7@sha256:240fb85ab0f263ef12f492d8476aa3a2e4e1e333f7d67fbdd923d00a506a516a done
Publisher-owned smoke (python, amd64)	Build local worker without publishing	2026-10-09T12:42:09.2568150Z #6 sha256:240fb85ab0f263ef12f492d8476aa3a2e4e1e333f7d67fbdd923d00a506a516a 2.19kB / 2.19kB done
Publisher-owned smoke (python, amd64)	Build local worker without publishing	2026-10-09T12:42:09.2568711Z #6 sha256:733b4042187702f832f7fdecb3aff14a61b288c4ca37af188bb5715c1caebaf8 669B / 669B done
Publisher-owned smoke (python, amd64)	Build local worker without publishing	2026-10-09T12:42:09.2569272Z #6 sha256:cb2ad5e30ff0670030dd0c4e54f0ac783ec7a98b58d7c2ec0f3751f66ad0ae1c 1.30kB / 1.30kB done
Publisher-owned smoke (python, amd64)	Build local worker without publishing	2026-10-09T12:42:09.2569910Z #6 sha256:f9ad3574974a8f7afb3c3ccf40e0357b6d8b8d0c7ca3b26977c4b8f3e2559c70 25.28MB / 25.28MB 0.7s done
Publisher-owned smoke (python, amd64)	Build local worker without publishing	2026-10-09T12:42:09.2570502Z #6 sha256:2b78844fc5992617d15bfc14bca7b2828a4ad0ce71b68b60e0d8be89e677958f 98B / 98B 0.2s done
Publisher-owned smoke (python, amd64)	Build local worker without publishing	2026-10-09T12:42:09.2571196Z #6 extracting sha256:f9ad3574974a8f7afb3c3ccf40e0357b6d8b8d0c7ca3b26977c4b8f3e2559c70 0.6s done
Publisher-owned smoke (python, amd64)	Build local worker without publishing	2026-10-09T12:42:09.2571755Z #6 extracting sha256:2b78844fc5992617d15bfc14bca7b2828a4ad0ce71b68b60e0d8be89e677958f done
Publisher-owned smoke (python, amd64)	Build local worker without publishing	2026-10-09T12:42:09.2573851Z #6 DONE 5.9s
Publisher-owned smoke (python, amd64)	Build local worker without publishing	2026-10-09T12:42:09.2573992Z 
Publisher-owned smoke (python, amd64)	Build local worker without publishing	2026-10-09T12:42:09.2574447Z #5 [builder 1/6] FROM cgr.dev/chainguard/wolfi-base@sha256:1d95114038f76513a9ace6fca107d5582b08c65981f81f61cb56bf7fd2ef216d
Publisher-owned smoke (python, amd64)	Build local worker without publishing	2026-10-09T12:42:09.2584704Z #5 extracting sha256:392fc32e63fc5d1eec0fb45aee855ad4d0fdfa773ba098aaae620700f0ee579a
Publisher-owned smoke (python, amd64)	Build local worker without publishing	2026-10-09T12:42:09.3592421Z #5 extracting sha256:392fc32e63fc5d1eec0fb45aee855ad4d0fdfa773ba098aaae620700f0ee579a 0.0s done
Publisher-owned smoke (python, amd64)	Build local worker without publishing	2026-10-09T12:42:09.3595027Z #5 extracting sha256:cdb5af441f92fb9a168542c81acb62a5a6a63b24eb0d26c6e67ac37f310d6260 done
Publisher-owned smoke (python, amd64)	Build local worker without publishing	2026-10-09T12:42:09.3595778Z #5 extracting sha256:0fa0803f038ca5a66da9409bbc4f15d761a755e14264e1bcf5aa1d214aa40ab3 done
Publisher-owned smoke (python, amd64)	Build local worker without publishing	2026-10-09T12:42:09.3596623Z #5 extracting sha256:0e3a84f7427f59342d7be4787e01fad97fb26e0f084e961d1527e7ed1810a0a5 done
Publisher-owned smoke (python, amd64)	Build local worker without publishing	2026-10-09T12:42:09.3597253Z #5 extracting sha256:b10d4a946640307a04381e8ff5b3dc262f7332586acb67ba29838d9b1d239cbc
Publisher-owned smoke (python, amd64)	Build local worker without publishing	2026-10-09T12:42:09.5112513Z #5 extracting sha256:b10d4a946640307a04381e8ff5b3dc262f7332586acb67ba29838d9b1d239cbc done
Publisher-owned smoke (python, amd64)	Build local worker without publishing	2026-10-09T12:42:09.5113290Z #5 extracting sha256:ed4725379a22e41b02806192aff768a5e11226d9511b806bf6138e8dfba5f24e done
Publisher-owned smoke (python, amd64)	Build local worker without publishing	2026-10-09T12:42:09.5115343Z #5 extracting sha256:076b3195c593899531ca6f7f358e90cc36448cf512445c76144b33dd4011f6a5 done
Publisher-owned smoke (python, amd64)	Build local worker without publishing	2026-10-09T12:42:09.5115892Z #5 extracting sha256:1707443352f0d5292d1da0dfa2717609c4168dc4555e26adf9453ebed7a31c19 done
Publisher-owned smoke (python, amd64)	Build local worker without publishing	2026-10-09T12:42:09.5116469Z #5 extracting sha256:b72d96b46af9ec2434a5b80d672c8ed77e554b6dce499c3dcdfbce01c4f205da done
Publisher-owned smoke (python, amd64)	Build local worker without publishing	2026-10-09T12:42:09.5116806Z #5 DONE 6.2s
Publisher-owned smoke (python, amd64)	Build local worker without publishing	2026-10-09T12:42:09.6621794Z 
Publisher-owned smoke (python, amd64)	Build local worker without publishing	2026-10-09T12:42:09.6622335Z #7 [runtime 2/7] RUN : "v0.0.0-lens-ci"
Publisher-owned smoke (python, amd64)	Build local worker without publishing	2026-10-09T12:42:10.1261411Z #7 ...
Publisher-owned smoke (python, amd64)	Build local worker without publishing	2026-10-09T12:42:10.1262972Z 
Publisher-owned smoke (python, amd64)	Build local worker without publishing	2026-10-09T12:42:10.1270007Z #8 [builder 2/6] COPY --from=uvbin /uv /usr/local/bin/uv
Publisher-owned smoke (python, amd64)	Build local worker without publishing	2026-10-09T12:42:10.1271595Z #8 DONE 0.6s
Publisher-owned smoke (python, amd64)	Build local worker without publishing	2026-10-09T12:42:10.2510298Z 
Publisher-owned smoke (python, amd64)	Build local worker without publishing	2026-10-09T12:42:10.2511242Z #7 [runtime 2/7] RUN : "v0.0.0-lens-ci"
Publisher-owned smoke (python, amd64)	Build local worker without publishing	2026-10-09T12:42:10.2511985Z #7 DONE 0.7s
Publisher-owned smoke (python, amd64)	Build local worker without publishing	2026-10-09T12:42:10.2512218Z 
Publisher-owned smoke (python, amd64)	Build local worker without publishing	2026-10-09T12:42:10.2512455Z #9 [builder 3/6] RUN apk add --no-cache python-3.13
Publisher-owned smoke (python, amd64)	Build local worker without publishing	2026-10-09T12:42:10.4030303Z #9 0.200 fetch https://apk.cgr.dev/chainguard/x86_64/APKINDEX.tar.gz
Publisher-owned smoke (python, amd64)	Build local worker without publishing	2026-10-09T12:42:11.1737772Z #9 1.044 (1/20) Installing py3-pip-wheel (26.2.1-r3)
Publisher-owned smoke (python, amd64)	Build local worker without publishing	2026-10-09T12:42:11.5799364Z #9 1.450 (2/20) Installing libbz2-1 (1.0.8-r25)
Publisher-owned smoke (python, amd64)	Build local worker without publishing	2026-10-09T12:42:11.9387931Z #9 1.671 (3/20) Installing libbrotlicommon1 (1.2.0-r5)
Publisher-owned smoke (python, amd64)	Build local worker without publishing	2026-10-09T12:42:12.2215547Z #9 2.092 (4/20) Installing libbrotlidec1 (1.2.0-r5)
Publisher-owned smoke (python, amd64)	Build local worker without publishing	2026-10-09T12:42:12.4456007Z #9 2.316 (5/20) Installing libbrotlienc1 (1.2.0-r5)
Publisher-owned smoke (python, amd64)	Build local worker without publishing	2026-10-09T12:42:12.6762684Z #9 2.546 (6/20) Installing openssl-4.0-libcrypto (4.0.3-r5)
Publisher-owned smoke (python, amd64)	Build local worker without publishing	2026-10-09T12:42:12.9207535Z #9 2.791 (7/20) Installing libexpat1 (2.9.0-r0)
Publisher-owned smoke (python, amd64)	Build local worker without publishing	2026-10-09T12:42:13.3023178Z #9 3.030 (8/20) Installing libffi (3.8.0-r1)
Publisher-owned smoke (python, amd64)	Build local worker without publishing	2026-10-09T12:42:13.4954214Z #9 3.215 (9/20) Installing gdbm (1.26-r6)
Publisher-owned smoke (python, amd64)	Build local worker without publishing	2026-10-09T12:42:13.6866065Z #9 3.406 (10/20) Installing xz (5.8.4-r0)
Publisher-owned smoke (python, amd64)	Build local worker without publishing	2026-10-09T12:42:13.8752527Z #9 3.594 (11/20) Installing libstdc++ (16.2.0-r1)
Publisher-owned smoke (python, amd64)	Build local worker without publishing	2026-10-09T12:42:14.1180471Z #9 3.854 (12/20) Installing mpdecimal (4.0.1-r4)
Publisher-owned smoke (python, amd64)	Build local worker without publishing	2026-10-09T12:42:14.3149603Z #9 4.035 (13/20) Installing ncurses-terminfo-base (6.6.20260926-r0)
Publisher-owned smoke (python, amd64)	Build local worker without publishing	2026-10-09T12:42:14.5140469Z #9 4.234 (14/20) Installing ncurses (6.6.20260926-r0)
Publisher-owned smoke (python, amd64)	Build local worker without publishing	2026-10-09T12:42:14.5653699Z #9 4.435 (15/20) Installing readline (8.3-r3)
Publisher-owned smoke (python, amd64)	Build local worker without publishing	2026-10-09T12:42:14.9656203Z #9 4.836 (16/20) Installing sqlite-libs (3.53.4-r2)
Publisher-owned smoke (python, amd64)	Build local worker without publishing	2026-10-09T12:42:15.3503065Z #9 5.068 (17/20) Installing openssl-4.0-libssl (4.0.3-r5)
Publisher-owned smoke (python, amd64)	Build local worker without publishing	2026-10-09T12:42:15.5185101Z #9 5.271 (18/20) Installing libuuid (2.42.4-r0)
Publisher-owned smoke (python, amd64)	Build local worker without publishing	2026-10-09T12:42:15.6242989Z #9 5.494 (19/20) Installing python-3.13-base (3.13.16_git20261002-r3)
Publisher-owned smoke (python, amd64)	Build local worker without publishing	2026-10-09T12:42:16.3152820Z #9 6.185 (20/20) Installing python-3.13 (3.13.16_git20261002-r3)
Publisher-owned smoke (python, amd64)	Build local worker without publishing	2026-10-09T12:42:16.4996948Z #9 6.370 Executing busybox-1.38.0-r2.trigger
Publisher-owned smoke (python, amd64)	Build local worker without publishing	2026-10-09T12:42:16.9512545Z #9 6.820 OK: 70 MiB in 36 packages
Publisher-owned smoke (python, amd64)	Build local worker without publishing	2026-10-09T12:42:17.6609512Z #9 ...
Publisher-owned smoke (python, amd64)	Build local worker without publishing	2026-10-09T12:42:17.6609869Z 
Publisher-owned smoke (python, amd64)	Build local worker without publishing	2026-10-09T12:42:17.6611227Z #10 [runtime 3/7] RUN apk add --no-cache python-3.13
Publisher-owned smoke (python, amd64)	Build local worker without publishing	2026-10-09T12:42:17.6611689Z #10 0.150 fetch https://apk.cgr.dev/chainguard/x86_64/APKINDEX.tar.gz
Publisher-owned smoke (python, amd64)	Build local worker without publishing	2026-10-09T12:42:17.6612061Z #10 1.061 (1/20) Installing py3-pip-wheel (26.2.1-r3)
Publisher-owned smoke (python, amd64)	Build local worker without publishing	2026-10-09T12:42:17.6612351Z #10 1.469 (2/20) Installing libbz2-1 (1.0.8-r25)
Publisher-owned smoke (python, amd64)	Build local worker without publishing	2026-10-09T12:42:17.6617845Z #10 1.687 (3/20) Installing libbrotlicommon1 (1.2.0-r5)
Publisher-owned smoke (python, amd64)	Build local worker without publishing	2026-10-09T12:42:17.6620535Z #10 1.859 (4/20) Installing libbrotlidec1 (1.2.0-r5)
Publisher-owned smoke (python, amd64)	Build local worker without publishing	2026-10-09T12:42:17.6622096Z #10 2.079 (5/20) Installing libbrotlienc1 (1.2.0-r5)
Publisher-owned smoke (python, amd64)	Build local worker without publishing	2026-10-09T12:42:17.6622361Z #10 2.300 (6/20) Installing openssl-4.0-libcrypto (4.0.3-r5)
Publisher-owned smoke (python, amd64)	Build local worker without publishing	2026-10-09T12:42:17.6622557Z #10 2.517 (7/20) Installing libexpat1 (2.9.0-r0)
Publisher-owned smoke (python, amd64)	Build local worker without publishing	2026-10-09T12:42:17.6622830Z #10 2.817 (8/20) Installing libffi (3.8.0-r1)
Publisher-owned smoke (python, amd64)	Build local worker without publishing	2026-10-09T12:42:17.6623103Z #10 3.050 (9/20) Installing gdbm (1.26-r6)
Publisher-owned smoke (python, amd64)	Build local worker without publishing	2026-10-09T12:42:17.6623307Z #10 3.262 (10/20) Installing xz (5.8.4-r0)
Publisher-owned smoke (python, amd64)	Build local worker without publishing	2026-10-09T12:42:17.6623518Z #10 3.458 (11/20) Installing libstdc++ (16.2.0-r1)
Publisher-owned smoke (python, amd64)	Build local worker without publishing	2026-10-09T12:42:17.6623777Z #10 3.636 (12/20) Installing mpdecimal (4.0.1-r4)
Publisher-owned smoke (python, amd64)	Build local worker without publishing	2026-10-09T12:42:17.6623981Z #10 3.866 (13/20) Installing ncurses-terminfo-base (6.6.20260926-r0)
Publisher-owned smoke (python, amd64)	Build local worker without publishing	2026-10-09T12:42:17.6624192Z #10 4.077 (14/20) Installing ncurses (6.6.20260926-r0)
Publisher-owned smoke (python, amd64)	Build local worker without publishing	2026-10-09T12:42:17.6624375Z #10 4.556 (15/20) Installing readline (8.3-r3)
Publisher-owned smoke (python, amd64)	Build local worker without publishing	2026-10-09T12:42:17.6624629Z #10 4.740 (16/20) Installing sqlite-libs (3.53.4-r2)
Publisher-owned smoke (python, amd64)	Build local worker without publishing	2026-10-09T12:42:17.6624817Z #10 4.920 (17/20) Installing openssl-4.0-libssl (4.0.3-r5)
Publisher-owned smoke (python, amd64)	Build local worker without publishing	2026-10-09T12:42:17.6625010Z #10 5.109 (18/20) Installing libuuid (2.42.4-r0)
Publisher-owned smoke (python, amd64)	Build local worker without publishing	2026-10-09T12:42:17.6625269Z #10 5.266 (19/20) Installing python-3.13-base (3.13.16_git20261002-r3)
Publisher-owned smoke (python, amd64)	Build local worker without publishing	2026-10-09T12:42:17.6625512Z #10 5.676 (20/20) Installing python-3.13 (3.13.16_git20261002-r3)
Publisher-owned smoke (python, amd64)	Build local worker without publishing	2026-10-09T12:42:17.6625709Z #10 5.852 Executing busybox-1.38.0-r2.trigger
Publisher-owned smoke (python, amd64)	Build local worker without publishing	2026-10-09T12:42:17.6625873Z #10 5.869 OK: 70 MiB in 36 packages
Publisher-owned smoke (python, amd64)	Build local worker without publishing	2026-10-09T12:42:17.6626088Z #10 DONE 7.4s
Publisher-owned smoke (python, amd64)	Build local worker without publishing	2026-10-09T12:42:17.8529108Z 
Publisher-owned smoke (python, amd64)	Build local worker without publishing	2026-10-09T12:42:17.8531504Z #9 [builder 3/6] RUN apk add --no-cache python-3.13
Publisher-owned smoke (python, amd64)	Build local worker without publishing	2026-10-09T12:42:17.8531934Z #9 DONE 7.5s
Publisher-owned smoke (python, amd64)	Build local worker without publishing	2026-10-09T12:42:17.8532080Z 
Publisher-owned smoke (python, amd64)	Build local worker without publishing	2026-10-09T12:42:17.8532167Z #11 [builder 4/6] WORKDIR /app
Publisher-owned smoke (python, amd64)	Build local worker without publishing	2026-10-09T12:42:17.8532374Z #11 DONE 0.0s
Publisher-owned smoke (python, amd64)	Build local worker without publishing	2026-10-09T12:42:17.8532476Z 
Publisher-owned smoke (python, amd64)	Build local worker without publishing	2026-10-09T12:42:17.8532554Z #12 [runtime 4/7] WORKDIR /app
Publisher-owned smoke (python, amd64)	Build local worker without publishing	2026-10-09T12:42:17.8532752Z #12 DONE 0.0s
Publisher-owned smoke (python, amd64)	Build local worker without publishing	2026-10-09T12:42:17.8532852Z 
Publisher-owned smoke (python, amd64)	Build local worker without publishing	2026-10-09T12:42:17.8533025Z #13 [builder 5/6] COPY deploy/lens/requirements.lock /tmp/requirements.lock
Publisher-owned smoke (python, amd64)	Build local worker without publishing	2026-10-09T12:42:17.8533391Z #13 DONE 0.0s
Publisher-owned smoke (python, amd64)	Build local worker without publishing	2026-10-09T12:42:17.8533485Z 
Publisher-owned smoke (python, amd64)	Build local worker without publishing	2026-10-09T12:42:17.8533891Z #14 [builder 6/6] RUN uv venv --python python3.13 /app/.venv &&     uv pip sync --python /app/.venv/bin/python --require-hashes --only-binary :all: /tmp/requirements.lock
Publisher-owned smoke (python, amd64)	Build local worker without publishing	2026-10-09T12:42:17.8767246Z #14 0.175 Using CPython 3.13.16 interpreter at: /usr/bin/python3.13
Publisher-owned smoke (python, amd64)	Build local worker without publishing	2026-10-09T12:42:17.8767710Z #14 0.175 Creating virtual environment at: .venv
Publisher-owned smoke (python, amd64)	Build local worker without publishing	2026-10-09T12:42:18.1702053Z #14 0.468 Resolved 11 packages in 249ms
Publisher-owned smoke (python, amd64)	Build local worker without publishing	2026-10-09T12:42:18.2897940Z #14 0.515 Downloading pydantic-core (2.0MiB)
Publisher-owned smoke (python, amd64)	Build local worker without publishing	2026-10-09T12:42:18.4759047Z #14 0.587  Downloaded pydantic-core
Publisher-owned smoke (python, amd64)	Build local worker without publishing	2026-10-09T12:42:18.4759460Z #14 0.588 Prepared 11 packages in 120ms
Publisher-owned smoke (python, amd64)	Build local worker without publishing	2026-10-09T12:42:18.4759712Z #14 0.623 Installed 11 packages in 34ms
Publisher-owned smoke (python, amd64)	Build local worker without publishing	2026-10-09T12:42:18.4759956Z #14 0.623  + annotated-types==0.8.0
Publisher-owned smoke (python, amd64)	Build local worker without publishing	2026-10-09T12:42:18.4760182Z #14 0.623  + anyio==4.15.1
Publisher-owned smoke (python, amd64)	Build local worker without publishing	2026-10-09T12:42:18.4760383Z #14 0.623  + certifi==2026.7.22
Publisher-owned smoke (python, amd64)	Build local worker without publishing	2026-10-09T12:42:18.4760585Z #14 0.623  + h11==0.16.0
Publisher-owned smoke (python, amd64)	Build local worker without publishing	2026-10-09T12:42:18.4760717Z #14 0.624  + httpcore==1.0.9
Publisher-owned smoke (python, amd64)	Build local worker without publishing	2026-10-09T12:42:18.4760853Z #14 0.624  + httpx==0.28.1
Publisher-owned smoke (python, amd64)	Build local worker without publishing	2026-10-09T12:42:18.4761131Z #14 0.624  + idna==3.20
Publisher-owned smoke (python, amd64)	Build local worker without publishing	2026-10-09T12:42:18.4761285Z #14 0.624  + pydantic==2.13.4
Publisher-owned smoke (python, amd64)	Build local worker without publishing	2026-10-09T12:42:18.4761425Z #14 0.624  + pydantic-core==2.46.4
Publisher-owned smoke (python, amd64)	Build local worker without publishing	2026-10-09T12:42:18.4761584Z #14 0.624  + typing-extensions==4.16.0
Publisher-owned smoke (python, amd64)	Build local worker without publishing	2026-10-09T12:42:18.4761739Z #14 0.624  + typing-inspection==0.4.4
Publisher-owned smoke (python, amd64)	Build local worker without publishing	2026-10-09T12:42:18.6029534Z #14 DONE 0.9s
Publisher-owned smoke (python, amd64)	Build local worker without publishing	2026-10-09T12:42:18.7831210Z 
Publisher-owned smoke (python, amd64)	Build local worker without publishing	2026-10-09T12:42:18.7839947Z #15 [runtime 5/7] COPY --from=builder /app/.venv /app/.venv
Publisher-owned smoke (python, amd64)	Build local worker without publishing	2026-10-09T12:42:18.7840624Z #15 DONE 0.1s
Publisher-owned smoke (python, amd64)	Build local worker without publishing	2026-10-09T12:42:18.9596014Z 
Publisher-owned smoke (python, amd64)	Build local worker without publishing	2026-10-09T12:42:18.9596996Z #16 [runtime 6/7] COPY litellm/proxy/lens/__init__.py litellm/proxy/lens/models.py litellm/proxy/lens/trace_store.py litellm/proxy/lens/analysis.py litellm/proxy/lens/worker.py litellm/proxy/lens/release.py /app/lens/
Publisher-owned smoke (python, amd64)	Build local worker without publishing	2026-10-09T12:42:18.9597586Z #16 DONE 0.0s
Publisher-owned smoke (python, amd64)	Build local worker without publishing	2026-10-09T12:42:18.9598853Z 
Publisher-owned smoke (python, amd64)	Build local worker without publishing	2026-10-09T12:42:18.9621949Z #17 [runtime 7/7] COPY litellm/proxy/lens/prompts/ /app/lens/prompts/
Publisher-owned smoke (python, amd64)	Build local worker without publishing	2026-10-09T12:42:18.9623705Z #17 DONE 0.0s
Publisher-owned smoke (python, amd64)	Build local worker without publishing	2026-10-09T12:42:18.9623822Z 
Publisher-owned smoke (python, amd64)	Build local worker without publishing	2026-10-09T12:42:18.9623918Z #18 exporting to image
Publisher-owned smoke (python, amd64)	Build local worker without publishing	2026-10-09T12:42:18.9624149Z #18 exporting layers
Publisher-owned smoke (python, amd64)	Build local worker without publishing	2026-10-09T12:42:19.2260870Z #18 exporting layers 0.4s done
Publisher-owned smoke (python, amd64)	Build local worker without publishing	2026-10-09T12:42:19.2474968Z #18 writing image sha256:5a8491eba409a35d2d2f10814ffa0e92a5e7ab28bc17c84504159fe8bcea1e98 done
Publisher-owned smoke (python, amd64)	Build local worker without publishing	2026-10-09T12:42:19.2476739Z #18 naming to docker.io/library/lens-runtime-fixture done
Publisher-owned smoke (python, amd64)	Build local worker without publishing	2026-10-09T12:42:19.2477518Z #18 DONE 0.4s
Publisher-owned smoke (python, amd64)	Run the exact publisher smoke with hostile source script	﻿2026-10-09T12:42:19.2617938Z ##[group]Run set -euo pipefail
Publisher-owned smoke (python, amd64)	Run the exact publisher smoke with hostile source script	2026-10-09T12:42:19.2618176Z ^[[36;1mset -euo pipefail^[[0m
Publisher-owned smoke (python, amd64)	Run the exact publisher smoke with hostile source script	2026-10-09T12:42:19.2618313Z ^[[36;1mpython3 - <<'PY'^[[0m
Publisher-owned smoke (python, amd64)	Run the exact publisher smoke with hostile source script	2026-10-09T12:42:19.2618454Z ^[[36;1mfrom pathlib import Path^[[0m
Publisher-owned smoke (python, amd64)	Run the exact publisher smoke with hostile source script	2026-10-09T12:42:19.2618602Z ^[[36;1mimport textwrap^[[0m
Publisher-owned smoke (python, amd64)	Run the exact publisher smoke with hostile source script	2026-10-09T12:42:19.2618835Z ^[[36;1mtext = Path('publisher/.github/workflows/release-componentized-impl.yml').read_text()^[[0m
Publisher-owned smoke (python, amd64)	Run the exact publisher smoke with hostile source script	2026-10-09T12:42:19.2619079Z ^[[36;1mscripts = []^[[0m
Publisher-owned smoke (python, amd64)	Run the exact publisher smoke with hostile source script	2026-10-09T12:42:19.2619223Z ^[[36;1mfor job in ('build-amd64', 'build-arm64'):^[[0m
Publisher-owned smoke (python, amd64)	Run the exact publisher smoke with hostile source script	2026-10-09T12:42:19.2619408Z ^[[36;1m    block = text.split(f'\n  {job}:\n', 1)[1]^[[0m
Publisher-owned smoke (python, amd64)	Run the exact publisher smoke with hostile source script	2026-10-09T12:42:19.2619646Z ^[[36;1m    block = block.split('      - name: Smoke test the standalone Lens worker\n', 1)[1]^[[0m
Publisher-owned smoke (python, amd64)	Run the exact publisher smoke with hostile source script	2026-10-09T12:42:19.2619904Z ^[[36;1m    block = block.split('\n      - name:', 1)[0]^[[0m
Publisher-owned smoke (python, amd64)	Run the exact publisher smoke with hostile source script	2026-10-09T12:42:19.2620338Z ^[[36;1m    scripts.append(textwrap.dedent(block.split('        run: |\n', 1)[1]))^[[0m
Publisher-owned smoke (python, amd64)	Run the exact publisher smoke with hostile source script	2026-10-09T12:42:19.2620611Z ^[[36;1massert scripts[0] == scripts[1]^[[0m
Publisher-owned smoke (python, amd64)	Run the exact publisher smoke with hostile source script	2026-10-09T12:42:19.2620827Z ^[[36;1mPath('publisher-smoke.sh').write_text(scripts[0])^[[0m
Publisher-owned smoke (python, amd64)	Run the exact publisher smoke with hostile source script	2026-10-09T12:42:19.2621232Z ^[[36;1mPath('source/deploy/lens/smoke.sh').write_text('echo SOURCE_SCRIPT_EXECUTED; exit 99\n')^[[0m
Publisher-owned smoke (python, amd64)	Run the exact publisher smoke with hostile source script	2026-10-09T12:42:19.2621464Z ^[[36;1mPY^[[0m
Publisher-owned smoke (python, amd64)	Run the exact publisher smoke with hostile source script	2026-10-09T12:42:19.2621572Z ^[[36;1mcd source^[[0m
Publisher-owned smoke (python, amd64)	Run the exact publisher smoke with hostile source script	2026-10-09T12:42:19.2621830Z ^[[36;1m# A local registry exercises the same digest-addressed pull used by release jobs, without any publishing credentials.^[[0m
Publisher-owned smoke (python, amd64)	Run the exact publisher smoke with hostile source script	2026-10-09T12:42:19.2622307Z ^[[36;1mdocker run -d --name fixture-registry -p 127.0.0.1:5000:5000 registry:2@sha256:a3d8aaa63ed8681a604f1dea0aa03f100d5895b6a58ace528858a7b332415373^[[0m
Publisher-owned smoke (python, amd64)	Run the exact publisher smoke with hostile source script	2026-10-09T12:42:19.2622672Z ^[[36;1mtrap 'docker rm -f fixture-registry >/dev/null' EXIT^[[0m
Publisher-owned smoke (python, amd64)	Run the exact publisher smoke with hostile source script	2026-10-09T12:42:19.2623017Z ^[[36;1mfor attempt in $(seq 1 30); do^[[0m
Publisher-owned smoke (python, amd64)	Run the exact publisher smoke with hostile source script	2026-10-09T12:42:19.2623251Z ^[[36;1m  if curl --fail --silent http://127.0.0.1:5000/v2/ >/dev/null; then break; fi^[[0m
Publisher-owned smoke (python, amd64)	Run the exact publisher smoke with hostile source script	2026-10-09T12:42:19.2623463Z ^[[36;1m  sleep 1^[[0m
Publisher-owned smoke (python, amd64)	Run the exact publisher smoke with hostile source script	2026-10-09T12:42:19.2623579Z ^[[36;1mdone^[[0m
Publisher-owned smoke (python, amd64)	Run the exact publisher smoke with hostile source script	2026-10-09T12:42:19.2623735Z ^[[36;1mcurl --fail --silent http://127.0.0.1:5000/v2/ >/dev/null^[[0m
Publisher-owned smoke (python, amd64)	Run the exact publisher smoke with hostile source script	2026-10-09T12:42:19.2623992Z ^[[36;1mdocker tag lens-runtime-fixture localhost:5000/lens-runtime-fixture:ci^[[0m
Publisher-owned smoke (python, amd64)	Run the exact publisher smoke with hostile source script	2026-10-09T12:42:19.2624241Z ^[[36;1mdocker push localhost:5000/lens-runtime-fixture:ci^[[0m
Publisher-owned smoke (python, amd64)	Run the exact publisher smoke with hostile source script	2026-10-09T12:42:19.2624536Z ^[[36;1mIMAGE=$(docker image inspect --format '{{index .RepoDigests 0}}' localhost:5000/lens-runtime-fixture:ci)^[[0m
Publisher-owned smoke (python, amd64)	Run the exact publisher smoke with hostile source script	2026-10-09T12:42:19.2624801Z ^[[36;1mexport IMAGE^[[0m
Publisher-owned smoke (python, amd64)	Run the exact publisher smoke with hostile source script	2026-10-09T12:42:19.2624937Z ^[[36;1mbash ../publisher-smoke.sh^[[0m
Publisher-owned smoke (python, amd64)	Run the exact publisher smoke with hostile source script	2026-10-09T12:42:19.2625157Z ^[[36;1mcosign generate-key-pair --output-key-prefix "${RUNNER_TEMP}/test-cosign"^[[0m
Publisher-owned smoke (python, amd64)	Run the exact publisher smoke with hostile source script	2026-10-09T12:42:19.2625485Z ^[[36;1mif cosign verify --insecure-ignore-tlog --key "${RUNNER_TEMP}/test-cosign.pub" "${IMAGE}"; then^[[0m
Publisher-owned smoke (python, amd64)	Run the exact publisher smoke with hostile source script	2026-10-09T12:42:19.2625779Z ^[[36;1m  echo "::error::Unsigned worker unexpectedly verified"^[[0m
Publisher-owned smoke (python, amd64)	Run the exact publisher smoke with hostile source script	2026-10-09T12:42:19.2625958Z ^[[36;1m  exit 1^[[0m
Publisher-owned smoke (python, amd64)	Run the exact publisher smoke with hostile source script	2026-10-09T12:42:19.2626068Z ^[[36;1mfi^[[0m
Publisher-owned smoke (python, amd64)	Run the exact publisher smoke with hostile source script	2026-10-09T12:42:19.2626260Z ^[[36;1mcosign sign --yes --tlog-upload=false --key "${RUNNER_TEMP}/test-cosign.key" \^[[0m
Publisher-owned smoke (python, amd64)	Run the exact publisher smoke with hostile source script	2026-10-09T12:42:19.2626545Z ^[[36;1m  -a "release-tag=${RELEASE_TAG}" -a "source-sha=${SOURCE_SHA}" "${IMAGE}"^[[0m
Publisher-owned smoke (python, amd64)	Run the exact publisher smoke with hostile source script	2026-10-09T12:42:19.2626828Z ^[[36;1mcosign verify --insecure-ignore-tlog --key "${RUNNER_TEMP}/test-cosign.pub" \^[[0m
Publisher-owned smoke (python, amd64)	Run the exact publisher smoke with hostile source script	2026-10-09T12:42:19.2627110Z ^[[36;1m  -a "release-tag=${RELEASE_TAG}" -a "source-sha=${SOURCE_SHA}" "${IMAGE}"^[[0m
Publisher-owned smoke (python, amd64)	Run the exact publisher smoke with hostile source script	2026-10-09T12:42:19.2627396Z ^[[36;1mif cosign verify --insecure-ignore-tlog --key "${RUNNER_TEMP}/test-cosign.pub" \^[[0m
Publisher-owned smoke (python, amd64)	Run the exact publisher smoke with hostile source script	2026-10-09T12:42:19.2627665Z ^[[36;1m  -a "release-tag=v0.0.0-wrong-release" "${IMAGE}"; then^[[0m
Publisher-owned smoke (python, amd64)	Run the exact publisher smoke with hostile source script	2026-10-09T12:42:19.2627901Z ^[[36;1m  echo "::error::Worker from another release unexpectedly verified"^[[0m
Publisher-owned smoke (python, amd64)	Run the exact publisher smoke with hostile source script	2026-10-09T12:42:19.2628101Z ^[[36;1m  exit 1^[[0m
Publisher-owned smoke (python, amd64)	Run the exact publisher smoke with hostile source script	2026-10-09T12:42:19.2628211Z ^[[36;1mfi^[[0m
Publisher-owned smoke (python, amd64)	Run the exact publisher smoke with hostile source script	2026-10-09T12:42:19.2628406Z ^[[36;1mif cosign verify --insecure-ignore-tlog --key "${RUNNER_TEMP}/test-cosign.pub" \^[[0m
Publisher-owned smoke (python, amd64)	Run the exact publisher smoke with hostile source script	2026-10-09T12:42:19.2628745Z ^[[36;1m  -a "release-tag=${RELEASE_TAG}" -a "source-sha=0000000000000000000000000000000000000000" "${IMAGE}"; then^[[0m
Publisher-owned smoke (python, amd64)	Run the exact publisher smoke with hostile source script	2026-10-09T12:42:19.2629185Z ^[[36;1m  echo "::error::Worker from another source commit unexpectedly verified"^[[0m
Publisher-owned smoke (python, amd64)	Run the exact publisher smoke with hostile source script	2026-10-09T12:42:19.2629388Z ^[[36;1m  exit 1^[[0m
Publisher-owned smoke (python, amd64)	Run the exact publisher smoke with hostile source script	2026-10-09T12:42:19.2629497Z ^[[36;1mfi^[[0m
Publisher-owned smoke (python, amd64)	Run the exact publisher smoke with hostile source script	2026-10-09T12:42:19.2688734Z shell: /usr/bin/bash -e {0}
Publisher-owned smoke (python, amd64)	Run the exact publisher smoke with hostile source script	2026-10-09T12:42:19.2688913Z env:
Publisher-owned smoke (python, amd64)	Run the exact publisher smoke with hostile source script	2026-10-09T12:42:19.2689052Z   IMAGE: lens-runtime-fixture
Publisher-owned smoke (python, amd64)	Run the exact publisher smoke with hostile source script	2026-10-09T12:42:19.2689200Z   RELEASE_TAG: v0.0.0-lens-ci
Publisher-owned smoke (python, amd64)	Run the exact publisher smoke with hostile source script	2026-10-09T12:42:19.2689367Z   SOURCE_SHA: 1454f5c75bdb9c029bc99424a234659a88320577
Publisher-owned smoke (python, amd64)	Run the exact publisher smoke with hostile source script	2026-10-09T12:42:19.2689560Z   COSIGN_PASSWORD: 
Publisher-owned smoke (python, amd64)	Run the exact publisher smoke with hostile source script	2026-10-09T12:42:19.2689683Z ##[endgroup]
Publisher-owned smoke (python, amd64)	Run the exact publisher smoke with hostile source script	2026-10-09T12:42:19.3086706Z Unable to find image 'registry:2@sha256:a3d8aaa63ed8681a604f1dea0aa03f100d5895b6a58ace528858a7b332415373' locally
Publisher-owned smoke (python, amd64)	Run the exact publisher smoke with hostile source script	2026-10-09T12:42:19.7457260Z docker.io/library/registry@sha256:a3d8aaa63ed8681a604f1dea0aa03f100d5895b6a58ace528858a7b332415373: Pulling from library/registry
Publisher-owned smoke (python, amd64)	Run the exact publisher smoke with hostile source script	2026-10-09T12:42:19.9410839Z 44cf07d57ee4: Pulling fs layer
Publisher-owned smoke (python, amd64)	Run the exact publisher smoke with hostile source script	2026-10-09T12:42:19.9411329Z bbbdd6c6894b: Pulling fs layer
Publisher-owned smoke (python, amd64)	Run the exact publisher smoke with hostile source script	2026-10-09T12:42:19.9411479Z 8e82f80af0de: Pulling fs layer
Publisher-owned smoke (python, amd64)	Run the exact publisher smoke with hostile source script	2026-10-09T12:42:19.9411614Z 3493bf46cdec: Pulling fs layer
Publisher-owned smoke (python, amd64)	Run the exact publisher smoke with hostile source script	2026-10-09T12:42:19.9411749Z 6d464ea18732: Pulling fs layer
Publisher-owned smoke (python, amd64)	Run the exact publisher smoke with hostile source script	2026-10-09T12:42:19.9411878Z 3493bf46cdec: Waiting
Publisher-owned smoke (python, amd64)	Run the exact publisher smoke with hostile source script	2026-10-09T12:42:19.9411999Z 6d464ea18732: Waiting
Publisher-owned smoke (python, amd64)	Run the exact publisher smoke with hostile source script	2026-10-09T12:42:20.1609896Z bbbdd6c6894b: Verifying Checksum
Publisher-owned smoke (python, amd64)	Run the exact publisher smoke with hostile source script	2026-10-09T12:42:20.1615108Z bbbdd6c6894b: Download complete
Publisher-owned smoke (python, amd64)	Run the exact publisher smoke with hostile source script	2026-10-09T12:42:20.2372260Z 44cf07d57ee4: Verifying Checksum
Publisher-owned smoke (python, amd64)	Run the exact publisher smoke with hostile source script	2026-10-09T12:42:20.2372603Z 44cf07d57ee4: Download complete
Publisher-owned smoke (python, amd64)	Run the exact publisher smoke with hostile source script	2026-10-09T12:42:20.2522662Z 8e82f80af0de: Verifying Checksum
Publisher-owned smoke (python, amd64)	Run the exact publisher smoke with hostile source script	2026-10-09T12:42:20.2525365Z 8e82f80af0de: Download complete
Publisher-owned smoke (python, amd64)	Run the exact publisher smoke with hostile source script	2026-10-09T12:42:20.3227393Z 3493bf46cdec: Verifying Checksum
Publisher-owned smoke (python, amd64)	Run the exact publisher smoke with hostile source script	2026-10-09T12:42:20.3233325Z 3493bf46cdec: Download complete
Publisher-owned smoke (python, amd64)	Run the exact publisher smoke with hostile source script	2026-10-09T12:42:20.3274027Z 44cf07d57ee4: Pull complete
Publisher-owned smoke (python, amd64)	Run the exact publisher smoke with hostile source script	2026-10-09T12:42:20.3945353Z 6d464ea18732: Verifying Checksum
Publisher-owned smoke (python, amd64)	Run the exact publisher smoke with hostile source script	2026-10-09T12:42:20.5898227Z 6d464ea18732: Download complete
Publisher-owned smoke (python, amd64)	Run the exact publisher smoke with hostile source script	2026-10-09T12:42:20.5898629Z bbbdd6c6894b: Pull complete
Publisher-owned smoke (python, amd64)	Run the exact publisher smoke with hostile source script	2026-10-09T12:42:20.8509397Z 8e82f80af0de: Pull complete
Publisher-owned smoke (python, amd64)	Run the exact publisher smoke with hostile source script	2026-10-09T12:42:20.8606295Z 3493bf46cdec: Pull complete
Publisher-owned smoke (python, amd64)	Run the exact publisher smoke with hostile source script	2026-10-09T12:42:20.8719842Z 6d464ea18732: Pull complete
Publisher-owned smoke (python, amd64)	Run the exact publisher smoke with hostile source script	2026-10-09T12:42:20.8748240Z Digest: sha256:a3d8aaa63ed8681a604f1dea0aa03f100d5895b6a58ace528858a7b332415373
Publisher-owned smoke (python, amd64)	Run the exact publisher smoke with hostile source script	2026-10-09T12:42:20.8754287Z Status: Downloaded newer image for registry@sha256:a3d8aaa63ed8681a604f1dea0aa03f100d5895b6a58ace528858a7b332415373
Publisher-owned smoke (python, amd64)	Run the exact publisher smoke with hostile source script	2026-10-09T12:42:20.8894874Z 2d0c815b00f084ce4cd0930b60d60dfc4fdac802616968438ca056be20d72e5a
Publisher-owned smoke (python, amd64)	Run the exact publisher smoke with hostile source script	2026-10-09T12:42:21.1021433Z The push refers to repository [localhost:5000/lens-runtime-fixture]
Publisher-owned smoke (python, amd64)	Run the exact publisher smoke with hostile source script	2026-10-09T12:42:21.1052547Z c974810b1c95: Preparing
Publisher-owned smoke (python, amd64)	Run the exact publisher smoke with hostile source script	2026-10-09T12:42:21.1053229Z 8e20cffda67e: Preparing
Publisher-owned smoke (python, amd64)	Run the exact publisher smoke with hostile source script	2026-10-09T12:42:21.1054051Z 78c1d63fe5b2: Preparing
Publisher-owned smoke (python, amd64)	Run the exact publisher smoke with hostile source script	2026-10-09T12:42:21.1055595Z c6c31b0e7799: Preparing
Publisher-owned smoke (python, amd64)	Run the exact publisher smoke with hostile source script	2026-10-09T12:42:21.1059832Z 6f6cb400049f: Preparing
Publisher-owned smoke (python, amd64)	Run the exact publisher smoke with hostile source script	2026-10-09T12:42:21.1060241Z 5f70bf18a086: Preparing
Publisher-owned smoke (python, amd64)	Run the exact publisher smoke with hostile source script	2026-10-09T12:42:21.1060857Z 82eee4c8993a: Preparing
Publisher-owned smoke (python, amd64)	Run the exact publisher smoke with hostile source script	2026-10-09T12:42:21.1061570Z 33af4ac33fff: Preparing
Publisher-owned smoke (python, amd64)	Run the exact publisher smoke with hostile source script	2026-10-09T12:42:21.1061941Z 4d95399cd589: Preparing
Publisher-owned smoke (python, amd64)	Run the exact publisher smoke with hostile source script	2026-10-09T12:42:21.1062280Z 6a6e12f0d5f2: Preparing
Publisher-owned smoke (python, amd64)	Run the exact publisher smoke with hostile source script	2026-10-09T12:42:21.1062629Z 1ab0a42ee020: Preparing
Publisher-owned smoke (python, amd64)	Run the exact publisher smoke with hostile source script	2026-10-09T12:42:21.1062987Z 6a0c47c1ef4c: Preparing
Publisher-owned smoke (python, amd64)	Run the exact publisher smoke with hostile source script	2026-10-09T12:42:21.1063337Z 808bba1f7ed0: Preparing
Publisher-owned smoke (python, amd64)	Run the exact publisher smoke with hostile source script	2026-10-09T12:42:21.1063676Z b9165a4cb6cc: Preparing
Publisher-owned smoke (python, amd64)	Run the exact publisher smoke with hostile source script	2026-10-09T12:42:21.1064798Z f853e0b8057a: Preparing
Publisher-owned smoke (python, amd64)	Run the exact publisher smoke with hostile source script	2026-10-09T12:42:21.1065166Z 475ef483a00b: Preparing
Publisher-owned smoke (python, amd64)	Run the exact publisher smoke with hostile source script	2026-10-09T12:42:21.1065507Z b76b7633da4f: Preparing
Publisher-owned smoke (python, amd64)	Run the exact publisher smoke with hostile source script	2026-10-09T12:42:21.1066410Z 5f70bf18a086: Waiting
Publisher-owned smoke (python, amd64)	Run the exact publisher smoke with hostile source script	2026-10-09T12:42:21.1067989Z 82eee4c8993a: Waiting
Publisher-owned smoke (python, amd64)	Run the exact publisher smoke with hostile source script	2026-10-09T12:42:21.1069162Z 33af4ac33fff: Waiting
Publisher-owned smoke (python, amd64)	Run the exact publisher smoke with hostile source script	2026-10-09T12:42:21.1069547Z 4d95399cd589: Waiting
Publisher-owned smoke (python, amd64)	Run the exact publisher smoke with hostile source script	2026-10-09T12:42:21.1069948Z 6a6e12f0d5f2: Waiting
Publisher-owned smoke (python, amd64)	Run the exact publisher smoke with hostile source script	2026-10-09T12:42:21.1071267Z 1ab0a42ee020: Waiting
Publisher-owned smoke (python, amd64)	Run the exact publisher smoke with hostile source script	2026-10-09T12:42:21.1073132Z 6a0c47c1ef4c: Waiting
Publisher-owned smoke (python, amd64)	Run the exact publisher smoke with hostile source script	2026-10-09T12:42:21.1073494Z 808bba1f7ed0: Waiting
Publisher-owned smoke (python, amd64)	Run the exact publisher smoke with hostile source script	2026-10-09T12:42:21.1074068Z b9165a4cb6cc: Waiting
Publisher-owned smoke (python, amd64)	Run the exact publisher smoke with hostile source script	2026-10-09T12:42:21.1076622Z f853e0b8057a: Waiting
Publisher-owned smoke (python, amd64)	Run the exact publisher smoke with hostile source script	2026-10-09T12:42:21.1076971Z 475ef483a00b: Waiting
Publisher-owned smoke (python, amd64)	Run the exact publisher smoke with hostile source script	2026-10-09T12:42:21.1077439Z b76b7633da4f: Waiting
Publisher-owned smoke (python, amd64)	Run the exact publisher smoke with hostile source script	2026-10-09T12:42:21.5002026Z c974810b1c95: Pushed
Publisher-owned smoke (python, amd64)	Run the exact publisher smoke with hostile source script	2026-10-09T12:42:21.5004243Z 8e20cffda67e: Pushed
Publisher-owned smoke (python, amd64)	Run the exact publisher smoke with hostile source script	2026-10-09T12:42:21.5075882Z c6c31b0e7799: Pushed
Publisher-owned smoke (python, amd64)	Run the exact publisher smoke with hostile source script	2026-10-09T12:42:21.5493412Z 78c1d63fe5b2: Pushed
Publisher-owned smoke (python, amd64)	Run the exact publisher smoke with hostile source script	2026-10-09T12:42:21.5670495Z 5f70bf18a086: Pushed
Publisher-owned smoke (python, amd64)	Run the exact publisher smoke with hostile source script	2026-10-09T12:42:21.6027483Z 33af4ac33fff: Pushed
Publisher-owned smoke (python, amd64)	Run the exact publisher smoke with hostile source script	2026-10-09T12:42:21.6028608Z 82eee4c8993a: Pushed
Publisher-owned smoke (python, amd64)	Run the exact publisher smoke with hostile source script	2026-10-09T12:42:21.6226880Z 4d95399cd589: Pushed
Publisher-owned smoke (python, amd64)	Run the exact publisher smoke with hostile source script	2026-10-09T12:42:21.6620680Z 6a6e12f0d5f2: Pushed
Publisher-owned smoke (python, amd64)	Run the exact publisher smoke with hostile source script	2026-10-09T12:42:21.7536438Z 6a0c47c1ef4c: Pushed
Publisher-owned smoke (python, amd64)	Run the exact publisher smoke with hostile source script	2026-10-09T12:42:21.7540839Z 1ab0a42ee020: Pushed
Publisher-owned smoke (python, amd64)	Run the exact publisher smoke with hostile source script	2026-10-09T12:42:21.9299381Z 808bba1f7ed0: Pushed
Publisher-owned smoke (python, amd64)	Run the exact publisher smoke with hostile source script	2026-10-09T12:42:22.1423538Z b9165a4cb6cc: Pushed
Publisher-owned smoke (python, amd64)	Run the exact publisher smoke with hostile source script	2026-10-09T12:42:22.2588451Z f853e0b8057a: Pushed
Publisher-owned smoke (python, amd64)	Run the exact publisher smoke with hostile source script	2026-10-09T12:42:22.3053754Z 475ef483a00b: Pushed
Publisher-owned smoke (python, amd64)	Run the exact publisher smoke with hostile source script	2026-10-09T12:42:22.4850399Z b76b7633da4f: Pushed
Publisher-owned smoke (python, amd64)	Run the exact publisher smoke with hostile source script	2026-10-09T12:42:23.2025358Z 6f6cb400049f: Pushed
Publisher-owned smoke (python, amd64)	Run the exact publisher smoke with hostile source script	2026-10-09T12:42:23.2244497Z ci: digest: sha256:e5223fa323419c5e3a136146e2e77db30c225e02faccbf9486e344977eba1e2f size: 3876
Publisher-owned smoke (python, amd64)	Run the exact publisher smoke with hostile source script	2026-10-09T12:42:23.2823703Z localhost:5000/lens-runtime-fixture@sha256:e5223fa323419c5e3a136146e2e77db30c225e02faccbf9486e344977eba1e2f: Pulling from lens-runtime-fixture
Publisher-owned smoke (python, amd64)	Run the exact publisher smoke with hostile source script	2026-10-09T12:42:23.2836690Z Digest: sha256:e5223fa323419c5e3a136146e2e77db30c225e02faccbf9486e344977eba1e2f
Publisher-owned smoke (python, amd64)	Run the exact publisher smoke with hostile source script	2026-10-09T12:42:23.2837421Z Status: Image is up to date for localhost:5000/lens-runtime-fixture@sha256:e5223fa323419c5e3a136146e2e77db30c225e02faccbf9486e344977eba1e2f
Publisher-owned smoke (python, amd64)	Run the exact publisher smoke with hostile source script	2026-10-09T12:42:23.2842663Z localhost:5000/lens-runtime-fixture@sha256:e5223fa323419c5e3a136146e2e77db30c225e02faccbf9486e344977eba1e2f
Publisher-owned smoke (python, amd64)	Run the exact publisher smoke with hostile source script	2026-10-09T12:42:23.9327612Z Private key written to /home/runner/work/_temp/test-cosign.key
Publisher-owned smoke (python, amd64)	Run the exact publisher smoke with hostile source script	2026-10-09T12:42:23.9328372Z Public key written to /home/runner/work/_temp/test-cosign.pub
Publisher-owned smoke (python, amd64)	Run the exact publisher smoke with hostile source script	2026-10-09T12:42:23.9536751Z WARNING: Skipping tlog verification is an insecure practice that lacks of transparency and auditability verification for the signature.
Publisher-owned smoke (python, amd64)	Run the exact publisher smoke with hostile source script	2026-10-09T12:42:23.9588656Z Error: no signatures found
Publisher-owned smoke (python, amd64)	Run the exact publisher smoke with hostile source script	2026-10-09T12:42:23.9589495Z error during command execution: no signatures found
Publisher-owned smoke (python, amd64)	Run the exact publisher smoke with hostile source script	2026-10-09T12:42:24.0855558Z Pushing signature to: localhost:5000/lens-runtime-fixture
Publisher-owned smoke (python, amd64)	Run the exact publisher smoke with hostile source script	2026-10-09T12:42:24.1244158Z WARNING: Skipping tlog verification is an insecure practice that lacks of transparency and auditability verification for the signature.
Publisher-owned smoke (python, amd64)	Run the exact publisher smoke with hostile source script	2026-10-09T12:42:24.1323308Z 
Publisher-owned smoke (python, amd64)	Run the exact publisher smoke with hostile source script	2026-10-09T12:42:24.1323371Z 
Publisher-owned smoke (python, amd64)	Run the exact publisher smoke with hostile source script	2026-10-09T12:42:24.1324739Z [{"critical":{"identity":{"docker-reference":"localhost:5000/lens-runtime-fixture"},"image":{"docker-manifest-digest":"sha256:e5223fa323419c5e3a136146e2e77db30c225e02faccbf9486e344977eba1e2f"},"type":"cosign container image signature"},"optional":{"release-tag":"v0.0.0-lens-ci","source-sha":"1454f5c75bdb9c029bc99424a234659a88320577"}}]
Publisher-owned smoke (python, amd64)	Run the exact publisher smoke with hostile source script	2026-10-09T12:42:24.1326251Z Verification for localhost:5000/lens-runtime-fixture@sha256:e5223fa323419c5e3a136146e2e77db30c225e02faccbf9486e344977eba1e2f --
Publisher-owned smoke (python, amd64)	Run the exact publisher smoke with hostile source script	2026-10-09T12:42:24.1326846Z The following checks were performed on each of these signatures:
Publisher-owned smoke (python, amd64)	Run the exact publisher smoke with hostile source script	2026-10-09T12:42:24.1327191Z   - The specified annotations were verified.
Publisher-owned smoke (python, amd64)	Run the exact publisher smoke with hostile source script	2026-10-09T12:42:24.1327490Z   - The cosign claims were validated
Publisher-owned smoke (python, amd64)	Run the exact publisher smoke with hostile source script	2026-10-09T12:42:24.1327800Z   - The signatures were verified against the specified public key
Publisher-owned smoke (python, amd64)	Run the exact publisher smoke with hostile source script	2026-10-09T12:42:24.1523818Z WARNING: Skipping tlog verification is an insecure practice that lacks of transparency and auditability verification for the signature.
Publisher-owned smoke (python, amd64)	Run the exact publisher smoke with hostile source script	2026-10-09T12:42:24.1582264Z Error: no matching signatures: missing or incorrect annotation
Publisher-owned smoke (python, amd64)	Run the exact publisher smoke with hostile source script	2026-10-09T12:42:24.1583167Z error during command execution: no matching signatures: missing or incorrect annotation
Publisher-owned smoke (python, amd64)	Run the exact publisher smoke with hostile source script	2026-10-09T12:42:24.1759814Z WARNING: Skipping tlog verification is an insecure practice that lacks of transparency and auditability verification for the signature.
Publisher-owned smoke (python, amd64)	Run the exact publisher smoke with hostile source script	2026-10-09T12:42:24.1813899Z Error: no matching signatures: missing or incorrect annotation
Publisher-owned smoke (python, amd64)	Run the exact publisher smoke with hostile source script	2026-10-09T12:42:24.1814721Z error during command execution: no matching signatures: missing or incorrect annotation
Publisher-owned smoke (python, amd64)	Post Checkout immutable worker fixture	﻿2026-10-09T12:42:24.3140852Z Post job cleanup.
Publisher-owned smoke (python, amd64)	Post Checkout immutable worker fixture	2026-10-09T12:42:24.3788276Z [command]/usr/bin/git version
Publisher-owned smoke (python, amd64)	Post Checkout immutable worker fixture	2026-10-09T12:42:24.3831559Z git version 2.55.0
Publisher-owned smoke (python, amd64)	Post Checkout immutable worker fixture	2026-10-09T12:42:24.3854800Z Temporarily overriding HOME='/home/runner/work/_temp/a4c3dc57-0f57-4541-9101-653282cf708c' before making global git config changes
Publisher-owned smoke (python, amd64)	Post Checkout immutable worker fixture	2026-10-09T12:42:24.3858312Z Adding repository directory to the temporary git global config as a safe directory
Publisher-owned smoke (python, amd64)	Post Checkout immutable worker fixture	2026-10-09T12:42:24.3860271Z [command]/usr/bin/git config --global --add safe.directory /home/runner/work/project-releaser/project-releaser/source
Publisher-owned smoke (python, amd64)	Post Checkout immutable worker fixture	2026-10-09T12:42:24.3893062Z Removing SSH command configuration
Publisher-owned smoke (python, amd64)	Post Checkout immutable worker fixture	2026-10-09T12:42:24.3901595Z [command]/usr/bin/git config --local --name-only --get-regexp core\.sshCommand
Publisher-owned smoke (python, amd64)	Post Checkout immutable worker fixture	2026-10-09T12:42:24.3928860Z [command]/usr/bin/git submodule foreach --recursive sh -c "git config --local --name-only --get-regexp 'core\.sshCommand' && git config --local --unset-all 'core.sshCommand' || :"
Publisher-owned smoke (python, amd64)	Post Checkout immutable worker fixture	2026-10-09T12:42:24.4141179Z Removing HTTP extra header
Publisher-owned smoke (python, amd64)	Post Checkout immutable worker fixture	2026-10-09T12:42:24.4145885Z [command]/usr/bin/git config --local --name-only --get-regexp http\.https\:\/\/github\.com\/\.extraheader
Publisher-owned smoke (python, amd64)	Post Checkout immutable worker fixture	2026-10-09T12:42:24.4179269Z [command]/usr/bin/git submodule foreach --recursive sh -c "git config --local --name-only --get-regexp 'http\.https\:\/\/github\.com\/\.extraheader' && git config --local --unset-all 'http.https://github.com/.extraheader' || :"
Publisher-owned smoke (python, amd64)	Post Checkout immutable worker fixture	2026-10-09T12:42:24.4394786Z Removing includeIf entries pointing to credentials config files
Publisher-owned smoke (python, amd64)	Post Checkout immutable worker fixture	2026-10-09T12:42:24.4398859Z [command]/usr/bin/git config --local --name-only --get-regexp ^includeIf\.gitdir:
Publisher-owned smoke (python, amd64)	Post Checkout immutable worker fixture	2026-10-09T12:42:24.4431828Z [command]/usr/bin/git submodule foreach --recursive git config --local --show-origin --name-only --get-regexp remote.origin.url
Publisher-owned smoke (python, amd64)	Post Checkout publisher	﻿2026-10-09T12:42:24.4754934Z Post job cleanup.
Publisher-owned smoke (python, amd64)	Post Checkout publisher	2026-10-09T12:42:24.5361294Z [command]/usr/bin/git version
Publisher-owned smoke (python, amd64)	Post Checkout publisher	2026-10-09T12:42:24.5401376Z git version 2.55.0
Publisher-owned smoke (python, amd64)	Post Checkout publisher	2026-10-09T12:42:24.5424644Z Temporarily overriding HOME='/home/runner/work/_temp/1c11fe91-8a60-4e70-abf0-1fe3a76173d7' before making global git config changes
Publisher-owned smoke (python, amd64)	Post Checkout publisher	2026-10-09T12:42:24.5425619Z Adding repository directory to the temporary git global config as a safe directory
Publisher-owned smoke (python, amd64)	Post Checkout publisher	2026-10-09T12:42:24.5431980Z [command]/usr/bin/git config --global --add safe.directory /home/runner/work/project-releaser/project-releaser/publisher
Publisher-owned smoke (python, amd64)	Post Checkout publisher	2026-10-09T12:42:24.5463289Z Removing SSH command configuration
Publisher-owned smoke (python, amd64)	Post Checkout publisher	2026-10-09T12:42:24.5468152Z [command]/usr/bin/git config --local --name-only --get-regexp core\.sshCommand
Publisher-owned smoke (python, amd64)	Post Checkout publisher	2026-10-09T12:42:24.5499489Z [command]/usr/bin/git submodule foreach --recursive sh -c "git config --local --name-only --get-regexp 'core\.sshCommand' && git config --local --unset-all 'core.sshCommand' || :"
Publisher-owned smoke (python, amd64)	Post Checkout publisher	2026-10-09T12:42:24.5700742Z Removing HTTP extra header
Publisher-owned smoke (python, amd64)	Post Checkout publisher	2026-10-09T12:42:24.5706234Z [command]/usr/bin/git config --local --name-only --get-regexp http\.https\:\/\/github\.com\/\.extraheader
Publisher-owned smoke (python, amd64)	Post Checkout publisher	2026-10-09T12:42:24.5738353Z [command]/usr/bin/git submodule foreach --recursive sh -c "git config --local --name-only --get-regexp 'http\.https\:\/\/github\.com\/\.extraheader' && git config --local --unset-all 'http.https://github.com/.extraheader' || :"
Publisher-owned smoke (python, amd64)	Post Checkout publisher	2026-10-09T12:42:24.5940482Z Removing includeIf entries pointing to credentials config files
Publisher-owned smoke (python, amd64)	Post Checkout publisher	2026-10-09T12:42:24.5949340Z [command]/usr/bin/git config --local --name-only --get-regexp ^includeIf\.gitdir:
Publisher-owned smoke (python, amd64)	Post Checkout publisher	2026-10-09T12:42:24.5978928Z [command]/usr/bin/git submodule foreach --recursive git config --local --show-origin --name-only --get-regexp remote.origin.url
Publisher-owned smoke (python, amd64)	Complete job	﻿2026-10-09T12:42:24.6294592Z Cleaning up orphan processes
Publisher-owned smoke (rust, amd64)	Set up job	﻿2026-10-09T12:41:50.4363778Z Current runner version: '2.337.0'
Publisher-owned smoke (rust, amd64)	Set up job	2026-10-09T12:41:50.4434311Z ##[group]Runner Image Provisioner
Publisher-owned smoke (rust, amd64)	Set up job	2026-10-09T12:41:50.4435342Z Hosted Compute Agent
Publisher-owned smoke (rust, amd64)	Set up job	2026-10-09T12:41:50.4435918Z Version: 20261002.596
Publisher-owned smoke (rust, amd64)	Set up job	2026-10-09T12:41:50.4436460Z Commit: c3d12f3313a95f25162a1503be624f3b0617f8c0
Publisher-owned smoke (rust, amd64)	Set up job	2026-10-09T12:41:50.4437196Z Build Date: 2026-10-02T22:28:27Z
Publisher-owned smoke (rust, amd64)	Set up job	2026-10-09T12:41:50.4437829Z Worker ID: {c41d3550-0a51-4dc2-82e2-4dc4d449e066}
Publisher-owned smoke (rust, amd64)	Set up job	2026-10-09T12:41:50.4438671Z Region: centralus
Publisher-owned smoke (rust, amd64)	Set up job	2026-10-09T12:41:50.4439158Z Cloud: Azure
Publisher-owned smoke (rust, amd64)	Set up job	2026-10-09T12:41:50.4439615Z ##[endgroup]
Publisher-owned smoke (rust, amd64)	Set up job	2026-10-09T12:41:50.4441110Z ##[group]Operating System
Publisher-owned smoke (rust, amd64)	Set up job	2026-10-09T12:41:50.4441678Z Ubuntu
Publisher-owned smoke (rust, amd64)	Set up job	2026-10-09T12:41:50.4442407Z 24.04.5
Publisher-owned smoke (rust, amd64)	Set up job	2026-10-09T12:41:50.4443030Z LTS
Publisher-owned smoke (rust, amd64)	Set up job	2026-10-09T12:41:50.4443482Z ##[endgroup]
Publisher-owned smoke (rust, amd64)	Set up job	2026-10-09T12:41:50.4444034Z ##[group]Runner Image
Publisher-owned smoke (rust, amd64)	Set up job	2026-10-09T12:41:50.4444591Z Image: ubuntu-24.04
Publisher-owned smoke (rust, amd64)	Set up job	2026-10-09T12:41:50.4445148Z Version: 20261004.327.1
Publisher-owned smoke (rust, amd64)	Set up job	2026-10-09T12:41:50.4446174Z Included Software: https://github.com/actions/runner-images/blob/ubuntu24/20261004.327/images/ubuntu/Ubuntu2404-Readme.md
Publisher-owned smoke (rust, amd64)	Set up job	2026-10-09T12:41:50.4447908Z Image Release: https://github.com/actions/runner-images/releases/tag/ubuntu24%2F20261004.327
Publisher-owned smoke (rust, amd64)	Set up job	2026-10-09T12:41:50.4448834Z ##[endgroup]
Publisher-owned smoke (rust, amd64)	Set up job	2026-10-09T12:41:50.4449992Z ##[group]GITHUB_TOKEN Permissions
Publisher-owned smoke (rust, amd64)	Set up job	2026-10-09T12:41:50.4462979Z Contents: read
Publisher-owned smoke (rust, amd64)	Set up job	2026-10-09T12:41:50.4463729Z Metadata: read
Publisher-owned smoke (rust, amd64)	Set up job	2026-10-09T12:41:50.4464274Z ##[endgroup]
Publisher-owned smoke (rust, amd64)	Set up job	2026-10-09T12:41:50.4466595Z Secret source: Actions
Publisher-owned smoke (rust, amd64)	Set up job	2026-10-09T12:41:50.4467655Z Cache mode: write
Publisher-owned smoke (rust, amd64)	Set up job	2026-10-09T12:41:50.4468665Z Prepare workflow directory
Publisher-owned smoke (rust, amd64)	Set up job	2026-10-09T12:41:50.4998884Z Prepare all required actions
Publisher-owned smoke (rust, amd64)	Set up job	2026-10-09T12:41:50.5113551Z Getting action download info
Publisher-owned smoke (rust, amd64)	Set up job	2026-10-09T12:41:50.8184318Z Download action repository 'actions/checkout@9c091bb21b7c1c1d1991bb908d89e4e9dddfe3e0' (SHA:9c091bb21b7c1c1d1991bb908d89e4e9dddfe3e0)
Publisher-owned smoke (rust, amd64)	Set up job	2026-10-09T12:41:50.9220618Z Download action repository 'sigstore/cosign-installer@3454372f43399081ed03b604cb2d021dabca52bb' (SHA:3454372f43399081ed03b604cb2d021dabca52bb)
Publisher-owned smoke (rust, amd64)	Set up job	2026-10-09T12:41:51.1941748Z Complete job name: Publisher-owned smoke (rust, amd64)
Publisher-owned smoke (rust, amd64)	Checkout publisher	﻿2026-10-09T12:41:51.2468122Z ##[group]Run actions/checkout@9c091bb21b7c1c1d1991bb908d89e4e9dddfe3e0
Publisher-owned smoke (rust, amd64)	Checkout publisher	2026-10-09T12:41:51.2468724Z with:
Publisher-owned smoke (rust, amd64)	Checkout publisher	2026-10-09T12:41:51.2468987Z   persist-credentials: false
Publisher-owned smoke (rust, amd64)	Checkout publisher	2026-10-09T12:41:51.2469300Z   path: publisher
Publisher-owned smoke (rust, amd64)	Checkout publisher	2026-10-09T12:41:51.2469603Z   repository: BerriAI/project-releaser
Publisher-owned smoke (rust, amd64)	Checkout publisher	2026-10-09T12:41:51.2472434Z   token: ***
Publisher-owned smoke (rust, amd64)	Checkout publisher	2026-10-09T12:41:51.2472690Z   ssh-strict: true
Publisher-owned smoke (rust, amd64)	Checkout publisher	2026-10-09T12:41:51.2472962Z   ssh-user: git
Publisher-owned smoke (rust, amd64)	Checkout publisher	2026-10-09T12:41:51.2473232Z   clean: true
Publisher-owned smoke (rust, amd64)	Checkout publisher	2026-10-09T12:41:51.2473582Z   sparse-checkout-cone-mode: true
Publisher-owned smoke (rust, amd64)	Checkout publisher	2026-10-09T12:41:51.2473942Z   fetch-depth: 1
Publisher-owned smoke (rust, amd64)	Checkout publisher	2026-10-09T12:41:51.2474226Z   fetch-tags: false
Publisher-owned smoke (rust, amd64)	Checkout publisher	2026-10-09T12:41:51.2474514Z   show-progress: true
Publisher-owned smoke (rust, amd64)	Checkout publisher	2026-10-09T12:41:51.2474811Z   lfs: false
Publisher-owned smoke (rust, amd64)	Checkout publisher	2026-10-09T12:41:51.2475074Z   submodules: false
Publisher-owned smoke (rust, amd64)	Checkout publisher	2026-10-09T12:41:51.2475362Z   set-safe-directory: true
Publisher-owned smoke (rust, amd64)	Checkout publisher	2026-10-09T12:41:51.2475710Z   allow-unsafe-pr-checkout: false
Publisher-owned smoke (rust, amd64)	Checkout publisher	2026-10-09T12:41:51.2476211Z ##[endgroup]
Publisher-owned smoke (rust, amd64)	Checkout publisher	2026-10-09T12:41:51.3323758Z Syncing repository: BerriAI/project-releaser
Publisher-owned smoke (rust, amd64)	Checkout publisher	2026-10-09T12:41:51.3326002Z ##[group]Getting Git version info
Publisher-owned smoke (rust, amd64)	Checkout publisher	2026-10-09T12:41:51.3327301Z Working directory is '/home/runner/work/project-releaser/project-releaser/publisher'
Publisher-owned smoke (rust, amd64)	Checkout publisher	2026-10-09T12:41:51.3330181Z [command]/usr/bin/git version
Publisher-owned smoke (rust, amd64)	Checkout publisher	2026-10-09T12:41:51.3404233Z git version 2.55.0
Publisher-owned smoke (rust, amd64)	Checkout publisher	2026-10-09T12:41:51.3419888Z ##[endgroup]
Publisher-owned smoke (rust, amd64)	Checkout publisher	2026-10-09T12:41:51.3429642Z Temporarily overriding HOME='/home/runner/work/_temp/a2f30906-0225-4fc7-8e79-ef51567840e3' before making global git config changes
Publisher-owned smoke (rust, amd64)	Checkout publisher	2026-10-09T12:41:51.3431239Z Adding repository directory to the temporary git global config as a safe directory
Publisher-owned smoke (rust, amd64)	Checkout publisher	2026-10-09T12:41:51.3445087Z [command]/usr/bin/git config --global --add safe.directory /home/runner/work/project-releaser/project-releaser/publisher
Publisher-owned smoke (rust, amd64)	Checkout publisher	2026-10-09T12:41:51.3487767Z ##[group]Determining repository object format
Publisher-owned smoke (rust, amd64)	Checkout publisher	2026-10-09T12:41:51.3501197Z ##[endgroup]
Publisher-owned smoke (rust, amd64)	Checkout publisher	2026-10-09T12:41:51.3515720Z ##[group]Initializing the repository
Publisher-owned smoke (rust, amd64)	Checkout publisher	2026-10-09T12:41:51.3516893Z [command]/usr/bin/git init /home/runner/work/project-releaser/project-releaser/publisher
Publisher-owned smoke (rust, amd64)	Checkout publisher	2026-10-09T12:41:51.3615273Z hint: Using 'master' as the name for the initial branch. This default branch name
Publisher-owned smoke (rust, amd64)	Checkout publisher	2026-10-09T12:41:51.3616973Z hint: will change to "main" in Git 3.0. To configure the initial branch name
Publisher-owned smoke (rust, amd64)	Checkout publisher	2026-10-09T12:41:51.3618578Z hint: to use in all of your new repositories, which will suppress this warning,
Publisher-owned smoke (rust, amd64)	Checkout publisher	2026-10-09T12:41:51.3619496Z hint: call:
Publisher-owned smoke (rust, amd64)	Checkout publisher	2026-10-09T12:41:51.3620258Z hint:
Publisher-owned smoke (rust, amd64)	Checkout publisher	2026-10-09T12:41:51.3620949Z hint: 	git config --global init.defaultBranch <name>
Publisher-owned smoke (rust, amd64)	Checkout publisher	2026-10-09T12:41:51.3621876Z hint:
Publisher-owned smoke (rust, amd64)	Checkout publisher	2026-10-09T12:41:51.3622871Z hint: Names commonly chosen instead of 'master' are 'main', 'trunk' and
Publisher-owned smoke (rust, amd64)	Checkout publisher	2026-10-09T12:41:51.3624093Z hint: 'development'. The just-created branch can be renamed via this command:
Publisher-owned smoke (rust, amd64)	Checkout publisher	2026-10-09T12:41:51.3624921Z hint:
Publisher-owned smoke (rust, amd64)	Checkout publisher	2026-10-09T12:41:51.3625636Z hint: 	git branch -m <name>
Publisher-owned smoke (rust, amd64)	Checkout publisher	2026-10-09T12:41:51.3626224Z hint:
Publisher-owned smoke (rust, amd64)	Checkout publisher	2026-10-09T12:41:51.3627104Z hint: Disable this message with "git config set advice.defaultBranchName false"
Publisher-owned smoke (rust, amd64)	Checkout publisher	2026-10-09T12:41:51.3628527Z Initialized empty Git repository in /home/runner/work/project-releaser/project-releaser/publisher/.git/
Publisher-owned smoke (rust, amd64)	Checkout publisher	2026-10-09T12:41:51.3631551Z [command]/usr/bin/git remote add origin https://github.com/BerriAI/project-releaser
Publisher-owned smoke (rust, amd64)	Checkout publisher	2026-10-09T12:41:51.3683620Z ##[endgroup]
Publisher-owned smoke (rust, amd64)	Checkout publisher	2026-10-09T12:41:51.3684585Z ##[group]Disabling automatic garbage collection
Publisher-owned smoke (rust, amd64)	Checkout publisher	2026-10-09T12:41:51.3693313Z [command]/usr/bin/git config --local gc.auto 0
Publisher-owned smoke (rust, amd64)	Checkout publisher	2026-10-09T12:41:51.3722589Z ##[endgroup]
Publisher-owned smoke (rust, amd64)	Checkout publisher	2026-10-09T12:41:51.3723509Z ##[group]Setting up auth
Publisher-owned smoke (rust, amd64)	Checkout publisher	2026-10-09T12:41:51.3724914Z Removing SSH command configuration
Publisher-owned smoke (rust, amd64)	Checkout publisher	2026-10-09T12:41:51.3727856Z [command]/usr/bin/git config --local --name-only --get-regexp core\.sshCommand
Publisher-owned smoke (rust, amd64)	Checkout publisher	2026-10-09T12:41:51.3759119Z [command]/usr/bin/git submodule foreach --recursive sh -c "git config --local --name-only --get-regexp 'core\.sshCommand' && git config --local --unset-all 'core.sshCommand' || :"
Publisher-owned smoke (rust, amd64)	Checkout publisher	2026-10-09T12:41:51.4206937Z Removing HTTP extra header
Publisher-owned smoke (rust, amd64)	Checkout publisher	2026-10-09T12:41:51.4208570Z [command]/usr/bin/git config --local --name-only --get-regexp http\.https\:\/\/github\.com\/\.extraheader
Publisher-owned smoke (rust, amd64)	Checkout publisher	2026-10-09T12:41:51.4212428Z [command]/usr/bin/git submodule foreach --recursive sh -c "git config --local --name-only --get-regexp 'http\.https\:\/\/github\.com\/\.extraheader' && git config --local --unset-all 'http.https://github.com/.extraheader' || :"
Publisher-owned smoke (rust, amd64)	Checkout publisher	2026-10-09T12:41:51.4373289Z Removing includeIf entries pointing to credentials config files
Publisher-owned smoke (rust, amd64)	Checkout publisher	2026-10-09T12:41:51.4376212Z [command]/usr/bin/git config --local --name-only --get-regexp ^includeIf\.gitdir:
Publisher-owned smoke (rust, amd64)	Checkout publisher	2026-10-09T12:41:51.4416964Z [command]/usr/bin/git submodule foreach --recursive git config --local --show-origin --name-only --get-regexp remote.origin.url
Publisher-owned smoke (rust, amd64)	Checkout publisher	2026-10-09T12:41:51.5213249Z [command]/usr/bin/git config --file /home/runner/work/_temp/git-credentials-0a793e25-2c69-4bbd-acea-e506e6083c64.config http.https://github.com/.extraheader AUTHORIZATION: basic ***
Publisher-owned smoke (rust, amd64)	Checkout publisher	2026-10-09T12:41:51.5215675Z [command]/usr/bin/git config --local includeIf.gitdir:/home/runner/work/project-releaser/project-releaser/publisher/.git.path /home/runner/work/_temp/git-credentials-0a793e25-2c69-4bbd-acea-e506e6083c64.config
Publisher-owned smoke (rust, amd64)	Checkout publisher	2026-10-09T12:41:51.5218302Z [command]/usr/bin/git config --local includeIf.gitdir:/home/runner/work/project-releaser/project-releaser/publisher/.git/worktrees/*.path /home/runner/work/_temp/git-credentials-0a793e25-2c69-4bbd-acea-e506e6083c64.config
Publisher-owned smoke (rust, amd64)	Checkout publisher	2026-10-09T12:41:51.5220490Z [command]/usr/bin/git config --local includeIf.gitdir:/github/workspace/publisher/.git.path /github/runner_temp/git-credentials-0a793e25-2c69-4bbd-acea-e506e6083c64.config
Publisher-owned smoke (rust, amd64)	Checkout publisher	2026-10-09T12:41:51.5222913Z [command]/usr/bin/git config --local includeIf.gitdir:/github/workspace/publisher/.git/worktrees/*.path /github/runner_temp/git-credentials-0a793e25-2c69-4bbd-acea-e506e6083c64.config
Publisher-owned smoke (rust, amd64)	Checkout publisher	2026-10-09T12:41:51.5225114Z ##[endgroup]
Publisher-owned smoke (rust, amd64)	Checkout publisher	2026-10-09T12:41:51.5225715Z ##[group]Fetching the repository
Publisher-owned smoke (rust, amd64)	Checkout publisher	2026-10-09T12:41:51.5226567Z [command]/usr/bin/git -c protocol.version=2 fetch --no-tags --prune --no-recurse-submodules --depth=1 origin +7564a9fc2221d9019dacdb3f947e62e25df55243:refs/remotes/pull/305/merge
Publisher-owned smoke (rust, amd64)	Checkout publisher	2026-10-09T12:41:52.2773093Z From https://github.com/BerriAI/project-releaser
Publisher-owned smoke (rust, amd64)	Checkout publisher	2026-10-09T12:41:52.2774305Z  * [new ref]         7564a9fc2221d9019dacdb3f947e62e25df55243 -> pull/305/merge
Publisher-owned smoke (rust, amd64)	Checkout publisher	2026-10-09T12:41:52.2776671Z ##[endgroup]
Publisher-owned smoke (rust, amd64)	Checkout publisher	2026-10-09T12:41:52.2777448Z ##[group]Determining the checkout info
Publisher-owned smoke (rust, amd64)	Checkout publisher	2026-10-09T12:41:52.2778306Z ##[endgroup]
Publisher-owned smoke (rust, amd64)	Checkout publisher	2026-10-09T12:41:52.2778934Z [command]/usr/bin/git sparse-checkout disable
Publisher-owned smoke (rust, amd64)	Checkout publisher	2026-10-09T12:41:52.2780551Z [command]/usr/bin/git config --local --unset-all extensions.worktreeConfig
Publisher-owned smoke (rust, amd64)	Checkout publisher	2026-10-09T12:41:52.2810498Z ##[group]Checking out the ref
Publisher-owned smoke (rust, amd64)	Checkout publisher	2026-10-09T12:41:52.2813472Z [command]/usr/bin/git checkout --progress --force refs/remotes/pull/305/merge
Publisher-owned smoke (rust, amd64)	Checkout publisher	2026-10-09T12:41:52.3016054Z Note: switching to 'refs/remotes/pull/305/merge'.
Publisher-owned smoke (rust, amd64)	Checkout publisher	2026-10-09T12:41:52.3018187Z 
Publisher-owned smoke (rust, amd64)	Checkout publisher	2026-10-09T12:41:52.3018737Z You are in 'detached HEAD' state. You can look around, make experimental
Publisher-owned smoke (rust, amd64)	Checkout publisher	2026-10-09T12:41:52.3019688Z changes and commit them, and you can discard any commits you make in this
Publisher-owned smoke (rust, amd64)	Checkout publisher	2026-10-09T12:41:52.3028354Z state without impacting any branches by switching back to a branch.
Publisher-owned smoke (rust, amd64)	Checkout publisher	2026-10-09T12:41:52.3029048Z 
Publisher-owned smoke (rust, amd64)	Checkout publisher	2026-10-09T12:41:52.3029492Z If you want to create a new branch to retain commits you create, you may
Publisher-owned smoke (rust, amd64)	Checkout publisher	2026-10-09T12:41:52.3030714Z do so (now or later) by using -c with the switch command. Example:
Publisher-owned smoke (rust, amd64)	Checkout publisher	2026-10-09T12:41:52.3031184Z 
Publisher-owned smoke (rust, amd64)	Checkout publisher	2026-10-09T12:41:52.3031505Z   git switch -c <new-branch-name>
Publisher-owned smoke (rust, amd64)	Checkout publisher	2026-10-09T12:41:52.3036406Z 
Publisher-owned smoke (rust, amd64)	Checkout publisher	2026-10-09T12:41:52.3036765Z Or undo this operation with:
Publisher-owned smoke (rust, amd64)	Checkout publisher	2026-10-09T12:41:52.3037151Z 
Publisher-owned smoke (rust, amd64)	Checkout publisher	2026-10-09T12:41:52.3037425Z   git switch -
Publisher-owned smoke (rust, amd64)	Checkout publisher	2026-10-09T12:41:52.3037876Z 
Publisher-owned smoke (rust, amd64)	Checkout publisher	2026-10-09T12:41:52.3038303Z Turn off this advice by setting config variable advice.detachedHead to false
Publisher-owned smoke (rust, amd64)	Checkout publisher	2026-10-09T12:41:52.3038990Z 
Publisher-owned smoke (rust, amd64)	Checkout publisher	2026-10-09T12:41:52.3039730Z HEAD is now at 7564a9f Merge 8ef5236c571c2c264a5a05696f2fe835a74ede6b into 0903cc12133d35144d33916efcd779db5d2e6e7a
Publisher-owned smoke (rust, amd64)	Checkout publisher	2026-10-09T12:41:52.3042600Z ##[endgroup]
Publisher-owned smoke (rust, amd64)	Checkout publisher	2026-10-09T12:41:52.3068530Z [command]/usr/bin/git log -1 --format=%H
Publisher-owned smoke (rust, amd64)	Checkout publisher	2026-10-09T12:41:52.3091810Z 7564a9fc2221d9019dacdb3f947e62e25df55243
Publisher-owned smoke (rust, amd64)	Checkout publisher	2026-10-09T12:41:52.3098675Z ##[group]Removing auth
Publisher-owned smoke (rust, amd64)	Checkout publisher	2026-10-09T12:41:52.3099473Z Removing SSH command configuration
Publisher-owned smoke (rust, amd64)	Checkout publisher	2026-10-09T12:41:52.3101865Z [command]/usr/bin/git config --local --name-only --get-regexp core\.sshCommand
Publisher-owned smoke (rust, amd64)	Checkout publisher	2026-10-09T12:41:52.3319226Z [command]/usr/bin/git submodule foreach --recursive sh -c "git config --local --name-only --get-regexp 'core\.sshCommand' && git config --local --unset-all 'core.sshCommand' || :"
Publisher-owned smoke (rust, amd64)	Checkout publisher	2026-10-09T12:41:52.3418000Z Removing HTTP extra header
Publisher-owned smoke (rust, amd64)	Checkout publisher	2026-10-09T12:41:52.3419234Z [command]/usr/bin/git config --local --name-only --get-regexp http\.https\:\/\/github\.com\/\.extraheader
Publisher-owned smoke (rust, amd64)	Checkout publisher	2026-10-09T12:41:52.3448816Z [command]/usr/bin/git submodule foreach --recursive sh -c "git config --local --name-only --get-regexp 'http\.https\:\/\/github\.com\/\.extraheader' && git config --local --unset-all 'http.https://github.com/.extraheader' || :"
Publisher-owned smoke (rust, amd64)	Checkout publisher	2026-10-09T12:41:52.3647195Z Removing includeIf entries pointing to credentials config files
Publisher-owned smoke (rust, amd64)	Checkout publisher	2026-10-09T12:41:52.3648847Z [command]/usr/bin/git config --local --name-only --get-regexp ^includeIf\.gitdir:
Publisher-owned smoke (rust, amd64)	Checkout publisher	2026-10-09T12:41:52.3669167Z includeif.gitdir:/home/runner/work/project-releaser/project-releaser/publisher/.git.path
Publisher-owned smoke (rust, amd64)	Checkout publisher	2026-10-09T12:41:52.3682980Z includeif.gitdir:/home/runner/work/project-releaser/project-releaser/publisher/.git/worktrees/*.path
Publisher-owned smoke (rust, amd64)	Checkout publisher	2026-10-09T12:41:52.3684249Z includeif.gitdir:/github/workspace/publisher/.git.path
Publisher-owned smoke (rust, amd64)	Checkout publisher	2026-10-09T12:41:52.3685133Z includeif.gitdir:/github/workspace/publisher/.git/worktrees/*.path
Publisher-owned smoke (rust, amd64)	Checkout publisher	2026-10-09T12:41:52.3687460Z [command]/usr/bin/git config --local --get-all includeif.gitdir:/home/runner/work/project-releaser/project-releaser/publisher/.git.path
Publisher-owned smoke (rust, amd64)	Checkout publisher	2026-10-09T12:41:52.3698631Z /home/runner/work/_temp/git-credentials-0a793e25-2c69-4bbd-acea-e506e6083c64.config
Publisher-owned smoke (rust, amd64)	Checkout publisher	2026-10-09T12:41:52.3713648Z [command]/usr/bin/git config --local --unset includeif.gitdir:/home/runner/work/project-releaser/project-releaser/publisher/.git.path /home/runner/work/_temp/git-credentials-0a793e25-2c69-4bbd-acea-e506e6083c64.config
Publisher-owned smoke (rust, amd64)	Checkout publisher	2026-10-09T12:41:52.3742510Z [command]/usr/bin/git config --local --get-all includeif.gitdir:/home/runner/work/project-releaser/project-releaser/publisher/.git/worktrees/*.path
Publisher-owned smoke (rust, amd64)	Checkout publisher	2026-10-09T12:41:52.3756699Z /home/runner/work/_temp/git-credentials-0a793e25-2c69-4bbd-acea-e506e6083c64.config
Publisher-owned smoke (rust, amd64)	Checkout publisher	2026-10-09T12:41:52.3773919Z [command]/usr/bin/git config --local --unset includeif.gitdir:/home/runner/work/project-releaser/project-releaser/publisher/.git/worktrees/*.path /home/runner/work/_temp/git-credentials-0a793e25-2c69-4bbd-acea-e506e6083c64.config
Publisher-owned smoke (rust, amd64)	Checkout publisher	2026-10-09T12:41:52.3805970Z [command]/usr/bin/git config --local --get-all includeif.gitdir:/github/workspace/publisher/.git.path
Publisher-owned smoke (rust, amd64)	Checkout publisher	2026-10-09T12:41:52.3829140Z /github/runner_temp/git-credentials-0a793e25-2c69-4bbd-acea-e506e6083c64.config
Publisher-owned smoke (rust, amd64)	Checkout publisher	2026-10-09T12:41:52.3840650Z [command]/usr/bin/git config --local --unset includeif.gitdir:/github/workspace/publisher/.git.path /github/runner_temp/git-credentials-0a793e25-2c69-4bbd-acea-e506e6083c64.config
Publisher-owned smoke (rust, amd64)	Checkout publisher	2026-10-09T12:41:52.3874124Z [command]/usr/bin/git config --local --get-all includeif.gitdir:/github/workspace/publisher/.git/worktrees/*.path
Publisher-owned smoke (rust, amd64)	Checkout publisher	2026-10-09T12:41:52.3895584Z /github/runner_temp/git-credentials-0a793e25-2c69-4bbd-acea-e506e6083c64.config
Publisher-owned smoke (rust, amd64)	Checkout publisher	2026-10-09T12:41:52.3915226Z [command]/usr/bin/git config --local --unset includeif.gitdir:/github/workspace/publisher/.git/worktrees/*.path /github/runner_temp/git-credentials-0a793e25-2c69-4bbd-acea-e506e6083c64.config
Publisher-owned smoke (rust, amd64)	Checkout publisher	2026-10-09T12:41:52.3940183Z [command]/usr/bin/git submodule foreach --recursive git config --local --show-origin --name-only --get-regexp remote.origin.url
Publisher-owned smoke (rust, amd64)	Checkout publisher	2026-10-09T12:41:52.4137633Z Removing credentials config '/home/runner/work/_temp/git-credentials-0a793e25-2c69-4bbd-acea-e506e6083c64.config'
Publisher-owned smoke (rust, amd64)	Checkout publisher	2026-10-09T12:41:52.4149222Z ##[endgroup]
Publisher-owned smoke (rust, amd64)	Checkout immutable worker fixture	﻿2026-10-09T12:41:52.4368060Z ##[group]Run actions/checkout@9c091bb21b7c1c1d1991bb908d89e4e9dddfe3e0
Publisher-owned smoke (rust, amd64)	Checkout immutable worker fixture	2026-10-09T12:41:52.4368573Z with:
Publisher-owned smoke (rust, amd64)	Checkout immutable worker fixture	2026-10-09T12:41:52.4368834Z   repository: BerriAI/litellm
Publisher-owned smoke (rust, amd64)	Checkout immutable worker fixture	2026-10-09T12:41:52.4369165Z   ref: 890ffe54f62fca28ccbdb1ad95d317f3cd351b8c
Publisher-owned smoke (rust, amd64)	Checkout immutable worker fixture	2026-10-09T12:41:52.4369525Z   persist-credentials: false
Publisher-owned smoke (rust, amd64)	Checkout immutable worker fixture	2026-10-09T12:41:52.4369818Z   path: source
Publisher-owned smoke (rust, amd64)	Checkout immutable worker fixture	2026-10-09T12:41:52.4372091Z   token: ***
Publisher-owned smoke (rust, amd64)	Checkout immutable worker fixture	2026-10-09T12:41:52.4372528Z   ssh-strict: true
Publisher-owned smoke (rust, amd64)	Checkout immutable worker fixture	2026-10-09T12:41:52.4372789Z   ssh-user: git
Publisher-owned smoke (rust, amd64)	Checkout immutable worker fixture	2026-10-09T12:41:52.4373051Z   clean: true
Publisher-owned smoke (rust, amd64)	Checkout immutable worker fixture	2026-10-09T12:41:52.4373318Z   sparse-checkout-cone-mode: true
Publisher-owned smoke (rust, amd64)	Checkout immutable worker fixture	2026-10-09T12:41:52.4373647Z   fetch-depth: 1
Publisher-owned smoke (rust, amd64)	Checkout immutable worker fixture	2026-10-09T12:41:52.4373909Z   fetch-tags: false
Publisher-owned smoke (rust, amd64)	Checkout immutable worker fixture	2026-10-09T12:41:52.4374172Z   show-progress: true
Publisher-owned smoke (rust, amd64)	Checkout immutable worker fixture	2026-10-09T12:41:52.4374512Z   lfs: false
Publisher-owned smoke (rust, amd64)	Checkout immutable worker fixture	2026-10-09T12:41:52.4374762Z   submodules: false
Publisher-owned smoke (rust, amd64)	Checkout immutable worker fixture	2026-10-09T12:41:52.4375030Z   set-safe-directory: true
Publisher-owned smoke (rust, amd64)	Checkout immutable worker fixture	2026-10-09T12:41:52.4375340Z   allow-unsafe-pr-checkout: false
Publisher-owned smoke (rust, amd64)	Checkout immutable worker fixture	2026-10-09T12:41:52.4375652Z ##[endgroup]
Publisher-owned smoke (rust, amd64)	Checkout immutable worker fixture	2026-10-09T12:41:52.5023077Z Syncing repository: BerriAI/litellm
Publisher-owned smoke (rust, amd64)	Checkout immutable worker fixture	2026-10-09T12:41:52.5026557Z ##[group]Getting Git version info
Publisher-owned smoke (rust, amd64)	Checkout immutable worker fixture	2026-10-09T12:41:52.5027673Z Working directory is '/home/runner/work/project-releaser/project-releaser/source'
Publisher-owned smoke (rust, amd64)	Checkout immutable worker fixture	2026-10-09T12:41:52.5057153Z [command]/usr/bin/git version
Publisher-owned smoke (rust, amd64)	Checkout immutable worker fixture	2026-10-09T12:41:52.5089681Z git version 2.55.0
Publisher-owned smoke (rust, amd64)	Checkout immutable worker fixture	2026-10-09T12:41:52.5103455Z ##[endgroup]
Publisher-owned smoke (rust, amd64)	Checkout immutable worker fixture	2026-10-09T12:41:52.5110647Z Temporarily overriding HOME='/home/runner/work/_temp/d481f84e-061b-4c1d-bdd0-23f86c5ce3c3' before making global git config changes
Publisher-owned smoke (rust, amd64)	Checkout immutable worker fixture	2026-10-09T12:41:52.5112843Z Adding repository directory to the temporary git global config as a safe directory
Publisher-owned smoke (rust, amd64)	Checkout immutable worker fixture	2026-10-09T12:41:52.5118643Z [command]/usr/bin/git config --global --add safe.directory /home/runner/work/project-releaser/project-releaser/source
Publisher-owned smoke (rust, amd64)	Checkout immutable worker fixture	2026-10-09T12:41:52.5149833Z ##[group]Determining repository object format
Publisher-owned smoke (rust, amd64)	Checkout immutable worker fixture	2026-10-09T12:41:52.5153253Z ##[endgroup]
Publisher-owned smoke (rust, amd64)	Checkout immutable worker fixture	2026-10-09T12:41:52.5154081Z ##[group]Initializing the repository
Publisher-owned smoke (rust, amd64)	Checkout immutable worker fixture	2026-10-09T12:41:52.5156667Z [command]/usr/bin/git init /home/runner/work/project-releaser/project-releaser/source
Publisher-owned smoke (rust, amd64)	Checkout immutable worker fixture	2026-10-09T12:41:52.5201026Z hint: Using 'master' as the name for the initial branch. This default branch name
Publisher-owned smoke (rust, amd64)	Checkout immutable worker fixture	2026-10-09T12:41:52.5203123Z hint: will change to "main" in Git 3.0. To configure the initial branch name
Publisher-owned smoke (rust, amd64)	Checkout immutable worker fixture	2026-10-09T12:41:52.5204627Z hint: to use in all of your new repositories, which will suppress this warning,
Publisher-owned smoke (rust, amd64)	Checkout immutable worker fixture	2026-10-09T12:41:52.5205713Z hint: call:
Publisher-owned smoke (rust, amd64)	Checkout immutable worker fixture	2026-10-09T12:41:52.5206511Z hint:
Publisher-owned smoke (rust, amd64)	Checkout immutable worker fixture	2026-10-09T12:41:52.5207193Z hint: 	git config --global init.defaultBranch <name>
Publisher-owned smoke (rust, amd64)	Checkout immutable worker fixture	2026-10-09T12:41:52.5208412Z hint:
Publisher-owned smoke (rust, amd64)	Checkout immutable worker fixture	2026-10-09T12:41:52.5209245Z hint: Names commonly chosen instead of 'master' are 'main', 'trunk' and
Publisher-owned smoke (rust, amd64)	Checkout immutable worker fixture	2026-10-09T12:41:52.5210800Z hint: 'development'. The just-created branch can be renamed via this command:
Publisher-owned smoke (rust, amd64)	Checkout immutable worker fixture	2026-10-09T12:41:52.5211774Z hint:
Publisher-owned smoke (rust, amd64)	Checkout immutable worker fixture	2026-10-09T12:41:52.5212939Z hint: 	git branch -m <name>
Publisher-owned smoke (rust, amd64)	Checkout immutable worker fixture	2026-10-09T12:41:52.5213618Z hint:
Publisher-owned smoke (rust, amd64)	Checkout immutable worker fixture	2026-10-09T12:41:52.5214589Z hint: Disable this message with "git config set advice.defaultBranchName false"
Publisher-owned smoke (rust, amd64)	Checkout immutable worker fixture	2026-10-09T12:41:52.5216104Z Initialized empty Git repository in /home/runner/work/project-releaser/project-releaser/source/.git/
Publisher-owned smoke (rust, amd64)	Checkout immutable worker fixture	2026-10-09T12:41:52.5233546Z [command]/usr/bin/git remote add origin https://github.com/BerriAI/litellm
Publisher-owned smoke (rust, amd64)	Checkout immutable worker fixture	2026-10-09T12:41:52.5248910Z ##[endgroup]
Publisher-owned smoke (rust, amd64)	Checkout immutable worker fixture	2026-10-09T12:41:52.5250038Z ##[group]Disabling automatic garbage collection
Publisher-owned smoke (rust, amd64)	Checkout immutable worker fixture	2026-10-09T12:41:52.5252109Z [command]/usr/bin/git config --local gc.auto 0
Publisher-owned smoke (rust, amd64)	Checkout immutable worker fixture	2026-10-09T12:41:52.5285807Z ##[endgroup]
Publisher-owned smoke (rust, amd64)	Checkout immutable worker fixture	2026-10-09T12:41:52.5287059Z ##[group]Setting up auth
Publisher-owned smoke (rust, amd64)	Checkout immutable worker fixture	2026-10-09T12:41:52.5288183Z Removing SSH command configuration
Publisher-owned smoke (rust, amd64)	Checkout immutable worker fixture	2026-10-09T12:41:52.5290820Z [command]/usr/bin/git config --local --name-only --get-regexp core\.sshCommand
Publisher-owned smoke (rust, amd64)	Checkout immutable worker fixture	2026-10-09T12:41:52.5325665Z [command]/usr/bin/git submodule foreach --recursive sh -c "git config --local --name-only --get-regexp 'core\.sshCommand' && git config --local --unset-all 'core.sshCommand' || :"
Publisher-owned smoke (rust, amd64)	Checkout immutable worker fixture	2026-10-09T12:41:52.5518409Z Removing HTTP extra header
Publisher-owned smoke (rust, amd64)	Checkout immutable worker fixture	2026-10-09T12:41:52.5523814Z [command]/usr/bin/git config --local --name-only --get-regexp http\.https\:\/\/github\.com\/\.extraheader
Publisher-owned smoke (rust, amd64)	Checkout immutable worker fixture	2026-10-09T12:41:52.5553633Z [command]/usr/bin/git submodule foreach --recursive sh -c "git config --local --name-only --get-regexp 'http\.https\:\/\/github\.com\/\.extraheader' && git config --local --unset-all 'http.https://github.com/.extraheader' || :"
Publisher-owned smoke (rust, amd64)	Checkout immutable worker fixture	2026-10-09T12:41:52.5741548Z Removing includeIf entries pointing to credentials config files
Publisher-owned smoke (rust, amd64)	Checkout immutable worker fixture	2026-10-09T12:41:52.5751708Z [command]/usr/bin/git config --local --name-only --get-regexp ^includeIf\.gitdir:
Publisher-owned smoke (rust, amd64)	Checkout immutable worker fixture	2026-10-09T12:41:52.5785058Z [command]/usr/bin/git submodule foreach --recursive git config --local --show-origin --name-only --get-regexp remote.origin.url
Publisher-owned smoke (rust, amd64)	Checkout immutable worker fixture	2026-10-09T12:41:52.5990725Z [command]/usr/bin/git config --file /home/runner/work/_temp/git-credentials-c556f4f1-aa96-4b68-96aa-4de3ff0cabe2.config http.https://github.com/.extraheader AUTHORIZATION: basic ***
Publisher-owned smoke (rust, amd64)	Checkout immutable worker fixture	2026-10-09T12:41:52.6015685Z [command]/usr/bin/git config --local includeIf.gitdir:/home/runner/work/project-releaser/project-releaser/source/.git.path /home/runner/work/_temp/git-credentials-c556f4f1-aa96-4b68-96aa-4de3ff0cabe2.config
Publisher-owned smoke (rust, amd64)	Checkout immutable worker fixture	2026-10-09T12:41:52.6043634Z [command]/usr/bin/git config --local includeIf.gitdir:/home/runner/work/project-releaser/project-releaser/source/.git/worktrees/*.path /home/runner/work/_temp/git-credentials-c556f4f1-aa96-4b68-96aa-4de3ff0cabe2.config
Publisher-owned smoke (rust, amd64)	Checkout immutable worker fixture	2026-10-09T12:41:52.6071104Z [command]/usr/bin/git config --local includeIf.gitdir:/github/workspace/source/.git.path /github/runner_temp/git-credentials-c556f4f1-aa96-4b68-96aa-4de3ff0cabe2.config
Publisher-owned smoke (rust, amd64)	Checkout immutable worker fixture	2026-10-09T12:41:52.6099800Z [command]/usr/bin/git config --local includeIf.gitdir:/github/workspace/source/.git/worktrees/*.path /github/runner_temp/git-credentials-c556f4f1-aa96-4b68-96aa-4de3ff0cabe2.config
Publisher-owned smoke (rust, amd64)	Checkout immutable worker fixture	2026-10-09T12:41:52.6139375Z ##[endgroup]
Publisher-owned smoke (rust, amd64)	Checkout immutable worker fixture	2026-10-09T12:41:52.6140526Z ##[group]Fetching the repository
Publisher-owned smoke (rust, amd64)	Checkout immutable worker fixture	2026-10-09T12:41:52.6250490Z [command]/usr/bin/git -c protocol.version=2 fetch --no-tags --prune --no-recurse-submodules --depth=1 origin 890ffe54f62fca28ccbdb1ad95d317f3cd351b8c
Publisher-owned smoke (rust, amd64)	Checkout immutable worker fixture	2026-10-09T12:42:00.3805840Z From https://github.com/BerriAI/litellm
Publisher-owned smoke (rust, amd64)	Checkout immutable worker fixture	2026-10-09T12:42:00.3821618Z  * branch            890ffe54f62fca28ccbdb1ad95d317f3cd351b8c -> FETCH_HEAD
Publisher-owned smoke (rust, amd64)	Checkout immutable worker fixture	2026-10-09T12:42:00.3824610Z [command]/usr/bin/git rev-parse --verify --quiet 890ffe54f62fca28ccbdb1ad95d317f3cd351b8c^{object}
Publisher-owned smoke (rust, amd64)	Checkout immutable worker fixture	2026-10-09T12:42:00.3841505Z 890ffe54f62fca28ccbdb1ad95d317f3cd351b8c
Publisher-owned smoke (rust, amd64)	Checkout immutable worker fixture	2026-10-09T12:42:00.3853719Z ##[endgroup]
Publisher-owned smoke (rust, amd64)	Checkout immutable worker fixture	2026-10-09T12:42:00.3854401Z ##[group]Determining the checkout info
Publisher-owned smoke (rust, amd64)	Checkout immutable worker fixture	2026-10-09T12:42:00.3855010Z ##[endgroup]
Publisher-owned smoke (rust, amd64)	Checkout immutable worker fixture	2026-10-09T12:42:00.3855668Z [command]/usr/bin/git sparse-checkout disable
Publisher-owned smoke (rust, amd64)	Checkout immutable worker fixture	2026-10-09T12:42:00.3888551Z [command]/usr/bin/git config --local --unset-all extensions.worktreeConfig
Publisher-owned smoke (rust, amd64)	Checkout immutable worker fixture	2026-10-09T12:42:00.3918905Z ##[group]Checking out the ref
Publisher-owned smoke (rust, amd64)	Checkout immutable worker fixture	2026-10-09T12:42:00.3921905Z [command]/usr/bin/git checkout --progress --force 890ffe54f62fca28ccbdb1ad95d317f3cd351b8c
Publisher-owned smoke (rust, amd64)	Checkout immutable worker fixture	2026-10-09T12:42:01.3288469Z Note: switching to '890ffe54f62fca28ccbdb1ad95d317f3cd351b8c'.
Publisher-owned smoke (rust, amd64)	Checkout immutable worker fixture	2026-10-09T12:42:01.3293132Z 
Publisher-owned smoke (rust, amd64)	Checkout immutable worker fixture	2026-10-09T12:42:01.3293814Z You are in 'detached HEAD' state. You can look around, make experimental
Publisher-owned smoke (rust, amd64)	Checkout immutable worker fixture	2026-10-09T12:42:01.3294470Z changes and commit them, and you can discard any commits you make in this
Publisher-owned smoke (rust, amd64)	Checkout immutable worker fixture	2026-10-09T12:42:01.3295151Z state without impacting any branches by switching back to a branch.
Publisher-owned smoke (rust, amd64)	Checkout immutable worker fixture	2026-10-09T12:42:01.3295510Z 
Publisher-owned smoke (rust, amd64)	Checkout immutable worker fixture	2026-10-09T12:42:01.3295810Z If you want to create a new branch to retain commits you create, you may
Publisher-owned smoke (rust, amd64)	Checkout immutable worker fixture	2026-10-09T12:42:01.3296352Z do so (now or later) by using -c with the switch command. Example:
Publisher-owned smoke (rust, amd64)	Checkout immutable worker fixture	2026-10-09T12:42:01.3296742Z 
Publisher-owned smoke (rust, amd64)	Checkout immutable worker fixture	2026-10-09T12:42:01.3296994Z   git switch -c <new-branch-name>
Publisher-owned smoke (rust, amd64)	Checkout immutable worker fixture	2026-10-09T12:42:01.3297661Z 
Publisher-owned smoke (rust, amd64)	Checkout immutable worker fixture	2026-10-09T12:42:01.3297958Z Or undo this operation with:
Publisher-owned smoke (rust, amd64)	Checkout immutable worker fixture	2026-10-09T12:42:01.3298250Z 
Publisher-owned smoke (rust, amd64)	Checkout immutable worker fixture	2026-10-09T12:42:01.3298468Z   git switch -
Publisher-owned smoke (rust, amd64)	Checkout immutable worker fixture	2026-10-09T12:42:01.3298721Z 
Publisher-owned smoke (rust, amd64)	Checkout immutable worker fixture	2026-10-09T12:42:01.3299054Z Turn off this advice by setting config variable advice.detachedHead to false
Publisher-owned smoke (rust, amd64)	Checkout immutable worker fixture	2026-10-09T12:42:01.3299456Z 
Publisher-owned smoke (rust, amd64)	Checkout immutable worker fixture	2026-10-09T12:42:01.3299757Z HEAD is now at 890ffe5 test(lens): cover model tool and result contracts
Publisher-owned smoke (rust, amd64)	Checkout immutable worker fixture	2026-10-09T12:42:01.3334233Z ##[endgroup]
Publisher-owned smoke (rust, amd64)	Checkout immutable worker fixture	2026-10-09T12:42:01.3365237Z [command]/usr/bin/git log -1 --format=%H
Publisher-owned smoke (rust, amd64)	Checkout immutable worker fixture	2026-10-09T12:42:01.3391083Z 890ffe54f62fca28ccbdb1ad95d317f3cd351b8c
Publisher-owned smoke (rust, amd64)	Checkout immutable worker fixture	2026-10-09T12:42:01.3410455Z ##[group]Removing auth
Publisher-owned smoke (rust, amd64)	Checkout immutable worker fixture	2026-10-09T12:42:01.3410776Z Removing SSH command configuration
Publisher-owned smoke (rust, amd64)	Checkout immutable worker fixture	2026-10-09T12:42:01.3411155Z [command]/usr/bin/git config --local --name-only --get-regexp core\.sshCommand
Publisher-owned smoke (rust, amd64)	Checkout immutable worker fixture	2026-10-09T12:42:01.3433070Z [command]/usr/bin/git submodule foreach --recursive sh -c "git config --local --name-only --get-regexp 'core\.sshCommand' && git config --local --unset-all 'core.sshCommand' || :"
Publisher-owned smoke (rust, amd64)	Checkout immutable worker fixture	2026-10-09T12:42:01.3653577Z Removing HTTP extra header
Publisher-owned smoke (rust, amd64)	Checkout immutable worker fixture	2026-10-09T12:42:01.3654372Z [command]/usr/bin/git config --local --name-only --get-regexp http\.https\:\/\/github\.com\/\.extraheader
Publisher-owned smoke (rust, amd64)	Checkout immutable worker fixture	2026-10-09T12:42:01.3685164Z [command]/usr/bin/git submodule foreach --recursive sh -c "git config --local --name-only --get-regexp 'http\.https\:\/\/github\.com\/\.extraheader' && git config --local --unset-all 'http.https://github.com/.extraheader' || :"
Publisher-owned smoke (rust, amd64)	Checkout immutable worker fixture	2026-10-09T12:42:01.3888551Z Removing includeIf entries pointing to credentials config files
Publisher-owned smoke (rust, amd64)	Checkout immutable worker fixture	2026-10-09T12:42:01.3894371Z [command]/usr/bin/git config --local --name-only --get-regexp ^includeIf\.gitdir:
Publisher-owned smoke (rust, amd64)	Checkout immutable worker fixture	2026-10-09T12:42:01.3917815Z includeif.gitdir:/home/runner/work/project-releaser/project-releaser/source/.git.path
Publisher-owned smoke (rust, amd64)	Checkout immutable worker fixture	2026-10-09T12:42:01.3923239Z includeif.gitdir:/home/runner/work/project-releaser/project-releaser/source/.git/worktrees/*.path
Publisher-owned smoke (rust, amd64)	Checkout immutable worker fixture	2026-10-09T12:42:01.3926003Z includeif.gitdir:/github/workspace/source/.git.path
Publisher-owned smoke (rust, amd64)	Checkout immutable worker fixture	2026-10-09T12:42:01.3931661Z includeif.gitdir:/github/workspace/source/.git/worktrees/*.path
Publisher-owned smoke (rust, amd64)	Checkout immutable worker fixture	2026-10-09T12:42:01.3933868Z [command]/usr/bin/git config --local --get-all includeif.gitdir:/home/runner/work/project-releaser/project-releaser/source/.git.path
Publisher-owned smoke (rust, amd64)	Checkout immutable worker fixture	2026-10-09T12:42:01.3947665Z /home/runner/work/_temp/git-credentials-c556f4f1-aa96-4b68-96aa-4de3ff0cabe2.config
Publisher-owned smoke (rust, amd64)	Checkout immutable worker fixture	2026-10-09T12:42:01.3962542Z [command]/usr/bin/git config --local --unset includeif.gitdir:/home/runner/work/project-releaser/project-releaser/source/.git.path /home/runner/work/_temp/git-credentials-c556f4f1-aa96-4b68-96aa-4de3ff0cabe2.config
Publisher-owned smoke (rust, amd64)	Checkout immutable worker fixture	2026-10-09T12:42:01.4016476Z [command]/usr/bin/git config --local --get-all includeif.gitdir:/home/runner/work/project-releaser/project-releaser/source/.git/worktrees/*.path
Publisher-owned smoke (rust, amd64)	Checkout immutable worker fixture	2026-10-09T12:42:01.4039437Z /home/runner/work/_temp/git-credentials-c556f4f1-aa96-4b68-96aa-4de3ff0cabe2.config
Publisher-owned smoke (rust, amd64)	Checkout immutable worker fixture	2026-10-09T12:42:01.4047705Z [command]/usr/bin/git config --local --unset includeif.gitdir:/home/runner/work/project-releaser/project-releaser/source/.git/worktrees/*.path /home/runner/work/_temp/git-credentials-c556f4f1-aa96-4b68-96aa-4de3ff0cabe2.config
Publisher-owned smoke (rust, amd64)	Checkout immutable worker fixture	2026-10-09T12:42:01.4077870Z [command]/usr/bin/git config --local --get-all includeif.gitdir:/github/workspace/source/.git.path
Publisher-owned smoke (rust, amd64)	Checkout immutable worker fixture	2026-10-09T12:42:01.4107324Z /github/runner_temp/git-credentials-c556f4f1-aa96-4b68-96aa-4de3ff0cabe2.config
Publisher-owned smoke (rust, amd64)	Checkout immutable worker fixture	2026-10-09T12:42:01.4123385Z [command]/usr/bin/git config --local --unset includeif.gitdir:/github/workspace/source/.git.path /github/runner_temp/git-credentials-c556f4f1-aa96-4b68-96aa-4de3ff0cabe2.config
Publisher-owned smoke (rust, amd64)	Checkout immutable worker fixture	2026-10-09T12:42:01.4207837Z [command]/usr/bin/git config --local --get-all includeif.gitdir:/github/workspace/source/.git/worktrees/*.path
Publisher-owned smoke (rust, amd64)	Checkout immutable worker fixture	2026-10-09T12:42:01.4392658Z /github/runner_temp/git-credentials-c556f4f1-aa96-4b68-96aa-4de3ff0cabe2.config
Publisher-owned smoke (rust, amd64)	Checkout immutable worker fixture	2026-10-09T12:42:01.4395103Z [command]/usr/bin/git config --local --unset includeif.gitdir:/github/workspace/source/.git/worktrees/*.path /github/runner_temp/git-credentials-c556f4f1-aa96-4b68-96aa-4de3ff0cabe2.config
Publisher-owned smoke (rust, amd64)	Checkout immutable worker fixture	2026-10-09T12:42:01.4445826Z [command]/usr/bin/git submodule foreach --recursive git config --local --show-origin --name-only --get-regexp remote.origin.url
Publisher-owned smoke (rust, amd64)	Checkout immutable worker fixture	2026-10-09T12:42:01.4784920Z Removing credentials config '/home/runner/work/_temp/git-credentials-c556f4f1-aa96-4b68-96aa-4de3ff0cabe2.config'
Publisher-owned smoke (rust, amd64)	Checkout immutable worker fixture	2026-10-09T12:42:01.4785803Z ##[endgroup]
Publisher-owned smoke (rust, amd64)	Install pinned cosign	﻿2026-10-09T12:42:01.5005797Z ##[group]Run sigstore/cosign-installer@3454372f43399081ed03b604cb2d021dabca52bb
Publisher-owned smoke (rust, amd64)	Install pinned cosign	2026-10-09T12:42:01.5006052Z with:
Publisher-owned smoke (rust, amd64)	Install pinned cosign	2026-10-09T12:42:01.5006180Z   cosign-release: v2.4.3
Publisher-owned smoke (rust, amd64)	Install pinned cosign	2026-10-09T12:42:01.5006335Z   install-dir: $HOME/.cosign
Publisher-owned smoke (rust, amd64)	Install pinned cosign	2026-10-09T12:42:01.5006470Z   use-sudo: false
Publisher-owned smoke (rust, amd64)	Install pinned cosign	2026-10-09T12:42:01.5006593Z ##[endgroup]
Publisher-owned smoke (rust, amd64)	Install pinned cosign	2026-10-09T12:42:01.5075478Z ##[start-action display=Run #!/bin/bash;id=__sigstore_cosign-installer.__run]
Publisher-owned smoke (rust, amd64)	Install pinned cosign	2026-10-09T12:42:01.5111287Z ##[group]Run #!/bin/bash
Publisher-owned smoke (rust, amd64)	Install pinned cosign	2026-10-09T12:42:01.5111923Z ^[[36;1m#!/bin/bash^[[0m
Publisher-owned smoke (rust, amd64)	Install pinned cosign	2026-10-09T12:42:01.5112060Z ^[[36;1m# cosign install script^[[0m
Publisher-owned smoke (rust, amd64)	Install pinned cosign	2026-10-09T12:42:01.5112372Z ^[[36;1mshopt -s expand_aliases^[[0m
Publisher-owned smoke (rust, amd64)	Install pinned cosign	2026-10-09T12:42:01.5112526Z ^[[36;1mif [ -z "$NO_COLOR" ]; then^[[0m
Publisher-owned smoke (rust, amd64)	Install pinned cosign	2026-10-09T12:42:01.5112723Z ^[[36;1m  alias log_info="echo -e \"\033[1;32mINFO\033[0m:\""^[[0m
Publisher-owned smoke (rust, amd64)	Install pinned cosign	2026-10-09T12:42:01.5112951Z ^[[36;1m  alias log_error="echo -e \"\033[1;31mERROR\033[0m:\""^[[0m
Publisher-owned smoke (rust, amd64)	Install pinned cosign	2026-10-09T12:42:01.5113131Z ^[[36;1melse^[[0m
Publisher-owned smoke (rust, amd64)	Install pinned cosign	2026-10-09T12:42:01.5113262Z ^[[36;1m  alias log_info="echo \"INFO:\""^[[0m
Publisher-owned smoke (rust, amd64)	Install pinned cosign	2026-10-09T12:42:01.5113480Z ^[[36;1m  alias log_error="echo \"ERROR:\""^[[0m
Publisher-owned smoke (rust, amd64)	Install pinned cosign	2026-10-09T12:42:01.5113631Z ^[[36;1mfi^[[0m
Publisher-owned smoke (rust, amd64)	Install pinned cosign	2026-10-09T12:42:01.5113749Z ^[[36;1mset -e^[[0m
Publisher-owned smoke (rust, amd64)	Install pinned cosign	2026-10-09T12:42:01.5113864Z ^[[36;1m^[[0m
Publisher-owned smoke (rust, amd64)	Install pinned cosign	2026-10-09T12:42:01.5113984Z ^[[36;1mmkdir -p $HOME/.cosign^[[0m
Publisher-owned smoke (rust, amd64)	Install pinned cosign	2026-10-09T12:42:01.5114121Z ^[[36;1m^[[0m
Publisher-owned smoke (rust, amd64)	Install pinned cosign	2026-10-09T12:42:01.5114232Z ^[[36;1mif [[ v2.4.3 == "main" ]]; then^[[0m
Publisher-owned smoke (rust, amd64)	Install pinned cosign	2026-10-09T12:42:01.5114451Z ^[[36;1m  log_info "installing cosign via 'go install' from its main version"^[[0m
Publisher-owned smoke (rust, amd64)	Install pinned cosign	2026-10-09T12:42:01.5114676Z ^[[36;1m  GOBIN=$(go env GOPATH)/bin^[[0m
Publisher-owned smoke (rust, amd64)	Install pinned cosign	2026-10-09T12:42:01.5114867Z ^[[36;1m  go install github.com/sigstore/cosign/v2/cmd/cosign@main^[[0m
Publisher-owned smoke (rust, amd64)	Install pinned cosign	2026-10-09T12:42:01.5115085Z ^[[36;1m  ln -s $GOBIN/cosign $HOME/.cosign/cosign^[[0m
Publisher-owned smoke (rust, amd64)	Install pinned cosign	2026-10-09T12:42:01.5115249Z ^[[36;1m  exit 0^[[0m
Publisher-owned smoke (rust, amd64)	Install pinned cosign	2026-10-09T12:42:01.5115361Z ^[[36;1mfi^[[0m
Publisher-owned smoke (rust, amd64)	Install pinned cosign	2026-10-09T12:42:01.5115469Z ^[[36;1m^[[0m
Publisher-owned smoke (rust, amd64)	Install pinned cosign	2026-10-09T12:42:01.5115577Z ^[[36;1mshaprog() {^[[0m
Publisher-owned smoke (rust, amd64)	Install pinned cosign	2026-10-09T12:42:01.5115704Z ^[[36;1m  case Linux in^[[0m
Publisher-owned smoke (rust, amd64)	Install pinned cosign	2026-10-09T12:42:01.5115835Z ^[[36;1m    Linux|linux)^[[0m
Publisher-owned smoke (rust, amd64)	Install pinned cosign	2026-10-09T12:42:01.5115981Z ^[[36;1m      sha256sum $1 | cut -d' ' -f1^[[0m
Publisher-owned smoke (rust, amd64)	Install pinned cosign	2026-10-09T12:42:01.5116140Z ^[[36;1m      ;;^[[0m
Publisher-owned smoke (rust, amd64)	Install pinned cosign	2026-10-09T12:42:01.5116436Z ^[[36;1m    macOS|macos)^[[0m
Publisher-owned smoke (rust, amd64)	Install pinned cosign	2026-10-09T12:42:01.5116586Z ^[[36;1m      shasum -a256 $1 | cut -d' ' -f1^[[0m
Publisher-owned smoke (rust, amd64)	Install pinned cosign	2026-10-09T12:42:01.5116740Z ^[[36;1m      ;;^[[0m
Publisher-owned smoke (rust, amd64)	Install pinned cosign	2026-10-09T12:42:01.5116859Z ^[[36;1m    Windows|windows)^[[0m
Publisher-owned smoke (rust, amd64)	Install pinned cosign	2026-10-09T12:42:01.5117144Z ^[[36;1m      powershell -command "(Get-FileHash $1 -Algorithm SHA256 | Select-Object -ExpandProperty Hash).ToLower()"^[[0m
Publisher-owned smoke (rust, amd64)	Install pinned cosign	2026-10-09T12:42:01.5117433Z ^[[36;1m      ;;^[[0m
Publisher-owned smoke (rust, amd64)	Install pinned cosign	2026-10-09T12:42:01.5117544Z ^[[36;1m    *)^[[0m
Publisher-owned smoke (rust, amd64)	Install pinned cosign	2026-10-09T12:42:01.5117670Z ^[[36;1m      log_error "unsupported OS Linux"^[[0m
Publisher-owned smoke (rust, amd64)	Install pinned cosign	2026-10-09T12:42:01.5117834Z ^[[36;1m      exit 1^[[0m
Publisher-owned smoke (rust, amd64)	Install pinned cosign	2026-10-09T12:42:01.5117952Z ^[[36;1m      ;;^[[0m
Publisher-owned smoke (rust, amd64)	Install pinned cosign	2026-10-09T12:42:01.5118061Z ^[[36;1m  esac^[[0m
Publisher-owned smoke (rust, amd64)	Install pinned cosign	2026-10-09T12:42:01.5118169Z ^[[36;1m}^[[0m
Publisher-owned smoke (rust, amd64)	Install pinned cosign	2026-10-09T12:42:01.5118273Z ^[[36;1m^[[0m
Publisher-owned smoke (rust, amd64)	Install pinned cosign	2026-10-09T12:42:01.5118388Z ^[[36;1mbootstrap_version='v2.4.3'^[[0m
Publisher-owned smoke (rust, amd64)	Install pinned cosign	2026-10-09T12:42:01.5118671Z ^[[36;1mbootstrap_linux_amd64_sha='caaad125acef1cb81d58dcdc454a1e429d09a750d1e9e2b3ed1aed8964454708'^[[0m
Publisher-owned smoke (rust, amd64)	Install pinned cosign	2026-10-09T12:42:01.5138270Z ^[[36;1mbootstrap_linux_arm_sha='729d18ef31679dd2d6be1aaffcb122f31edb4ed04dedceb409e8104adf49507a'^[[0m
Publisher-owned smoke (rust, amd64)	Install pinned cosign	2026-10-09T12:42:01.5138830Z ^[[36;1mbootstrap_linux_arm64_sha='bd0f9763bca54de88699c3656ade2f39c9a1c7a2916ff35601caf23a79be0629'^[[0m
Publisher-owned smoke (rust, amd64)	Install pinned cosign	2026-10-09T12:42:01.5139224Z ^[[36;1mbootstrap_darwin_amd64_sha='98a3bfd691f42c6a5b721880116f89210d8fdff61cc0224cd3ef2f8e55a466fb'^[[0m
Publisher-owned smoke (rust, amd64)	Install pinned cosign	2026-10-09T12:42:01.5139602Z ^[[36;1mbootstrap_darwin_arm64_sha='edfc761b27ced77f0f9ca288ff4fac7caa898e1e9db38f4dfdf72160cdf8e638'^[[0m
Publisher-owned smoke (rust, amd64)	Install pinned cosign	2026-10-09T12:42:01.5139984Z ^[[36;1mbootstrap_windows_amd64_sha='a2ac24e197111c9430cb2a98f10a641164381afb83df036504868e4ea5720800'^[[0m
Publisher-owned smoke (rust, amd64)	Install pinned cosign	2026-10-09T12:42:01.5140259Z ^[[36;1mcosign_executable_name=cosign^[[0m
Publisher-owned smoke (rust, amd64)	Install pinned cosign	2026-10-09T12:42:01.5140410Z ^[[36;1m^[[0m
Publisher-owned smoke (rust, amd64)	Install pinned cosign	2026-10-09T12:42:01.5140533Z ^[[36;1mtrap "popd >/dev/null" EXIT^[[0m
Publisher-owned smoke (rust, amd64)	Install pinned cosign	2026-10-09T12:42:01.5140677Z ^[[36;1m^[[0m
Publisher-owned smoke (rust, amd64)	Install pinned cosign	2026-10-09T12:42:01.5141025Z ^[[36;1mpushd $HOME/.cosign > /dev/null^[[0m
Publisher-owned smoke (rust, amd64)	Install pinned cosign	2026-10-09T12:42:01.5141174Z ^[[36;1m^[[0m
Publisher-owned smoke (rust, amd64)	Install pinned cosign	2026-10-09T12:42:01.5141281Z ^[[36;1mcase Linux in^[[0m
Publisher-owned smoke (rust, amd64)	Install pinned cosign	2026-10-09T12:42:01.5141421Z ^[[36;1m  Linux|linux)^[[0m
Publisher-owned smoke (rust, amd64)	Install pinned cosign	2026-10-09T12:42:01.5141552Z ^[[36;1m    case X64 in^[[0m
Publisher-owned smoke (rust, amd64)	Install pinned cosign	2026-10-09T12:42:01.5141685Z ^[[36;1m      X64|amd64)^[[0m
Publisher-owned smoke (rust, amd64)	Install pinned cosign	2026-10-09T12:42:01.5141847Z ^[[36;1m        bootstrap_filename='cosign-linux-amd64'^[[0m
Publisher-owned smoke (rust, amd64)	Install pinned cosign	2026-10-09T12:42:01.5142055Z ^[[36;1m        bootstrap_sha=${bootstrap_linux_amd64_sha}^[[0m
Publisher-owned smoke (rust, amd64)	Install pinned cosign	2026-10-09T12:42:01.5142441Z ^[[36;1m        desired_cosign_filename='cosign-linux-amd64'^[[0m
Publisher-owned smoke (rust, amd64)	Install pinned cosign	2026-10-09T12:42:01.5142683Z ^[[36;1m        # v0.6.0 had different filename structures from all other releases^[[0m
Publisher-owned smoke (rust, amd64)	Install pinned cosign	2026-10-09T12:42:01.5142908Z ^[[36;1m        if [[ v2.4.3 == 'v0.6.0' ]]; then^[[0m
Publisher-owned smoke (rust, amd64)	Install pinned cosign	2026-10-09T12:42:01.5143125Z ^[[36;1m          desired_cosign_filename='cosign_linux_amd64_0.6.0_linux_amd64'^[[0m
Publisher-owned smoke (rust, amd64)	Install pinned cosign	2026-10-09T12:42:01.5143407Z ^[[36;1m          desired_cosign_v060_signature='cosign_linux_amd64_0.6.0_linux_amd64.sig'^[[0m
Publisher-owned smoke (rust, amd64)	Install pinned cosign	2026-10-09T12:42:01.5143640Z ^[[36;1m        fi^[[0m
Publisher-owned smoke (rust, amd64)	Install pinned cosign	2026-10-09T12:42:01.5143758Z ^[[36;1m        ;;^[[0m
Publisher-owned smoke (rust, amd64)	Install pinned cosign	2026-10-09T12:42:01.5143870Z ^[[36;1m^[[0m
Publisher-owned smoke (rust, amd64)	Install pinned cosign	2026-10-09T12:42:01.5143983Z ^[[36;1m      ARM|arm)^[[0m
Publisher-owned smoke (rust, amd64)	Install pinned cosign	2026-10-09T12:42:01.5144132Z ^[[36;1m        bootstrap_filename='cosign-linux-arm'^[[0m
Publisher-owned smoke (rust, amd64)	Install pinned cosign	2026-10-09T12:42:01.5144328Z ^[[36;1m        bootstrap_sha=${bootstrap_linux_arm_sha}^[[0m
Publisher-owned smoke (rust, amd64)	Install pinned cosign	2026-10-09T12:42:01.5144533Z ^[[36;1m        desired_cosign_filename='cosign-linux-arm'^[[0m
Publisher-owned smoke (rust, amd64)	Install pinned cosign	2026-10-09T12:42:01.5144728Z ^[[36;1m        if [[ v2.4.3 == 'v0.6.0' ]]; then^[[0m
Publisher-owned smoke (rust, amd64)	Install pinned cosign	2026-10-09T12:42:01.5144928Z ^[[36;1m          log_error "linux-arm build not available at v0.6.0"^[[0m
Publisher-owned smoke (rust, amd64)	Install pinned cosign	2026-10-09T12:42:01.5145120Z ^[[36;1m          exit 1^[[0m
Publisher-owned smoke (rust, amd64)	Install pinned cosign	2026-10-09T12:42:01.5145248Z ^[[36;1m        fi^[[0m
Publisher-owned smoke (rust, amd64)	Install pinned cosign	2026-10-09T12:42:01.5145364Z ^[[36;1m        ;;^[[0m
Publisher-owned smoke (rust, amd64)	Install pinned cosign	2026-10-09T12:42:01.5145476Z ^[[36;1m^[[0m
Publisher-owned smoke (rust, amd64)	Install pinned cosign	2026-10-09T12:42:01.5145589Z ^[[36;1m      ARM64|arm64)^[[0m
Publisher-owned smoke (rust, amd64)	Install pinned cosign	2026-10-09T12:42:01.5145747Z ^[[36;1m        bootstrap_filename='cosign-linux-arm64'^[[0m
Publisher-owned smoke (rust, amd64)	Install pinned cosign	2026-10-09T12:42:01.5145949Z ^[[36;1m        bootstrap_sha=${bootstrap_linux_arm64_sha}^[[0m
Publisher-owned smoke (rust, amd64)	Install pinned cosign	2026-10-09T12:42:01.5146154Z ^[[36;1m        desired_cosign_filename='cosign-linux-arm64'^[[0m
Publisher-owned smoke (rust, amd64)	Install pinned cosign	2026-10-09T12:42:01.5146483Z ^[[36;1m        if [[ v2.4.3 == 'v0.6.0' ]]; then^[[0m
Publisher-owned smoke (rust, amd64)	Install pinned cosign	2026-10-09T12:42:01.5146682Z ^[[36;1m          log_error "linux-arm64 build not available at v0.6.0"^[[0m
Publisher-owned smoke (rust, amd64)	Install pinned cosign	2026-10-09T12:42:01.5146876Z ^[[36;1m          exit 1^[[0m
Publisher-owned smoke (rust, amd64)	Install pinned cosign	2026-10-09T12:42:01.5147000Z ^[[36;1m        fi^[[0m
Publisher-owned smoke (rust, amd64)	Install pinned cosign	2026-10-09T12:42:01.5147113Z ^[[36;1m        ;;^[[0m
Publisher-owned smoke (rust, amd64)	Install pinned cosign	2026-10-09T12:42:01.5147226Z ^[[36;1m^[[0m
Publisher-owned smoke (rust, amd64)	Install pinned cosign	2026-10-09T12:42:01.5147330Z ^[[36;1m      *)^[[0m
Publisher-owned smoke (rust, amd64)	Install pinned cosign	2026-10-09T12:42:01.5147473Z ^[[36;1m        log_error "unsupported architecture X64"^[[0m
Publisher-owned smoke (rust, amd64)	Install pinned cosign	2026-10-09T12:42:01.5147643Z ^[[36;1m        exit 1^[[0m
Publisher-owned smoke (rust, amd64)	Install pinned cosign	2026-10-09T12:42:01.5147763Z ^[[36;1m        ;;^[[0m
Publisher-owned smoke (rust, amd64)	Install pinned cosign	2026-10-09T12:42:01.5147876Z ^[[36;1m    esac^[[0m
Publisher-owned smoke (rust, amd64)	Install pinned cosign	2026-10-09T12:42:01.5147987Z ^[[36;1m    ;;^[[0m
Publisher-owned smoke (rust, amd64)	Install pinned cosign	2026-10-09T12:42:01.5148094Z ^[[36;1m^[[0m
Publisher-owned smoke (rust, amd64)	Install pinned cosign	2026-10-09T12:42:01.5148201Z ^[[36;1m  macOS|macos)^[[0m
Publisher-owned smoke (rust, amd64)	Install pinned cosign	2026-10-09T12:42:01.5148327Z ^[[36;1m    case X64 in^[[0m
Publisher-owned smoke (rust, amd64)	Install pinned cosign	2026-10-09T12:42:01.5148459Z ^[[36;1m      X64|amd64)^[[0m
Publisher-owned smoke (rust, amd64)	Install pinned cosign	2026-10-09T12:42:01.5148612Z ^[[36;1m        bootstrap_filename='cosign-darwin-amd64'^[[0m
Publisher-owned smoke (rust, amd64)	Install pinned cosign	2026-10-09T12:42:01.5148821Z ^[[36;1m        bootstrap_sha=${bootstrap_darwin_amd64_sha}^[[0m
Publisher-owned smoke (rust, amd64)	Install pinned cosign	2026-10-09T12:42:01.5149030Z ^[[36;1m        desired_cosign_filename='cosign-darwin-amd64'^[[0m
Publisher-owned smoke (rust, amd64)	Install pinned cosign	2026-10-09T12:42:01.5149267Z ^[[36;1m        # v0.6.0 had different filename structures from all other releases^[[0m
Publisher-owned smoke (rust, amd64)	Install pinned cosign	2026-10-09T12:42:01.5149488Z ^[[36;1m        if [[ v2.4.3 == 'v0.6.0' ]]; then^[[0m
Publisher-owned smoke (rust, amd64)	Install pinned cosign	2026-10-09T12:42:01.5149702Z ^[[36;1m          desired_cosign_filename='cosign_darwin_amd64_0.6.0_darwin_amd64'^[[0m
Publisher-owned smoke (rust, amd64)	Install pinned cosign	2026-10-09T12:42:01.5149988Z ^[[36;1m          desired_cosign_v060_signature='cosign_darwin_amd64_0.6.0_darwin_amd64.sig'^[[0m
Publisher-owned smoke (rust, amd64)	Install pinned cosign	2026-10-09T12:42:01.5150213Z ^[[36;1m        fi^[[0m
Publisher-owned smoke (rust, amd64)	Install pinned cosign	2026-10-09T12:42:01.5150327Z ^[[36;1m        ;;^[[0m
Publisher-owned smoke (rust, amd64)	Install pinned cosign	2026-10-09T12:42:01.5150438Z ^[[36;1m^[[0m
Publisher-owned smoke (rust, amd64)	Install pinned cosign	2026-10-09T12:42:01.5150546Z ^[[36;1m      ARM64|arm64)^[[0m
Publisher-owned smoke (rust, amd64)	Install pinned cosign	2026-10-09T12:42:01.5150703Z ^[[36;1m        bootstrap_filename='cosign-darwin-arm64'^[[0m
Publisher-owned smoke (rust, amd64)	Install pinned cosign	2026-10-09T12:42:01.5151021Z ^[[36;1m        bootstrap_sha=${bootstrap_darwin_arm64_sha}^[[0m
Publisher-owned smoke (rust, amd64)	Install pinned cosign	2026-10-09T12:42:01.5151236Z ^[[36;1m        desired_cosign_filename='cosign-darwin-arm64'^[[0m
Publisher-owned smoke (rust, amd64)	Install pinned cosign	2026-10-09T12:42:01.5151474Z ^[[36;1m        # v0.6.0 had different filename structures from all other releases^[[0m
Publisher-owned smoke (rust, amd64)	Install pinned cosign	2026-10-09T12:42:01.5151692Z ^[[36;1m        if [[ v2.4.3 == 'v0.6.0' ]]; then^[[0m
Publisher-owned smoke (rust, amd64)	Install pinned cosign	2026-10-09T12:42:01.5151902Z ^[[36;1m          desired_cosign_filename='cosign_darwin_arm64_0.6.0_darwin_arm64'^[[0m
Publisher-owned smoke (rust, amd64)	Install pinned cosign	2026-10-09T12:42:01.5152368Z ^[[36;1m          desired_cosign_v060_signature='cosign_darwin_arm64_0.6.0_darwin_arm64.sig'^[[0m
Publisher-owned smoke (rust, amd64)	Install pinned cosign	2026-10-09T12:42:01.5152624Z ^[[36;1m        fi^[[0m
Publisher-owned smoke (rust, amd64)	Install pinned cosign	2026-10-09T12:42:01.5152737Z ^[[36;1m        ;;^[[0m
Publisher-owned smoke (rust, amd64)	Install pinned cosign	2026-10-09T12:42:01.5152850Z ^[[36;1m^[[0m
Publisher-owned smoke (rust, amd64)	Install pinned cosign	2026-10-09T12:42:01.5152954Z ^[[36;1m      *)^[[0m
Publisher-owned smoke (rust, amd64)	Install pinned cosign	2026-10-09T12:42:01.5153142Z ^[[36;1m        log_error "unsupported architecture X64"^[[0m
Publisher-owned smoke (rust, amd64)	Install pinned cosign	2026-10-09T12:42:01.5153407Z ^[[36;1m        exit 1^[[0m
Publisher-owned smoke (rust, amd64)	Install pinned cosign	2026-10-09T12:42:01.5153535Z ^[[36;1m        ;;^[[0m
Publisher-owned smoke (rust, amd64)	Install pinned cosign	2026-10-09T12:42:01.5153651Z ^[[36;1m    esac^[[0m
Publisher-owned smoke (rust, amd64)	Install pinned cosign	2026-10-09T12:42:01.5153761Z ^[[36;1m    ;;^[[0m
Publisher-owned smoke (rust, amd64)	Install pinned cosign	2026-10-09T12:42:01.5153871Z ^[[36;1m^[[0m
Publisher-owned smoke (rust, amd64)	Install pinned cosign	2026-10-09T12:42:01.5153980Z ^[[36;1m  Windows|windows)^[[0m
Publisher-owned smoke (rust, amd64)	Install pinned cosign	2026-10-09T12:42:01.5154113Z ^[[36;1m    case X64 in^[[0m
Publisher-owned smoke (rust, amd64)	Install pinned cosign	2026-10-09T12:42:01.5154239Z ^[[36;1m      X64|amd64)^[[0m
Publisher-owned smoke (rust, amd64)	Install pinned cosign	2026-10-09T12:42:01.5154399Z ^[[36;1m        bootstrap_filename='cosign-windows-amd64.exe'^[[0m
Publisher-owned smoke (rust, amd64)	Install pinned cosign	2026-10-09T12:42:01.5154609Z ^[[36;1m        bootstrap_sha=${bootstrap_windows_amd64_sha}^[[0m
Publisher-owned smoke (rust, amd64)	Install pinned cosign	2026-10-09T12:42:01.5154824Z ^[[36;1m        desired_cosign_filename='cosign-windows-amd64.exe'^[[0m
Publisher-owned smoke (rust, amd64)	Install pinned cosign	2026-10-09T12:42:01.5155027Z ^[[36;1m        cosign_executable_name=cosign.exe^[[0m
Publisher-owned smoke (rust, amd64)	Install pinned cosign	2026-10-09T12:42:01.5155243Z ^[[36;1m        # v0.6.0 had different filename structures from all other releases^[[0m
Publisher-owned smoke (rust, amd64)	Install pinned cosign	2026-10-09T12:42:01.5155458Z ^[[36;1m        if [[ v2.4.3 == 'v0.6.0' ]]; then^[[0m
Publisher-owned smoke (rust, amd64)	Install pinned cosign	2026-10-09T12:42:01.5155693Z ^[[36;1m          desired_cosign_filename='cosign_windows_amd64_0.6.0_windows_amd64.exe'^[[0m
Publisher-owned smoke (rust, amd64)	Install pinned cosign	2026-10-09T12:42:01.5156004Z ^[[36;1m          desired_cosign_v060_signature='cosign_windows_amd64_0.6.0_windows_amd64.exe.sig'^[[0m
Publisher-owned smoke (rust, amd64)	Install pinned cosign	2026-10-09T12:42:01.5156342Z ^[[36;1m        fi^[[0m
Publisher-owned smoke (rust, amd64)	Install pinned cosign	2026-10-09T12:42:01.5156454Z ^[[36;1m        ;;^[[0m
Publisher-owned smoke (rust, amd64)	Install pinned cosign	2026-10-09T12:42:01.5156569Z ^[[36;1m      *)^[[0m
Publisher-owned smoke (rust, amd64)	Install pinned cosign	2026-10-09T12:42:01.5156709Z ^[[36;1m        log_error "unsupported architecture X64"^[[0m
Publisher-owned smoke (rust, amd64)	Install pinned cosign	2026-10-09T12:42:01.5156882Z ^[[36;1m        exit 1^[[0m
Publisher-owned smoke (rust, amd64)	Install pinned cosign	2026-10-09T12:42:01.5157001Z ^[[36;1m        ;;^[[0m
Publisher-owned smoke (rust, amd64)	Install pinned cosign	2026-10-09T12:42:01.5157114Z ^[[36;1m    esac^[[0m
Publisher-owned smoke (rust, amd64)	Install pinned cosign	2026-10-09T12:42:01.5157224Z ^[[36;1m    ;;^[[0m
Publisher-owned smoke (rust, amd64)	Install pinned cosign	2026-10-09T12:42:01.5157332Z ^[[36;1m  *)^[[0m
Publisher-owned smoke (rust, amd64)	Install pinned cosign	2026-10-09T12:42:01.5157458Z ^[[36;1m    log_error "unsupported os Linux"^[[0m
Publisher-owned smoke (rust, amd64)	Install pinned cosign	2026-10-09T12:42:01.5157619Z ^[[36;1m    exit 1^[[0m
Publisher-owned smoke (rust, amd64)	Install pinned cosign	2026-10-09T12:42:01.5157732Z ^[[36;1m    ;;^[[0m
Publisher-owned smoke (rust, amd64)	Install pinned cosign	2026-10-09T12:42:01.5157838Z ^[[36;1mesac^[[0m
Publisher-owned smoke (rust, amd64)	Install pinned cosign	2026-10-09T12:42:01.5157943Z ^[[36;1m^[[0m
Publisher-owned smoke (rust, amd64)	Install pinned cosign	2026-10-09T12:42:01.5158045Z ^[[36;1mSUDO=^[[0m
Publisher-owned smoke (rust, amd64)	Install pinned cosign	2026-10-09T12:42:01.5158207Z ^[[36;1mif [[ "false" == "true" ]] && command -v sudo >/dev/null; then^[[0m
Publisher-owned smoke (rust, amd64)	Install pinned cosign	2026-10-09T12:42:01.5158401Z ^[[36;1m  SUDO=sudo^[[0m
Publisher-owned smoke (rust, amd64)	Install pinned cosign	2026-10-09T12:42:01.5158516Z ^[[36;1mfi^[[0m
Publisher-owned smoke (rust, amd64)	Install pinned cosign	2026-10-09T12:42:01.5158622Z ^[[36;1m^[[0m
Publisher-owned smoke (rust, amd64)	Install pinned cosign	2026-10-09T12:42:01.5158771Z ^[[36;1mexpected_bootstrap_version_digest=${bootstrap_sha}^[[0m
Publisher-owned smoke (rust, amd64)	Install pinned cosign	2026-10-09T12:42:01.5159307Z ^[[36;1mlog_info "Downloading bootstrap version '${bootstrap_version}' of cosign to verify version to be installed...\n      https://github.com/sigstore/cosign/releases/download/${bootstrap_version}/${bootstrap_filename}"^[[0m
Publisher-owned smoke (rust, amd64)	Install pinned cosign	2026-10-09T12:42:01.5159974Z ^[[36;1m$SUDO curl -fsL https://github.com/sigstore/cosign/releases/download/${bootstrap_version}/${bootstrap_filename} -o ${cosign_executable_name}^[[0m
Publisher-owned smoke (rust, amd64)	Install pinned cosign	2026-10-09T12:42:01.5160359Z ^[[36;1mshaBootstrap=$(shaprog ${cosign_executable_name});^[[0m
Publisher-owned smoke (rust, amd64)	Install pinned cosign	2026-10-09T12:42:01.5160602Z ^[[36;1mif [[ $shaBootstrap != ${expected_bootstrap_version_digest} ]]; then^[[0m
Publisher-owned smoke (rust, amd64)	Install pinned cosign	2026-10-09T12:42:01.5160855Z ^[[36;1m  log_error "Unable to validate cosign version: 'v2.4.3'"^[[0m
Publisher-owned smoke (rust, amd64)	Install pinned cosign	2026-10-09T12:42:01.5161042Z ^[[36;1m  exit 1^[[0m
Publisher-owned smoke (rust, amd64)	Install pinned cosign	2026-10-09T12:42:01.5161247Z ^[[36;1mfi^[[0m
Publisher-owned smoke (rust, amd64)	Install pinned cosign	2026-10-09T12:42:01.5161376Z ^[[36;1m$SUDO chmod +x ${cosign_executable_name}^[[0m
Publisher-owned smoke (rust, amd64)	Install pinned cosign	2026-10-09T12:42:01.5161540Z ^[[36;1m^[[0m
Publisher-owned smoke (rust, amd64)	Install pinned cosign	2026-10-09T12:42:01.5161719Z ^[[36;1m# If the bootstrap and specified `cosign` releases are the same, we're done.^[[0m
Publisher-owned smoke (rust, amd64)	Install pinned cosign	2026-10-09T12:42:01.5161965Z ^[[36;1mif [[ v2.4.3 == ${bootstrap_version} ]]; then^[[0m
Publisher-owned smoke (rust, amd64)	Install pinned cosign	2026-10-09T12:42:01.5162443Z ^[[36;1m  log_info "bootstrap version successfully verified and matches requested version so nothing else to do"^[[0m
Publisher-owned smoke (rust, amd64)	Install pinned cosign	2026-10-09T12:42:01.5162715Z ^[[36;1m  exit 0^[[0m
Publisher-owned smoke (rust, amd64)	Install pinned cosign	2026-10-09T12:42:01.5162824Z ^[[36;1mfi^[[0m
Publisher-owned smoke (rust, amd64)	Install pinned cosign	2026-10-09T12:42:01.5162927Z ^[[36;1m^[[0m
Publisher-owned smoke (rust, amd64)	Install pinned cosign	2026-10-09T12:42:01.5163069Z ^[[36;1msemver='^v([0-9]+\.){0,2}(\*|[0-9]+)(-?r?c?)(\.[0-9]+)$'^[[0m
Publisher-owned smoke (rust, amd64)	Install pinned cosign	2026-10-09T12:42:01.5163254Z ^[[36;1mif [[ v2.4.3 =~ $semver ]]; then^[[0m
Publisher-owned smoke (rust, amd64)	Install pinned cosign	2026-10-09T12:42:01.5163437Z ^[[36;1m  log_info "Custom cosign version 'v2.4.3' requested"^[[0m
Publisher-owned smoke (rust, amd64)	Install pinned cosign	2026-10-09T12:42:01.5163611Z ^[[36;1melse^[[0m
Publisher-owned smoke (rust, amd64)	Install pinned cosign	2026-10-09T12:42:01.5163784Z ^[[36;1m  log_error "Unable to validate requested cosign version: 'v2.4.3'"^[[0m
Publisher-owned smoke (rust, amd64)	Install pinned cosign	2026-10-09T12:42:01.5163993Z ^[[36;1m  exit 1^[[0m
Publisher-owned smoke (rust, amd64)	Install pinned cosign	2026-10-09T12:42:01.5164103Z ^[[36;1mfi^[[0m
Publisher-owned smoke (rust, amd64)	Install pinned cosign	2026-10-09T12:42:01.5164210Z ^[[36;1m^[[0m
Publisher-owned smoke (rust, amd64)	Install pinned cosign	2026-10-09T12:42:01.5164323Z ^[[36;1m# Download custom cosign^[[0m
Publisher-owned smoke (rust, amd64)	Install pinned cosign	2026-10-09T12:42:01.5164725Z ^[[36;1mlog_info "Downloading platform-specific version 'v2.4.3' of cosign...\n      https://github.com/sigstore/cosign/releases/download/v2.4.3/${desired_cosign_filename}"^[[0m
Publisher-owned smoke (rust, amd64)	Install pinned cosign	2026-10-09T12:42:01.5165261Z ^[[36;1m$SUDO curl -fsL https://github.com/sigstore/cosign/releases/download/v2.4.3/${desired_cosign_filename} -o cosign_v2.4.3^[[0m
Publisher-owned smoke (rust, amd64)	Install pinned cosign	2026-10-09T12:42:01.5165580Z ^[[36;1mshaCustom=$(shaprog cosign_v2.4.3);^[[0m
Publisher-owned smoke (rust, amd64)	Install pinned cosign	2026-10-09T12:42:01.5165734Z ^[[36;1m^[[0m
Publisher-owned smoke (rust, amd64)	Install pinned cosign	2026-10-09T12:42:01.5165857Z ^[[36;1m# same hash means it is the same release^[[0m
Publisher-owned smoke (rust, amd64)	Install pinned cosign	2026-10-09T12:42:01.5166040Z ^[[36;1mif [[ $shaCustom != $shaBootstrap ]]; then^[[0m
Publisher-owned smoke (rust, amd64)	Install pinned cosign	2026-10-09T12:42:01.5166232Z ^[[36;1m  if [[ v2.4.3 == 'v0.6.0' && Linux == 'Linux' ]]; then^[[0m
Publisher-owned smoke (rust, amd64)	Install pinned cosign	2026-10-09T12:42:01.5166451Z ^[[36;1m    # v0.6.0's linux release has a dependency on `libpcsclite1`^[[0m
Publisher-owned smoke (rust, amd64)	Install pinned cosign	2026-10-09T12:42:01.5166700Z ^[[36;1m    log_info "Installing libpcsclite1 package if necessary..."^[[0m
Publisher-owned smoke (rust, amd64)	Install pinned cosign	2026-10-09T12:42:01.5167066Z ^[[36;1m    set +e^[[0m
Publisher-owned smoke (rust, amd64)	Install pinned cosign	2026-10-09T12:42:01.5167195Z ^[[36;1m    sudo dpkg -s libpcsclite1^[[0m
Publisher-owned smoke (rust, amd64)	Install pinned cosign	2026-10-09T12:42:01.5167346Z ^[[36;1m    if [ $? -eq 0 ]; then^[[0m
Publisher-owned smoke (rust, amd64)	Install pinned cosign	2026-10-09T12:42:01.5167542Z ^[[36;1m        log_info "libpcsclite1 package is already installed"^[[0m
Publisher-owned smoke (rust, amd64)	Install pinned cosign	2026-10-09T12:42:01.5167725Z ^[[36;1m    else^[[0m
Publisher-owned smoke (rust, amd64)	Install pinned cosign	2026-10-09T12:42:01.5167906Z ^[[36;1m         log_info "libpcsclite1 package is not installed, installing it now."^[[0m
Publisher-owned smoke (rust, amd64)	Install pinned cosign	2026-10-09T12:42:01.5168140Z ^[[36;1m         sudo apt-get update -q -q^[[0m
Publisher-owned smoke (rust, amd64)	Install pinned cosign	2026-10-09T12:42:01.5168319Z ^[[36;1m         sudo apt-get install -yq libpcsclite1^[[0m
Publisher-owned smoke (rust, amd64)	Install pinned cosign	2026-10-09T12:42:01.5168481Z ^[[36;1m    fi^[[0m
Publisher-owned smoke (rust, amd64)	Install pinned cosign	2026-10-09T12:42:01.5168592Z ^[[36;1m    set -e^[[0m
Publisher-owned smoke (rust, amd64)	Install pinned cosign	2026-10-09T12:42:01.5168707Z ^[[36;1m  fi^[[0m
Publisher-owned smoke (rust, amd64)	Install pinned cosign	2026-10-09T12:42:01.5168812Z ^[[36;1m^[[0m
Publisher-owned smoke (rust, amd64)	Install pinned cosign	2026-10-09T12:42:01.5168928Z ^[[36;1m  if [[ v2.4.3 == 'v0.6.0' ]]; then^[[0m
Publisher-owned smoke (rust, amd64)	Install pinned cosign	2026-10-09T12:42:01.5169349Z ^[[36;1m    log_info "Downloading detached signature for platform-specific 'v2.4.3' of cosign...\n      https://github.com/sigstore/cosign/releases/download/v2.4.3/${desired_cosign_v060_signature}"^[[0m
Publisher-owned smoke (rust, amd64)	Install pinned cosign	2026-10-09T12:42:01.5169957Z ^[[36;1m    $SUDO curl -fsL https://github.com/sigstore/cosign/releases/download/v2.4.3/${desired_cosign_v060_signature} -o ${desired_cosign_filename}.sig^[[0m
Publisher-owned smoke (rust, amd64)	Install pinned cosign	2026-10-09T12:42:01.5170292Z ^[[36;1m  else^[[0m
Publisher-owned smoke (rust, amd64)	Install pinned cosign	2026-10-09T12:42:01.5170660Z ^[[36;1m    log_info "Downloading detached signature for platform-specific 'v2.4.3' of cosign...\n      https://github.com/sigstore/cosign/releases/download/v2.4.3/${desired_cosign_filename}.sig"^[[0m
Publisher-owned smoke (rust, amd64)	Install pinned cosign	2026-10-09T12:42:01.5171202Z ^[[36;1m    $SUDO curl -fsLO https://github.com/sigstore/cosign/releases/download/v2.4.3/${desired_cosign_filename}.sig^[[0m
Publisher-owned smoke (rust, amd64)	Install pinned cosign	2026-10-09T12:42:01.5171481Z ^[[36;1m  fi^[[0m
Publisher-owned smoke (rust, amd64)	Install pinned cosign	2026-10-09T12:42:01.5171588Z ^[[36;1m^[[0m
Publisher-owned smoke (rust, amd64)	Install pinned cosign	2026-10-09T12:42:01.5171702Z ^[[36;1m  if [[ v2.4.3 < 'v0.6.0' ]]; then^[[0m
Publisher-owned smoke (rust, amd64)	Install pinned cosign	2026-10-09T12:42:01.5172154Z ^[[36;1m    log_info "Downloading cosign public key 'v2.4.3' of cosign...\n    https://raw.githubusercontent.com/sigstore/cosign/v2.4.3/.github/workflows/cosign.pub"^[[0m
Publisher-owned smoke (rust, amd64)	Install pinned cosign	2026-10-09T12:42:01.5172844Z ^[[36;1m    RELEASE_COSIGN_PUB_KEY=https://raw.githubusercontent.com/sigstore/cosign/v2.4.3/.github/workflows/cosign.pub^[[0m
Publisher-owned smoke (rust, amd64)	Install pinned cosign	2026-10-09T12:42:01.5173258Z ^[[36;1m    RELEASE_COSIGN_PUB_KEY_SHA='4aa4bd19530a4929d758a9896255aef2c82f1a3a9f4b000034c6df4307c14f9e'^[[0m
Publisher-owned smoke (rust, amd64)	Install pinned cosign	2026-10-09T12:42:01.5173517Z ^[[36;1m  else^[[0m
Publisher-owned smoke (rust, amd64)	Install pinned cosign	2026-10-09T12:42:01.5173833Z ^[[36;1m    log_info "Downloading cosign public key 'v2.4.3' of cosign...\n    https://raw.githubusercontent.com/sigstore/cosign/v2.4.3/release/release-cosign.pub"^[[0m
Publisher-owned smoke (rust, amd64)	Install pinned cosign	2026-10-09T12:42:01.5174318Z ^[[36;1m    RELEASE_COSIGN_PUB_KEY=https://raw.githubusercontent.com/sigstore/cosign/v2.4.3/release/release-cosign.pub^[[0m
Publisher-owned smoke (rust, amd64)	Install pinned cosign	2026-10-09T12:42:01.5174713Z ^[[36;1m    RELEASE_COSIGN_PUB_KEY_SHA='f4cea466e5e887a45da5031757fa1d32655d83420639dc1758749b744179f126'^[[0m
Publisher-owned smoke (rust, amd64)	Install pinned cosign	2026-10-09T12:42:01.5174972Z ^[[36;1m  fi^[[0m
Publisher-owned smoke (rust, amd64)	Install pinned cosign	2026-10-09T12:42:01.5175081Z ^[[36;1m^[[0m
Publisher-owned smoke (rust, amd64)	Install pinned cosign	2026-10-09T12:42:01.5175229Z ^[[36;1m  log_info "Verifying public key matches expected value"^[[0m
Publisher-owned smoke (rust, amd64)	Install pinned cosign	2026-10-09T12:42:01.5175462Z ^[[36;1m  $SUDO curl -fsL $RELEASE_COSIGN_PUB_KEY -o public.key^[[0m
Publisher-owned smoke (rust, amd64)	Install pinned cosign	2026-10-09T12:42:01.5175665Z ^[[36;1m  sha_fetched_key=$(shaprog public.key)^[[0m
Publisher-owned smoke (rust, amd64)	Install pinned cosign	2026-10-09T12:42:01.5175877Z ^[[36;1m  if [[ $sha_fetched_key != $RELEASE_COSIGN_PUB_KEY_SHA ]]; then^[[0m
Publisher-owned smoke (rust, amd64)	Install pinned cosign	2026-10-09T12:42:01.5176134Z ^[[36;1m    log_error "Fetched public key does not match expected digest, exiting"^[[0m
Publisher-owned smoke (rust, amd64)	Install pinned cosign	2026-10-09T12:42:01.5176347Z ^[[36;1m    exit 1^[[0m
Publisher-owned smoke (rust, amd64)	Install pinned cosign	2026-10-09T12:42:01.5176462Z ^[[36;1m  fi^[[0m
Publisher-owned smoke (rust, amd64)	Install pinned cosign	2026-10-09T12:42:01.5176565Z ^[[36;1m^[[0m
Publisher-owned smoke (rust, amd64)	Install pinned cosign	2026-10-09T12:42:01.5176759Z ^[[36;1m  log_info "Using bootstrap cosign to verify signature of desired cosign version"^[[0m
Publisher-owned smoke (rust, amd64)	Install pinned cosign	2026-10-09T12:42:01.5177105Z ^[[36;1m  ./cosign verify-blob --key public.key --signature ${desired_cosign_filename}.sig cosign_v2.4.3^[[0m
Publisher-owned smoke (rust, amd64)	Install pinned cosign	2026-10-09T12:42:01.5177361Z ^[[36;1m^[[0m
Publisher-owned smoke (rust, amd64)	Install pinned cosign	2026-10-09T12:42:01.5177474Z ^[[36;1m  $SUDO rm cosign^[[0m
Publisher-owned smoke (rust, amd64)	Install pinned cosign	2026-10-09T12:42:01.5177635Z ^[[36;1m  $SUDO mv cosign_v2.4.3 ${cosign_executable_name}^[[0m
Publisher-owned smoke (rust, amd64)	Install pinned cosign	2026-10-09T12:42:01.5177924Z ^[[36;1m  $SUDO chmod +x ${cosign_executable_name}^[[0m
Publisher-owned smoke (rust, amd64)	Install pinned cosign	2026-10-09T12:42:01.5178102Z ^[[36;1m  log_info "Installation complete!"^[[0m
Publisher-owned smoke (rust, amd64)	Install pinned cosign	2026-10-09T12:42:01.5178252Z ^[[36;1mfi^[[0m
Publisher-owned smoke (rust, amd64)	Install pinned cosign	2026-10-09T12:42:01.5411819Z shell: /usr/bin/bash --noprofile --norc -e -o pipefail {0}
Publisher-owned smoke (rust, amd64)	Install pinned cosign	2026-10-09T12:42:01.5412072Z ##[endgroup]
Publisher-owned smoke (rust, amd64)	Install pinned cosign	2026-10-09T12:42:01.5527037Z ^[[1;32mINFO^[[0m: Downloading bootstrap version 'v2.4.3' of cosign to verify version to be installed...
Publisher-owned smoke (rust, amd64)	Install pinned cosign	2026-10-09T12:42:01.5527878Z       https://github.com/sigstore/cosign/releases/download/v2.4.3/cosign-linux-amd64
Publisher-owned smoke (rust, amd64)	Install pinned cosign	2026-10-09T12:42:02.3974170Z ^[[1;32mINFO^[[0m: bootstrap version successfully verified and matches requested version so nothing else to do
Publisher-owned smoke (rust, amd64)	Install pinned cosign	2026-10-09T12:42:02.3991914Z ##[end-action id=__sigstore_cosign-installer.__run;outcome=success;conclusion=success;duration_ms=891]
Publisher-owned smoke (rust, amd64)	Install pinned cosign	2026-10-09T12:42:02.3998815Z ##[start-action display=Run echo "$HOME/.cosign" >> $GITHUB_PATH;id=__sigstore_cosign-installer.__run_2]
Publisher-owned smoke (rust, amd64)	Install pinned cosign	2026-10-09T12:42:02.4031061Z ##[group]Run echo "$HOME/.cosign" >> $GITHUB_PATH
Publisher-owned smoke (rust, amd64)	Install pinned cosign	2026-10-09T12:42:02.4031318Z ^[[36;1mecho "$HOME/.cosign" >> $GITHUB_PATH^[[0m
Publisher-owned smoke (rust, amd64)	Install pinned cosign	2026-10-09T12:42:02.4088317Z shell: /usr/bin/bash --noprofile --norc -e -o pipefail {0}
Publisher-owned smoke (rust, amd64)	Install pinned cosign	2026-10-09T12:42:02.4088536Z ##[endgroup]
Publisher-owned smoke (rust, amd64)	Install pinned cosign	2026-10-09T12:42:02.4176663Z ##[end-action id=__sigstore_cosign-installer.__run_2;outcome=success;conclusion=success;duration_ms=17]
Publisher-owned smoke (rust, amd64)	Install pinned cosign	2026-10-09T12:42:02.4180481Z ##[start-action display=Run echo "$HOME/.cosign" | Out-File -FilePath $env:GITHUB_PATH -Encoding utf8 -Append;id=__sigstore_cosign-installer.__run_3]
Publisher-owned smoke (rust, amd64)	Install pinned cosign	2026-10-09T12:42:02.4184883Z ##[end-action id=__sigstore_cosign-installer.__run_3;outcome=skipped;conclusion=skipped;duration_ms=0]
Publisher-owned smoke (rust, amd64)	Build local worker without publishing	﻿2026-10-09T12:42:02.4213901Z ##[group]Run docker build --build-arg LITELLM_RELEASE_TAG=v0.0.0-lens-ci -f deploy/lens/Dockerfile -t lens-runtime-fixture .
Publisher-owned smoke (rust, amd64)	Build local worker without publishing	2026-10-09T12:42:02.4214383Z ^[[36;1mdocker build --build-arg LITELLM_RELEASE_TAG=v0.0.0-lens-ci -f deploy/lens/Dockerfile -t lens-runtime-fixture .^[[0m
Publisher-owned smoke (rust, amd64)	Build local worker without publishing	2026-10-09T12:42:02.4270196Z shell: /usr/bin/bash -e {0}
Publisher-owned smoke (rust, amd64)	Build local worker without publishing	2026-10-09T12:42:02.4270378Z ##[endgroup]
Publisher-owned smoke (rust, amd64)	Build local worker without publishing	2026-10-09T12:42:03.1359669Z #0 building with "default" instance using docker driver
Publisher-owned smoke (rust, amd64)	Build local worker without publishing	2026-10-09T12:42:03.1360146Z 
Publisher-owned smoke (rust, amd64)	Build local worker without publishing	2026-10-09T12:42:03.1360371Z #1 [internal] load build definition from Dockerfile
Publisher-owned smoke (rust, amd64)	Build local worker without publishing	2026-10-09T12:42:03.1360612Z #1 transferring dockerfile: 2.70kB done
Publisher-owned smoke (rust, amd64)	Build local worker without publishing	2026-10-09T12:42:03.1360761Z #1 DONE 0.0s
Publisher-owned smoke (rust, amd64)	Build local worker without publishing	2026-10-09T12:42:03.1360827Z 
Publisher-owned smoke (rust, amd64)	Build local worker without publishing	2026-10-09T12:42:03.1361188Z #2 [internal] load metadata for cgr.dev/chainguard/wolfi-base@sha256:1d95114038f76513a9ace6fca107d5582b08c65981f81f61cb56bf7fd2ef216d
Publisher-owned smoke (rust, amd64)	Build local worker without publishing	2026-10-09T12:42:03.7028406Z #2 DONE 0.7s
Publisher-owned smoke (rust, amd64)	Build local worker without publishing	2026-10-09T12:42:03.8132708Z 
Publisher-owned smoke (rust, amd64)	Build local worker without publishing	2026-10-09T12:42:03.8133848Z #3 [builder  1/10] FROM cgr.dev/chainguard/wolfi-base@sha256:1d95114038f76513a9ace6fca107d5582b08c65981f81f61cb56bf7fd2ef216d
Publisher-owned smoke (rust, amd64)	Build local worker without publishing	2026-10-09T12:42:03.8134928Z #3 resolve cgr.dev/chainguard/wolfi-base@sha256:1d95114038f76513a9ace6fca107d5582b08c65981f81f61cb56bf7fd2ef216d done
Publisher-owned smoke (rust, amd64)	Build local worker without publishing	2026-10-09T12:42:03.8135660Z #3 sha256:071774ea60a70d34f5f303af1a5419a4754a06e812f02962a7c6ac1608420a87 2.86kB / 2.86kB done
Publisher-owned smoke (rust, amd64)	Build local worker without publishing	2026-10-09T12:42:03.8136145Z #3 sha256:392fc32e63fc5d1eec0fb45aee855ad4d0fdfa773ba098aaae620700f0ee579a 0B / 425.35kB 0.1s
Publisher-owned smoke (rust, amd64)	Build local worker without publishing	2026-10-09T12:42:03.8136556Z #3 sha256:1ac8b6c8dfa75a7ccef181d11762d084be5eeb711110c4310bc01a75efb09ece 0B / 3.36MB 0.1s
Publisher-owned smoke (rust, amd64)	Build local worker without publishing	2026-10-09T12:42:03.8136963Z #3 sha256:1d95114038f76513a9ace6fca107d5582b08c65981f81f61cb56bf7fd2ef216d 1.14kB / 1.14kB done
Publisher-owned smoke (rust, amd64)	Build local worker without publishing	2026-10-09T12:42:03.8137364Z #3 sha256:32d119bfa89c4302e0608f5c120b39c6b8f80b592c7fb46aa27008b2669ce220 2.50kB / 2.50kB done
Publisher-owned smoke (rust, amd64)	Build local worker without publishing	2026-10-09T12:42:03.8137757Z #3 sha256:28c972c1431bbe69cb9b16c0f75b357850302e8503212392cc1e00cb26d9e9d0 0B / 2.94MB 0.1s
Publisher-owned smoke (rust, amd64)	Build local worker without publishing	2026-10-09T12:42:04.1267568Z #3 ...
Publisher-owned smoke (rust, amd64)	Build local worker without publishing	2026-10-09T12:42:04.1268072Z 
Publisher-owned smoke (rust, amd64)	Build local worker without publishing	2026-10-09T12:42:04.1268639Z #4 [internal] load build context
Publisher-owned smoke (rust, amd64)	Build local worker without publishing	2026-10-09T12:42:04.1268893Z #4 transferring context: 11.82MB 0.2s done
Publisher-owned smoke (rust, amd64)	Build local worker without publishing	2026-10-09T12:42:04.1269136Z #4 DONE 0.3s
Publisher-owned smoke (rust, amd64)	Build local worker without publishing	2026-10-09T12:42:04.1269235Z 
Publisher-owned smoke (rust, amd64)	Build local worker without publishing	2026-10-09T12:42:04.1269559Z #3 [builder  1/10] FROM cgr.dev/chainguard/wolfi-base@sha256:1d95114038f76513a9ace6fca107d5582b08c65981f81f61cb56bf7fd2ef216d
Publisher-owned smoke (rust, amd64)	Build local worker without publishing	2026-10-09T12:42:04.1270415Z #3 sha256:1ac8b6c8dfa75a7ccef181d11762d084be5eeb711110c4310bc01a75efb09ece 1.05MB / 3.36MB 0.4s
Publisher-owned smoke (rust, amd64)	Build local worker without publishing	2026-10-09T12:42:04.1270937Z #3 sha256:28c972c1431bbe69cb9b16c0f75b357850302e8503212392cc1e00cb26d9e9d0 2.94MB / 2.94MB 0.4s
Publisher-owned smoke (rust, amd64)	Build local worker without publishing	2026-10-09T12:42:04.2751868Z #3 sha256:392fc32e63fc5d1eec0fb45aee855ad4d0fdfa773ba098aaae620700f0ee579a 425.35kB / 425.35kB 0.4s done
Publisher-owned smoke (rust, amd64)	Build local worker without publishing	2026-10-09T12:42:04.2753084Z #3 sha256:1ac8b6c8dfa75a7ccef181d11762d084be5eeb711110c4310bc01a75efb09ece 2.10MB / 3.36MB 0.5s
Publisher-owned smoke (rust, amd64)	Build local worker without publishing	2026-10-09T12:42:04.2753871Z #3 extracting sha256:28c972c1431bbe69cb9b16c0f75b357850302e8503212392cc1e00cb26d9e9d0
Publisher-owned smoke (rust, amd64)	Build local worker without publishing	2026-10-09T12:42:04.4143431Z #3 sha256:1ac8b6c8dfa75a7ccef181d11762d084be5eeb711110c4310bc01a75efb09ece 3.36MB / 3.36MB 0.7s
Publisher-owned smoke (rust, amd64)	Build local worker without publishing	2026-10-09T12:42:04.4144717Z #3 sha256:28c972c1431bbe69cb9b16c0f75b357850302e8503212392cc1e00cb26d9e9d0 2.94MB / 2.94MB 0.5s done
Publisher-owned smoke (rust, amd64)	Build local worker without publishing	2026-10-09T12:42:04.4145603Z #3 extracting sha256:28c972c1431bbe69cb9b16c0f75b357850302e8503212392cc1e00cb26d9e9d0 0.1s done
Publisher-owned smoke (rust, amd64)	Build local worker without publishing	2026-10-09T12:42:04.4146195Z #3 sha256:cdb5af441f92fb9a168542c81acb62a5a6a63b24eb0d26c6e67ac37f310d6260 0B / 178.94kB 0.7s
Publisher-owned smoke (rust, amd64)	Build local worker without publishing	2026-10-09T12:42:04.4146755Z #3 sha256:0fa0803f038ca5a66da9409bbc4f15d761a755e14264e1bcf5aa1d214aa40ab3 0B / 117.62kB 0.7s
Publisher-owned smoke (rust, amd64)	Build local worker without publishing	2026-10-09T12:42:04.6142906Z #3 sha256:cdb5af441f92fb9a168542c81acb62a5a6a63b24eb0d26c6e67ac37f310d6260 178.94kB / 178.94kB 0.9s
Publisher-owned smoke (rust, amd64)	Build local worker without publishing	2026-10-09T12:42:04.6143394Z #3 sha256:0fa0803f038ca5a66da9409bbc4f15d761a755e14264e1bcf5aa1d214aa40ab3 117.62kB / 117.62kB 0.9s
Publisher-owned smoke (rust, amd64)	Build local worker without publishing	2026-10-09T12:42:04.9655269Z #3 sha256:cdb5af441f92fb9a168542c81acb62a5a6a63b24eb0d26c6e67ac37f310d6260 178.94kB / 178.94kB 0.9s done
Publisher-owned smoke (rust, amd64)	Build local worker without publishing	2026-10-09T12:42:04.9656204Z #3 extracting sha256:1ac8b6c8dfa75a7ccef181d11762d084be5eeb711110c4310bc01a75efb09ece
Publisher-owned smoke (rust, amd64)	Build local worker without publishing	2026-10-09T12:42:05.1137290Z #3 sha256:1ac8b6c8dfa75a7ccef181d11762d084be5eeb711110c4310bc01a75efb09ece 3.36MB / 3.36MB 1.1s done
Publisher-owned smoke (rust, amd64)	Build local worker without publishing	2026-10-09T12:42:05.1137765Z #3 sha256:0fa0803f038ca5a66da9409bbc4f15d761a755e14264e1bcf5aa1d214aa40ab3 117.62kB / 117.62kB 1.3s done
Publisher-owned smoke (rust, amd64)	Build local worker without publishing	2026-10-09T12:42:05.2339874Z #3 sha256:0e3a84f7427f59342d7be4787e01fad97fb26e0f084e961d1527e7ed1810a0a5 0B / 97.91kB 1.5s
Publisher-owned smoke (rust, amd64)	Build local worker without publishing	2026-10-09T12:42:05.2341214Z #3 sha256:ed4725379a22e41b02806192aff768a5e11226d9511b806bf6138e8dfba5f24e 0B / 108.11kB 1.5s
Publisher-owned smoke (rust, amd64)	Build local worker without publishing	2026-10-09T12:42:05.2341955Z #3 sha256:b10d4a946640307a04381e8ff5b3dc262f7332586acb67ba29838d9b1d239cbc 0B / 95.80kB 1.5s
Publisher-owned smoke (rust, amd64)	Build local worker without publishing	2026-10-09T12:42:05.4142533Z #3 extracting sha256:1ac8b6c8dfa75a7ccef181d11762d084be5eeb711110c4310bc01a75efb09ece 0.3s done
Publisher-owned smoke (rust, amd64)	Build local worker without publishing	2026-10-09T12:42:05.4143570Z #3 sha256:0e3a84f7427f59342d7be4787e01fad97fb26e0f084e961d1527e7ed1810a0a5 97.91kB / 97.91kB 1.7s
Publisher-owned smoke (rust, amd64)	Build local worker without publishing	2026-10-09T12:42:05.6142654Z #3 sha256:ed4725379a22e41b02806192aff768a5e11226d9511b806bf6138e8dfba5f24e 108.11kB / 108.11kB 1.9s
Publisher-owned smoke (rust, amd64)	Build local worker without publishing	2026-10-09T12:42:05.6143361Z #3 sha256:b10d4a946640307a04381e8ff5b3dc262f7332586acb67ba29838d9b1d239cbc 95.80kB / 95.80kB 1.9s
Publisher-owned smoke (rust, amd64)	Build local worker without publishing	2026-10-09T12:42:06.0135513Z #3 sha256:0e3a84f7427f59342d7be4787e01fad97fb26e0f084e961d1527e7ed1810a0a5 97.91kB / 97.91kB 1.7s done
Publisher-owned smoke (rust, amd64)	Build local worker without publishing	2026-10-09T12:42:06.4137466Z #3 sha256:b10d4a946640307a04381e8ff5b3dc262f7332586acb67ba29838d9b1d239cbc 95.80kB / 95.80kB 2.3s done
Publisher-owned smoke (rust, amd64)	Build local worker without publishing	2026-10-09T12:42:06.4138212Z #3 sha256:1707443352f0d5292d1da0dfa2717609c4168dc4555e26adf9453ebed7a31c19 0B / 14.39kB 2.7s
Publisher-owned smoke (rust, amd64)	Build local worker without publishing	2026-10-09T12:42:06.6215905Z #3 sha256:ed4725379a22e41b02806192aff768a5e11226d9511b806bf6138e8dfba5f24e 108.11kB / 108.11kB 2.7s done
Publisher-owned smoke (rust, amd64)	Build local worker without publishing	2026-10-09T12:42:06.6217663Z #3 sha256:1707443352f0d5292d1da0dfa2717609c4168dc4555e26adf9453ebed7a31c19 14.39kB / 14.39kB 2.9s
Publisher-owned smoke (rust, amd64)	Build local worker without publishing	2026-10-09T12:42:06.6219113Z #3 extracting sha256:392fc32e63fc5d1eec0fb45aee855ad4d0fdfa773ba098aaae620700f0ee579a
Publisher-owned smoke (rust, amd64)	Build local worker without publishing	2026-10-09T12:42:06.6222583Z #3 sha256:076b3195c593899531ca6f7f358e90cc36448cf512445c76144b33dd4011f6a5 0B / 64.59kB 2.9s
Publisher-owned smoke (rust, amd64)	Build local worker without publishing	2026-10-09T12:42:06.8140351Z #3 sha256:076b3195c593899531ca6f7f358e90cc36448cf512445c76144b33dd4011f6a5 64.59kB / 64.59kB 3.1s
Publisher-owned smoke (rust, amd64)	Build local worker without publishing	2026-10-09T12:42:06.9322506Z #3 sha256:1707443352f0d5292d1da0dfa2717609c4168dc4555e26adf9453ebed7a31c19 14.39kB / 14.39kB 3.1s done
Publisher-owned smoke (rust, amd64)	Build local worker without publishing	2026-10-09T12:42:06.9457149Z #3 extracting sha256:392fc32e63fc5d1eec0fb45aee855ad4d0fdfa773ba098aaae620700f0ee579a 0.4s done
Publisher-owned smoke (rust, amd64)	Build local worker without publishing	2026-10-09T12:42:07.1134629Z #3 sha256:076b3195c593899531ca6f7f358e90cc36448cf512445c76144b33dd4011f6a5 64.59kB / 64.59kB 3.1s done
Publisher-owned smoke (rust, amd64)	Build local worker without publishing	2026-10-09T12:42:07.2141749Z #3 sha256:b72d96b46af9ec2434a5b80d672c8ed77e554b6dce499c3dcdfbce01c4f205da 0B / 14.42kB 3.4s
Publisher-owned smoke (rust, amd64)	Build local worker without publishing	2026-10-09T12:42:07.2142350Z #3 sha256:b72d96b46af9ec2434a5b80d672c8ed77e554b6dce499c3dcdfbce01c4f205da 14.42kB / 14.42kB 3.5s
Publisher-owned smoke (rust, amd64)	Build local worker without publishing	2026-10-09T12:42:07.9139164Z #3 sha256:b72d96b46af9ec2434a5b80d672c8ed77e554b6dce499c3dcdfbce01c4f205da 14.42kB / 14.42kB 4.1s done
Publisher-owned smoke (rust, amd64)	Build local worker without publishing	2026-10-09T12:42:08.2491993Z #3 extracting sha256:cdb5af441f92fb9a168542c81acb62a5a6a63b24eb0d26c6e67ac37f310d6260
Publisher-owned smoke (rust, amd64)	Build local worker without publishing	2026-10-09T12:42:08.4501199Z #3 extracting sha256:cdb5af441f92fb9a168542c81acb62a5a6a63b24eb0d26c6e67ac37f310d6260 0.1s done
Publisher-owned smoke (rust, amd64)	Build local worker without publishing	2026-10-09T12:42:10.8780577Z #3 extracting sha256:0fa0803f038ca5a66da9409bbc4f15d761a755e14264e1bcf5aa1d214aa40ab3
Publisher-owned smoke (rust, amd64)	Build local worker without publishing	2026-10-09T12:42:11.0451245Z #3 extracting sha256:0fa0803f038ca5a66da9409bbc4f15d761a755e14264e1bcf5aa1d214aa40ab3 done
Publisher-owned smoke (rust, amd64)	Build local worker without publishing	2026-10-09T12:42:11.0455042Z #3 extracting sha256:0e3a84f7427f59342d7be4787e01fad97fb26e0f084e961d1527e7ed1810a0a5 done
Publisher-owned smoke (rust, amd64)	Build local worker without publishing	2026-10-09T12:42:11.0455921Z #3 extracting sha256:b10d4a946640307a04381e8ff5b3dc262f7332586acb67ba29838d9b1d239cbc done
Publisher-owned smoke (rust, amd64)	Build local worker without publishing	2026-10-09T12:42:11.0457107Z #3 extracting sha256:ed4725379a22e41b02806192aff768a5e11226d9511b806bf6138e8dfba5f24e done
Publisher-owned smoke (rust, amd64)	Build local worker without publishing	2026-10-09T12:42:11.0461892Z #3 extracting sha256:076b3195c593899531ca6f7f358e90cc36448cf512445c76144b33dd4011f6a5 done
Publisher-owned smoke (rust, amd64)	Build local worker without publishing	2026-10-09T12:42:11.0464445Z #3 extracting sha256:1707443352f0d5292d1da0dfa2717609c4168dc4555e26adf9453ebed7a31c19 done
Publisher-owned smoke (rust, amd64)	Build local worker without publishing	2026-10-09T12:42:11.0465762Z #3 extracting sha256:b72d96b46af9ec2434a5b80d672c8ed77e554b6dce499c3dcdfbce01c4f205da done
Publisher-owned smoke (rust, amd64)	Build local worker without publishing	2026-10-09T12:42:11.0467461Z #3 DONE 7.3s
Publisher-owned smoke (rust, amd64)	Build local worker without publishing	2026-10-09T12:42:11.1967149Z 
Publisher-owned smoke (rust, amd64)	Build local worker without publishing	2026-10-09T12:42:11.1968129Z #5 [service 2/8] RUN : "v0.0.0-lens-ci"
Publisher-owned smoke (rust, amd64)	Build local worker without publishing	2026-10-09T12:42:11.2685706Z #5 DONE 0.2s
Publisher-owned smoke (rust, amd64)	Build local worker without publishing	2026-10-09T12:42:11.2685938Z 
Publisher-owned smoke (rust, amd64)	Build local worker without publishing	2026-10-09T12:42:11.2686336Z #6 [builder  2/10] RUN apk add --no-cache rust build-base cmake perl pkgconf openssl-dev libseccomp-dev python-3.13
Publisher-owned smoke (rust, amd64)	Build local worker without publishing	2026-10-09T12:42:11.3931004Z #6 0.229 fetch https://apk.cgr.dev/chainguard/x86_64/APKINDEX.tar.gz
Publisher-owned smoke (rust, amd64)	Build local worker without publishing	2026-10-09T12:42:12.1831247Z #6 1.137 (1/68) Installing libstdc++ (16.2.0-r1)
Publisher-owned smoke (rust, amd64)	Build local worker without publishing	2026-10-09T12:42:12.7584764Z #6 1.713 (2/68) Installing libzstd1 (1.5.7-r10)
Publisher-owned smoke (rust, amd64)	Build local worker without publishing	2026-10-09T12:42:13.0314601Z #6 1.986 (3/68) Installing binutils (2.47-r1)
Publisher-owned smoke (rust, amd64)	Build local worker without publishing	2026-10-09T12:42:13.7945795Z #6 2.749 (4/68) Installing libxcrypt-dev (4.5.2-r5)
Publisher-owned smoke (rust, amd64)	Build local worker without publishing	2026-10-09T12:42:14.2844060Z #6 3.239 (5/68) Installing linux-headers (7.2.9-r0)
Publisher-owned smoke (rust, amd64)	Build local worker without publishing	2026-10-09T12:42:14.7233552Z #6 3.677 (6/68) Installing glibc-2.44-dev (2.44-r6)
Publisher-owned smoke (rust, amd64)	Build local worker without publishing	2026-10-09T12:42:16.5556027Z #6 5.359 (7/68) Installing libquadmath (16.2.0-r1)
Publisher-owned smoke (rust, amd64)	Build local worker without publishing	2026-10-09T12:42:17.1344731Z #6 5.938 (8/68) Installing libstdc++-dev (16.2.0-r1)
Publisher-owned smoke (rust, amd64)	Build local worker without publishing	2026-10-09T12:42:18.3951078Z #6 7.199 (9/68) Installing openssf-compiler-options (20250904-r11)
Publisher-owned smoke (rust, amd64)	Build local worker without publishing	2026-10-09T12:42:18.4747021Z #6 ...
Publisher-owned smoke (rust, amd64)	Build local worker without publishing	2026-10-09T12:42:18.4747561Z 
Publisher-owned smoke (rust, amd64)	Build local worker without publishing	2026-10-09T12:42:18.4748048Z #7 [service 3/8] RUN apk add --no-cache python-3.13 setpriv libgcc libstdc++ openssl ca-certificates
Publisher-owned smoke (rust, amd64)	Build local worker without publishing	2026-10-09T12:42:18.4748839Z #7 0.123 fetch https://apk.cgr.dev/chainguard/x86_64/APKINDEX.tar.gz
Publisher-owned smoke (rust, amd64)	Build local worker without publishing	2026-10-09T12:42:18.4749329Z #7 1.067 (1/24) Installing libbrotlicommon1 (1.2.0-r5)
Publisher-owned smoke (rust, amd64)	Build local worker without publishing	2026-10-09T12:42:18.4749750Z #7 1.567 (2/24) Installing libbrotlidec1 (1.2.0-r5)
Publisher-owned smoke (rust, amd64)	Build local worker without publishing	2026-10-09T12:42:18.4750137Z #7 1.873 (3/24) Installing libbrotlienc1 (1.2.0-r5)
Publisher-owned smoke (rust, amd64)	Build local worker without publishing	2026-10-09T12:42:18.4750566Z #7 2.227 (4/24) Installing openssl-4.0-libcrypto (4.0.3-r5)
Publisher-owned smoke (rust, amd64)	Build local worker without publishing	2026-10-09T12:42:18.4750995Z #7 2.553 (5/24) Installing ca-certificates (20260909-r2)
Publisher-owned smoke (rust, amd64)	Build local worker without publishing	2026-10-09T12:42:18.4751395Z #7 2.883 (6/24) Installing libstdc++ (16.2.0-r1)
Publisher-owned smoke (rust, amd64)	Build local worker without publishing	2026-10-09T12:42:18.4751820Z #7 3.249 (7/24) Installing openssl-4.0-libssl (4.0.3-r5)
Publisher-owned smoke (rust, amd64)	Build local worker without publishing	2026-10-09T12:42:18.4752467Z #7 3.560 (8/24) Installing openssl-4.0 (4.0.3-r5)
Publisher-owned smoke (rust, amd64)	Build local worker without publishing	2026-10-09T12:42:18.4752869Z #7 3.904 (9/24) Installing py3-pip-wheel (26.2.1-r3)
Publisher-owned smoke (rust, amd64)	Build local worker without publishing	2026-10-09T12:42:18.4753256Z #7 4.210 (10/24) Installing libbz2-1 (1.0.8-r25)
Publisher-owned smoke (rust, amd64)	Build local worker without publishing	2026-10-09T12:42:18.4753946Z #7 4.478 (11/24) Installing libexpat1 (2.9.0-r0)
Publisher-owned smoke (rust, amd64)	Build local worker without publishing	2026-10-09T12:42:18.4754328Z #7 4.767 (12/24) Installing libffi (3.8.0-r1)
Publisher-owned smoke (rust, amd64)	Build local worker without publishing	2026-10-09T12:42:18.4754696Z #7 5.091 (13/24) Installing gdbm (1.26-r6)
Publisher-owned smoke (rust, amd64)	Build local worker without publishing	2026-10-09T12:42:18.4755055Z #7 5.396 (14/24) Installing xz (5.8.4-r0)
Publisher-owned smoke (rust, amd64)	Build local worker without publishing	2026-10-09T12:42:18.4755423Z #7 5.681 (15/24) Installing mpdecimal (4.0.1-r4)
Publisher-owned smoke (rust, amd64)	Build local worker without publishing	2026-10-09T12:42:18.4755858Z #7 5.966 (16/24) Installing ncurses-terminfo-base (6.6.20260926-r0)
Publisher-owned smoke (rust, amd64)	Build local worker without publishing	2026-10-09T12:42:18.4756304Z #7 6.251 (17/24) Installing ncurses (6.6.20260926-r0)
Publisher-owned smoke (rust, amd64)	Build local worker without publishing	2026-10-09T12:42:18.4756698Z #7 6.581 (18/24) Installing readline (8.3-r3)
Publisher-owned smoke (rust, amd64)	Build local worker without publishing	2026-10-09T12:42:18.4757085Z #7 6.910 (19/24) Installing sqlite-libs (3.53.4-r2)
Publisher-owned smoke (rust, amd64)	Build local worker without publishing	2026-10-09T12:42:18.4757476Z #7 7.205 (20/24) Installing libuuid (2.42.4-r0)
Publisher-owned smoke (rust, amd64)	Build local worker without publishing	2026-10-09T12:42:18.6906579Z #7 ...
Publisher-owned smoke (rust, amd64)	Build local worker without publishing	2026-10-09T12:42:18.6906815Z 
Publisher-owned smoke (rust, amd64)	Build local worker without publishing	2026-10-09T12:42:18.6907159Z #6 [builder  2/10] RUN apk add --no-cache rust build-base cmake perl pkgconf openssl-dev libseccomp-dev python-3.13
Publisher-owned smoke (rust, amd64)	Build local worker without publishing	2026-10-09T12:42:18.6907687Z #6 7.494 (10/68) Installing posix-cc-wrappers (2-r10)
Publisher-owned smoke (rust, amd64)	Build local worker without publishing	2026-10-09T12:42:19.0353095Z #6 7.839 (11/68) Installing libatomic (16.2.0-r1)
Publisher-owned smoke (rust, amd64)	Build local worker without publishing	2026-10-09T12:42:19.1227375Z #6 8.077 (12/68) Installing gmp (6.3.0-r10)
Publisher-owned smoke (rust, amd64)	Build local worker without publishing	2026-10-09T12:42:19.4904813Z #6 8.445 (13/68) Installing libgomp (16.2.0-r1)
Publisher-owned smoke (rust, amd64)	Build local worker without publishing	2026-10-09T12:42:19.7853156Z #6 8.739 (14/68) Installing isl (0.28-r3)
Publisher-owned smoke (rust, amd64)	Build local worker without publishing	2026-10-09T12:42:20.4393093Z #6 9.243 (15/68) Installing mpfr (4.2.2-r3)
Publisher-owned smoke (rust, amd64)	Build local worker without publishing	2026-10-09T12:42:20.7983697Z #6 9.602 (16/68) Installing mpc (1.4.1-r1)
Publisher-owned smoke (rust, amd64)	Build local worker without publishing	2026-10-09T12:42:21.3285198Z #6 10.28 (17/68) Installing gcc (16.2.0-r1)
Publisher-owned smoke (rust, amd64)	Build local worker without publishing	2026-10-09T12:42:23.6509076Z #6 ...
Publisher-owned smoke (rust, amd64)	Build local worker without publishing	2026-10-09T12:42:23.6509296Z 
Publisher-owned smoke (rust, amd64)	Build local worker without publishing	2026-10-09T12:42:23.6509629Z #7 [service 3/8] RUN apk add --no-cache python-3.13 setpriv libgcc libstdc++ openssl ca-certificates
Publisher-owned smoke (rust, amd64)	Build local worker without publishing	2026-10-09T12:42:23.6510212Z #7 7.579 (21/24) Installing python-3.13-base (3.13.16_git20261002-r3)
Publisher-owned smoke (rust, amd64)	Build local worker without publishing	2026-10-09T12:42:23.6510739Z #7 8.683 (22/24) Installing python-3.13 (3.13.16_git20261002-r3)
Publisher-owned smoke (rust, amd64)	Build local worker without publishing	2026-10-09T12:42:23.6511115Z #7 8.977 (23/24) Installing libcap-ng (0.9.6-r0)
Publisher-owned smoke (rust, amd64)	Build local worker without publishing	2026-10-09T12:42:23.6511402Z #7 9.280 (24/24) Installing setpriv (2.42.4-r0)
Publisher-owned smoke (rust, amd64)	Build local worker without publishing	2026-10-09T12:42:23.6511588Z #7 9.590 Executing busybox-1.38.0-r2.trigger
Publisher-owned smoke (rust, amd64)	Build local worker without publishing	2026-10-09T12:42:23.6511754Z #7 9.605 OK: 72 MiB in 40 packages
Publisher-owned smoke (rust, amd64)	Build local worker without publishing	2026-10-09T12:42:23.6511924Z #7 DONE 12.4s
Publisher-owned smoke (rust, amd64)	Build local worker without publishing	2026-10-09T12:42:23.8022379Z 
Publisher-owned smoke (rust, amd64)	Build local worker without publishing	2026-10-09T12:42:23.8022889Z #8 [service 4/8] WORKDIR /app
Publisher-owned smoke (rust, amd64)	Build local worker without publishing	2026-10-09T12:42:23.8207597Z #8 DONE 0.2s
Publisher-owned smoke (rust, amd64)	Build local worker without publishing	2026-10-09T12:42:23.8207831Z 
Publisher-owned smoke (rust, amd64)	Build local worker without publishing	2026-10-09T12:42:23.8208189Z #6 [builder  2/10] RUN apk add --no-cache rust build-base cmake perl pkgconf openssl-dev libseccomp-dev python-3.13
Publisher-owned smoke (rust, amd64)	Build local worker without publishing	2026-10-09T12:42:26.2314929Z #6 15.19 (18/68) Installing make (4.4.1-r15)
Publisher-owned smoke (rust, amd64)	Build local worker without publishing	2026-10-09T12:42:26.5063057Z #6 15.46 (19/68) Installing pkgconf (3.0.8-r0)
Publisher-owned smoke (rust, amd64)	Build local worker without publishing	2026-10-09T12:42:26.9599339Z #6 15.91 (20/68) Installing build-base (1-r10)
Publisher-owned smoke (rust, amd64)	Build local worker without publishing	2026-10-09T12:42:27.4077355Z #6 16.36 (21/68) Installing libacl1 (2.4.0-r4)
Publisher-owned smoke (rust, amd64)	Build local worker without publishing	2026-10-09T12:42:27.7032169Z #6 16.66 (22/68) Installing libbz2-1 (1.0.8-r25)
Publisher-owned smoke (rust, amd64)	Build local worker without publishing	2026-10-09T12:42:28.1001949Z #6 17.05 (23/68) Installing libbrotlicommon1 (1.2.0-r5)
Publisher-owned smoke (rust, amd64)	Build local worker without publishing	2026-10-09T12:42:28.3470421Z #6 17.30 (24/68) Installing libbrotlidec1 (1.2.0-r5)
Publisher-owned smoke (rust, amd64)	Build local worker without publishing	2026-10-09T12:42:28.7220087Z #6 17.68 (25/68) Installing libbrotlienc1 (1.2.0-r5)
Publisher-owned smoke (rust, amd64)	Build local worker without publishing	2026-10-09T12:42:28.9600361Z #6 17.91 (26/68) Installing openssl-4.0-libcrypto (4.0.3-r5)
Publisher-owned smoke (rust, amd64)	Build local worker without publishing	2026-10-09T12:42:29.2850754Z #6 18.24 (27/68) Installing libexpat1 (2.9.0-r0)
Publisher-owned smoke (rust, amd64)	Build local worker without publishing	2026-10-09T12:42:29.6334202Z #6 18.59 (28/68) Installing liblz4-1 (1.10.0-r10)
Publisher-owned smoke (rust, amd64)	Build local worker without publishing	2026-10-09T12:42:29.9088434Z #6 18.86 (29/68) Installing xz (5.8.4-r0)
Publisher-owned smoke (rust, amd64)	Build local worker without publishing	2026-10-09T12:42:30.1790984Z #6 19.13 (30/68) Installing libarchive (3.8.9-r3)
Publisher-owned smoke (rust, amd64)	Build local worker without publishing	2026-10-09T12:42:30.6897455Z #6 19.64 (31/68) Installing krb5-conf (1.0-r10)
Publisher-owned smoke (rust, amd64)	Build local worker without publishing	2026-10-09T12:42:30.9225663Z #6 19.88 (32/68) Installing libcom_err (1.47.4-r2)
Publisher-owned smoke (rust, amd64)	Build local worker without publishing	2026-10-09T12:42:31.4076431Z #6 20.36 (33/68) Installing keyutils-libs (1.6.3-r40)
Publisher-owned smoke (rust, amd64)	Build local worker without publishing	2026-10-09T12:42:31.7184804Z #6 20.67 (34/68) Installing openssl-4.0-libssl (4.0.3-r5)
Publisher-owned smoke (rust, amd64)	Build local worker without publishing	2026-10-09T12:42:32.2172623Z #6 21.17 (35/68) Installing libverto (0.3.2-r8)
Publisher-owned smoke (rust, amd64)	Build local worker without publishing	2026-10-09T12:42:32.6681303Z #6 21.62 (36/68) Installing krb5-libs (1.22.2-r5)
Publisher-owned smoke (rust, amd64)	Build local worker without publishing	2026-10-09T12:42:32.9346737Z #6 21.89 (37/68) Installing libunistring (1.4.2-r3)
Publisher-owned smoke (rust, amd64)	Build local worker without publishing	2026-10-09T12:42:33.2070184Z #6 22.16 (38/68) Installing libidn2 (2.3.8-r9)
Publisher-owned smoke (rust, amd64)	Build local worker without publishing	2026-10-09T12:42:33.4707575Z #6 22.42 (39/68) Installing gdbm (1.26-r6)
Publisher-owned smoke (rust, amd64)	Build local worker without publishing	2026-10-09T12:42:33.7086853Z #6 22.66 (40/68) Installing ncurses-terminfo-base (6.6.20260926-r0)
Publisher-owned smoke (rust, amd64)	Build local worker without publishing	2026-10-09T12:42:34.0349380Z #6 22.99 (41/68) Installing ncurses (6.6.20260926-r0)
Publisher-owned smoke (rust, amd64)	Build local worker without publishing	2026-10-09T12:42:34.4408793Z #6 23.40 (42/68) Installing readline (8.3-r3)
Publisher-owned smoke (rust, amd64)	Build local worker without publishing	2026-10-09T12:42:35.0096265Z #6 23.96 (43/68) Installing sqlite-libs (3.53.4-r2)
Publisher-owned smoke (rust, amd64)	Build local worker without publishing	2026-10-09T12:42:35.3867989Z #6 24.34 (44/68) Installing heimdal-libs (7.8.0-r52)
Publisher-owned smoke (rust, amd64)	Build local worker without publishing	2026-10-09T12:42:35.9700128Z #6 24.92 (45/68) Installing cyrus-sasl-heimdal-libs (2.1.28-r58)
Publisher-owned smoke (rust, amd64)	Build local worker without publishing	2026-10-09T12:42:36.2649967Z #6 25.22 (46/68) Installing libldap (2.6.10-r5)
Publisher-owned smoke (rust, amd64)	Build local worker without publishing	2026-10-09T12:42:36.6313818Z #6 25.59 (47/68) Installing libnghttp2-14 (1.70.0-r5)
Publisher-owned smoke (rust, amd64)	Build local worker without publishing	2026-10-09T12:42:37.0018813Z #6 25.96 (48/68) Installing nghttp3 (1.18.0-r1)
Publisher-owned smoke (rust, amd64)	Build local worker without publishing	2026-10-09T12:42:37.3080586Z #6 26.26 (49/68) Installing ngtcp2 (1.25.0-r5)
Publisher-owned smoke (rust, amd64)	Build local worker without publishing	2026-10-09T12:42:37.5815498Z #6 26.54 (50/68) Installing libpsl (0.23.3-r1)
Publisher-owned smoke (rust, amd64)	Build local worker without publishing	2026-10-09T12:42:37.9376800Z #6 26.89 (51/68) Installing libcurl-openssl4 (8.22.0-r4)
Publisher-owned smoke (rust, amd64)	Build local worker without publishing	2026-10-09T12:42:38.2435269Z #6 27.20 (52/68) Installing jsoncpp (1.9.8-r3)
Publisher-owned smoke (rust, amd64)	Build local worker without publishing	2026-10-09T12:42:38.5214450Z #6 27.48 (53/68) Installing librhash0 (1.4.6-r8)
Publisher-owned smoke (rust, amd64)	Build local worker without publishing	2026-10-09T12:42:38.9679077Z #6 27.92 (54/68) Installing libuv (1.53.0-r0)
Publisher-owned smoke (rust, amd64)	Build local worker without publishing	2026-10-09T12:42:39.3258089Z #6 28.28 (55/68) Installing cmake (4.4.4-r0)
Publisher-owned smoke (rust, amd64)	Build local worker without publishing	2026-10-09T12:42:40.3086378Z #6 29.26 (56/68) Installing libseccomp (2.6.1-r1)
Publisher-owned smoke (rust, amd64)	Build local worker without publishing	2026-10-09T12:42:40.5575928Z #6 29.51 (57/68) Installing libseccomp-dev (2.6.1-r1)
Publisher-owned smoke (rust, amd64)	Build local worker without publishing	2026-10-09T12:42:40.8195111Z #6 29.77 (58/68) Installing openssl-4.0-dev (4.0.3-r5)
Publisher-owned smoke (rust, amd64)	Build local worker without publishing	2026-10-09T12:42:41.9000750Z #6 30.85 (59/68) Installing perl (5.44.0-r1)
Publisher-owned smoke (rust, amd64)	Build local worker without publishing	2026-10-09T12:42:42.9243016Z #6 31.88 (60/68) Installing py3-pip-wheel (26.2.1-r3)
Publisher-owned smoke (rust, amd64)	Build local worker without publishing	2026-10-09T12:42:43.2160895Z #6 32.17 (61/68) Installing libffi (3.8.0-r1)
Publisher-owned smoke (rust, amd64)	Build local worker without publishing	2026-10-09T12:42:43.5273200Z #6 32.48 (62/68) Installing mpdecimal (4.0.1-r4)
Publisher-owned smoke (rust, amd64)	Build local worker without publishing	2026-10-09T12:42:43.8193935Z #6 32.77 (63/68) Installing libuuid (2.42.4-r0)
Publisher-owned smoke (rust, amd64)	Build local worker without publishing	2026-10-09T12:42:44.0498205Z #6 33.00 (64/68) Installing python-3.13-base (3.13.16_git20261002-r3)
Publisher-owned smoke (rust, amd64)	Build local worker without publishing	2026-10-09T12:42:45.8475044Z #6 34.80 (65/68) Installing python-3.13 (3.13.16_git20261002-r3)
Publisher-owned smoke (rust, amd64)	Build local worker without publishing	2026-10-09T12:42:46.1919867Z #6 35.15 (66/68) Installing libxml2 (2.15.0-r0)
Publisher-owned smoke (rust, amd64)	Build local worker without publishing	2026-10-09T12:42:46.4373547Z #6 35.39 (67/68) Installing libLLVM-22 (22.1.8-r4)
Publisher-owned smoke (rust, amd64)	Build local worker without publishing	2026-10-09T12:42:48.2887291Z #6 37.24 (68/68) Installing rust-1.99 (1.99.0-r1)
Publisher-owned smoke (rust, amd64)	Build local worker without publishing	2026-10-09T12:42:50.3089649Z #6 39.26 Executing busybox-1.38.0-r2.trigger
Publisher-owned smoke (rust, amd64)	Build local worker without publishing	2026-10-09T12:42:51.0170057Z #6 39.97 OK: 1298 MiB in 84 packages
Publisher-owned smoke (rust, amd64)	Build local worker without publishing	2026-10-09T12:42:59.7542755Z #6 DONE 48.7s
Publisher-owned smoke (rust, amd64)	Build local worker without publishing	2026-10-09T12:42:59.9358786Z 
Publisher-owned smoke (rust, amd64)	Build local worker without publishing	2026-10-09T12:42:59.9359350Z #9 [builder  3/10] WORKDIR /src
Publisher-owned smoke (rust, amd64)	Build local worker without publishing	2026-10-09T12:42:59.9359653Z #9 DONE 0.0s
Publisher-owned smoke (rust, amd64)	Build local worker without publishing	2026-10-09T12:42:59.9360106Z 
Publisher-owned smoke (rust, amd64)	Build local worker without publishing	2026-10-09T12:42:59.9360266Z #10 [builder  4/10] COPY .cargo/ .cargo/
Publisher-owned smoke (rust, amd64)	Build local worker without publishing	2026-10-09T12:42:59.9360465Z #10 DONE 0.0s
Publisher-owned smoke (rust, amd64)	Build local worker without publishing	2026-10-09T12:42:59.9360538Z 
Publisher-owned smoke (rust, amd64)	Build local worker without publishing	2026-10-09T12:43:00.1148276Z #11 [builder  5/10] COPY litellm-rust/ litellm-rust/
Publisher-owned smoke (rust, amd64)	Build local worker without publishing	2026-10-09T12:43:00.1148677Z #11 DONE 0.3s
Publisher-owned smoke (rust, amd64)	Build local worker without publishing	2026-10-09T12:43:00.2836952Z 
Publisher-owned smoke (rust, amd64)	Build local worker without publishing	2026-10-09T12:43:00.2853016Z #12 [builder  6/10] COPY litellm/proxy/lens/prompts/ litellm/proxy/lens/prompts/
Publisher-owned smoke (rust, amd64)	Build local worker without publishing	2026-10-09T12:43:00.2853410Z #12 DONE 0.0s
Publisher-owned smoke (rust, amd64)	Build local worker without publishing	2026-10-09T12:43:00.2853843Z 
Publisher-owned smoke (rust, amd64)	Build local worker without publishing	2026-10-09T12:43:00.2854048Z #13 [builder  7/10] WORKDIR /src/litellm-rust
Publisher-owned smoke (rust, amd64)	Build local worker without publishing	2026-10-09T12:43:00.2854289Z #13 DONE 0.0s
Publisher-owned smoke (rust, amd64)	Build local worker without publishing	2026-10-09T12:43:00.2854396Z 
Publisher-owned smoke (rust, amd64)	Build local worker without publishing	2026-10-09T12:43:00.2854639Z #14 [builder  8/10] RUN cargo build --locked --release -p litellm-lens
Publisher-owned smoke (rust, amd64)	Build local worker without publishing	2026-10-09T12:43:00.3202135Z #14 0.187     Updating crates.io index
Publisher-owned smoke (rust, amd64)	Build local worker without publishing	2026-10-09T12:43:05.7821014Z #14 5.649  Downloading crates ...
Publisher-owned smoke (rust, amd64)	Build local worker without publishing	2026-10-09T12:43:05.8849805Z #14 5.702   Downloaded atomic-waker v1.1.2
Publisher-owned smoke (rust, amd64)	Build local worker without publishing	2026-10-09T12:43:05.8850456Z #14 5.704   Downloaded atoi v2.0.0
Publisher-owned smoke (rust, amd64)	Build local worker without publishing	2026-10-09T12:43:05.8851127Z #14 5.719   Downloaded autocfg v1.5.1
Publisher-owned smoke (rust, amd64)	Build local worker without publishing	2026-10-09T12:43:05.8851605Z #14 5.733   Downloaded base64 v0.22.1
Publisher-owned smoke (rust, amd64)	Build local worker without publishing	2026-10-09T12:43:05.8852473Z #14 5.746   Downloaded bitflags v2.13.1
Publisher-owned smoke (rust, amd64)	Build local worker without publishing	2026-10-09T12:43:05.8852894Z #14 5.752   Downloaded borrow-or-share v0.2.4
Publisher-owned smoke (rust, amd64)	Build local worker without publishing	2026-10-09T12:43:05.9905847Z #14 5.770   Downloaded cfg_aliases v0.2.2
Publisher-owned smoke (rust, amd64)	Build local worker without publishing	2026-10-09T12:43:05.9907074Z #14 5.772   Downloaded bytes v1.12.1
Publisher-owned smoke (rust, amd64)	Build local worker without publishing	2026-10-09T12:43:05.9907609Z #14 5.785   Downloaded cmov v0.5.4
Publisher-owned smoke (rust, amd64)	Build local worker without publishing	2026-10-09T12:43:05.9908003Z #14 5.788   Downloaded cpufeatures v0.3.0
Publisher-owned smoke (rust, amd64)	Build local worker without publishing	2026-10-09T12:43:05.9908449Z #14 5.803   Downloaded crossbeam-channel v0.5.17
Publisher-owned smoke (rust, amd64)	Build local worker without publishing	2026-10-09T12:43:05.9909228Z #14 5.807   Downloaded crc32fast v1.5.1
Publisher-owned smoke (rust, amd64)	Build local worker without publishing	2026-10-09T12:43:05.9909625Z #14 5.818   Downloaded crypto-common v0.2.2
Publisher-owned smoke (rust, amd64)	Build local worker without publishing	2026-10-09T12:43:05.9910025Z #14 5.822   Downloaded darling_core v0.21.3
Publisher-owned smoke (rust, amd64)	Build local worker without publishing	2026-10-09T12:43:05.9910454Z #14 5.833   Downloaded deranged v0.5.8
Publisher-owned smoke (rust, amd64)	Build local worker without publishing	2026-10-09T12:43:05.9910849Z #14 5.839   Downloaded displaydoc v0.2.6
Publisher-owned smoke (rust, amd64)	Build local worker without publishing	2026-10-09T12:43:05.9911244Z #14 5.848   Downloaded either v1.16.0
Publisher-owned smoke (rust, amd64)	Build local worker without publishing	2026-10-09T12:43:05.9911617Z #14 5.858   Downloaded equivalent v1.0.2
Publisher-owned smoke (rust, amd64)	Build local worker without publishing	2026-10-09T12:43:06.0974754Z #14 5.864   Downloaded event-listener-strategy v0.5.4
Publisher-owned smoke (rust, amd64)	Build local worker without publishing	2026-10-09T12:43:06.0975281Z #14 5.875   Downloaded find-msvc-tools v0.1.9
Publisher-owned smoke (rust, amd64)	Build local worker without publishing	2026-10-09T12:43:06.0975704Z #14 5.881   Downloaded flume v0.12.0
Publisher-owned smoke (rust, amd64)	Build local worker without publishing	2026-10-09T12:43:06.0983174Z #14 5.891   Downloaded form_urlencoded v1.2.2
Publisher-owned smoke (rust, amd64)	Build local worker without publishing	2026-10-09T12:43:06.0983703Z #14 5.895   Downloaded futures-core v0.3.33
Publisher-owned smoke (rust, amd64)	Build local worker without publishing	2026-10-09T12:43:06.0984135Z #14 5.906   Downloaded futures-io v0.3.33
Publisher-owned smoke (rust, amd64)	Build local worker without publishing	2026-10-09T12:43:06.0984512Z #14 5.910   Downloaded futures-task v0.3.33
Publisher-owned smoke (rust, amd64)	Build local worker without publishing	2026-10-09T12:43:06.0984957Z #14 5.921   Downloaded getrandom v0.2.17
Publisher-owned smoke (rust, amd64)	Build local worker without publishing	2026-10-09T12:43:06.0985337Z #14 5.936   Downloaded h2 v0.4.15
Publisher-owned smoke (rust, amd64)	Build local worker without publishing	2026-10-09T12:43:06.0985704Z #14 5.949   Downloaded hashbrown v0.17.1
Publisher-owned smoke (rust, amd64)	Build local worker without publishing	2026-10-09T12:43:06.0986401Z #14 5.955   Downloaded hex v0.4.3
Publisher-owned smoke (rust, amd64)	Build local worker without publishing	2026-10-09T12:43:06.0986775Z #14 5.965   Downloaded hmac v0.13.0
Publisher-owned smoke (rust, amd64)	Build local worker without publishing	2026-10-09T12:43:06.2109146Z #14 5.968   Downloaded http-body-util v0.1.4
Publisher-owned smoke (rust, amd64)	Build local worker without publishing	2026-10-09T12:43:06.2110370Z #14 5.980   Downloaded hybrid-array v0.4.13
Publisher-owned smoke (rust, amd64)	Build local worker without publishing	2026-10-09T12:43:06.2111068Z #14 5.983   Downloaded hyper-timeout v0.5.2
Publisher-owned smoke (rust, amd64)	Build local worker without publishing	2026-10-09T12:43:06.2111519Z #14 5.996   Downloaded icu_collections v2.2.0
Publisher-owned smoke (rust, amd64)	Build local worker without publishing	2026-10-09T12:43:06.2112005Z #14 6.003   Downloaded icu_normalizer_data v2.2.0
Publisher-owned smoke (rust, amd64)	Build local worker without publishing	2026-10-09T12:43:06.2112599Z #14 6.013   Downloaded icu_provider v2.2.0
Publisher-owned smoke (rust, amd64)	Build local worker without publishing	2026-10-09T12:43:06.2113004Z #14 6.015   Downloaded idna_adapter v1.2.2
Publisher-owned smoke (rust, amd64)	Build local worker without publishing	2026-10-09T12:43:06.2113386Z #14 6.029   Downloaded ipnet v2.12.0
Publisher-owned smoke (rust, amd64)	Build local worker without publishing	2026-10-09T12:43:06.2113770Z #14 6.044   Downloaded lazy_static v1.5.0
Publisher-owned smoke (rust, amd64)	Build local worker without publishing	2026-10-09T12:43:06.2114170Z #14 6.056   Downloaded jsonschema v0.55.1
Publisher-owned smoke (rust, amd64)	Build local worker without publishing	2026-10-09T12:43:06.2114600Z #14 6.078   Downloaded log v0.4.33
Publisher-owned smoke (rust, amd64)	Build local worker without publishing	2026-10-09T12:43:06.3137562Z #14 6.087   Downloaded macro_rules_attribute-proc_macro v0.2.3
Publisher-owned smoke (rust, amd64)	Build local worker without publishing	2026-10-09T12:43:06.3153300Z #14 6.102   Downloaded memchr v2.8.3
Publisher-owned smoke (rust, amd64)	Build local worker without publishing	2026-10-09T12:43:06.3153624Z #14 6.117   Downloaded mime_guess v2.0.5
Publisher-owned smoke (rust, amd64)	Build local worker without publishing	2026-10-09T12:43:06.3153934Z #14 6.120   Downloaded linux-raw-sys v0.12.1
Publisher-owned smoke (rust, amd64)	Build local worker without publishing	2026-10-09T12:43:06.3154247Z #14 6.180   Downloaded num-bigint v0.4.8
Publisher-owned smoke (rust, amd64)	Build local worker without publishing	2026-10-09T12:43:06.4323925Z #14 6.186   Downloaded moka v0.12.16
Publisher-owned smoke (rust, amd64)	Build local worker without publishing	2026-10-09T12:43:06.4324668Z #14 6.195   Downloaded num-conv v0.2.2
Publisher-owned smoke (rust, amd64)	Build local worker without publishing	2026-10-09T12:43:06.4325144Z #14 6.196   Downloaded num-rational v0.4.2
Publisher-owned smoke (rust, amd64)	Build local worker without publishing	2026-10-09T12:43:06.4325557Z #14 6.197   Downloaded openssl-probe v0.2.1
Publisher-owned smoke (rust, amd64)	Build local worker without publishing	2026-10-09T12:43:06.4325990Z #14 6.199   Downloaded opentelemetry_sdk v0.33.0
Publisher-owned smoke (rust, amd64)	Build local worker without publishing	2026-10-09T12:43:06.4326413Z #14 6.208   Downloaded parking_lot v0.12.5
Publisher-owned smoke (rust, amd64)	Build local worker without publishing	2026-10-09T12:43:06.4326812Z #14 6.211   Downloaded percent-encoding v2.3.2
Publisher-owned smoke (rust, amd64)	Build local worker without publishing	2026-10-09T12:43:06.4327245Z #14 6.212   Downloaded pin-project-lite v0.2.17
Publisher-owned smoke (rust, amd64)	Build local worker without publishing	2026-10-09T12:43:06.4327650Z #14 6.219   Downloaded potential_utf v0.1.5
Publisher-owned smoke (rust, amd64)	Build local worker without publishing	2026-10-09T12:43:06.4328045Z #14 6.221   Downloaded proc-macro2 v1.0.107
Publisher-owned smoke (rust, amd64)	Build local worker without publishing	2026-10-09T12:43:06.4328451Z #14 6.224   Downloaded prettyplease v0.2.37
Publisher-owned smoke (rust, amd64)	Build local worker without publishing	2026-10-09T12:43:06.4328839Z #14 6.233   Downloaded quinn-proto v0.11.16
Publisher-owned smoke (rust, amd64)	Build local worker without publishing	2026-10-09T12:43:06.4329216Z #14 6.239   Downloaded rand v0.8.7
Publisher-owned smoke (rust, amd64)	Build local worker without publishing	2026-10-09T12:43:06.4329607Z #14 6.248   Downloaded rand_chacha v0.3.1
Publisher-owned smoke (rust, amd64)	Build local worker without publishing	2026-10-09T12:43:06.4330000Z #14 6.250   Downloaded rand_chacha v0.9.0
Publisher-owned smoke (rust, amd64)	Build local worker without publishing	2026-10-09T12:43:06.4330632Z #14 6.263   Downloaded rand_xorshift v0.4.0
Publisher-owned smoke (rust, amd64)	Build local worker without publishing	2026-10-09T12:43:06.4331030Z #14 6.266   Downloaded referencing v0.55.1
Publisher-owned smoke (rust, amd64)	Build local worker without publishing	2026-10-09T12:43:06.4331412Z #14 6.279   Downloaded regex-syntax v0.8.11
Publisher-owned smoke (rust, amd64)	Build local worker without publishing	2026-10-09T12:43:06.4331800Z #14 6.299   Downloaded rustls v0.23.42
Publisher-owned smoke (rust, amd64)	Build local worker without publishing	2026-10-09T12:43:06.5339465Z #14 6.312   Downloaded ring v0.17.14
Publisher-owned smoke (rust, amd64)	Build local worker without publishing	2026-10-09T12:43:06.5340062Z #14 6.354   Downloaded rustls-webpki v0.103.13
Publisher-owned smoke (rust, amd64)	Build local worker without publishing	2026-10-09T12:43:06.5340580Z #14 6.357   Downloaded schemars v0.9.0
Publisher-owned smoke (rust, amd64)	Build local worker without publishing	2026-10-09T12:43:06.5341023Z #14 6.374   Downloaded scopeguard v1.2.0
Publisher-owned smoke (rust, amd64)	Build local worker without publishing	2026-10-09T12:43:06.5341412Z #14 6.375   Downloaded serde_core v1.0.229
Publisher-owned smoke (rust, amd64)	Build local worker without publishing	2026-10-09T12:43:06.5341795Z #14 6.378   Downloaded serde_json v1.0.150
Publisher-owned smoke (rust, amd64)	Build local worker without publishing	2026-10-09T12:43:06.5347630Z #14 6.387   Downloaded serde_with v3.16.1
Publisher-owned smoke (rust, amd64)	Build local worker without publishing	2026-10-09T12:43:06.5348328Z #14 6.401   Downloaded sha1 v0.11.0
Publisher-owned smoke (rust, amd64)	Build local worker without publishing	2026-10-09T12:43:06.6359368Z #14 6.404   Downloaded sharded-slab v0.1.7
Publisher-owned smoke (rust, amd64)	Build local worker without publishing	2026-10-09T12:43:06.6360562Z #14 6.407   Downloaded simd-adler32 v0.3.10
Publisher-owned smoke (rust, amd64)	Build local worker without publishing	2026-10-09T12:43:06.6361209Z #14 6.409   Downloaded socket2 v0.6.5
Publisher-owned smoke (rust, amd64)	Build local worker without publishing	2026-10-09T12:43:06.6361581Z #14 6.411   Downloaded sqlx-mysql v0.9.0
Publisher-owned smoke (rust, amd64)	Build local worker without publishing	2026-10-09T12:43:06.6361955Z #14 6.418   Downloaded sqlx-core v0.9.0
Publisher-owned smoke (rust, amd64)	Build local worker without publishing	2026-10-09T12:43:06.6362576Z #14 6.429   Downloaded stable_deref_trait v1.2.1
Publisher-owned smoke (rust, amd64)	Build local worker without publishing	2026-10-09T12:43:06.6362972Z #14 6.432   Downloaded strum v0.28.0
Publisher-owned smoke (rust, amd64)	Build local worker without publishing	2026-10-09T12:43:06.6363333Z #14 6.432   Downloaded syn v2.0.119
Publisher-owned smoke (rust, amd64)	Build local worker without publishing	2026-10-09T12:43:06.6363699Z #14 6.442   Downloaded synstructure v0.13.2
Publisher-owned smoke (rust, amd64)	Build local worker without publishing	2026-10-09T12:43:06.6364074Z #14 6.443   Downloaded thiserror v1.0.69
Publisher-owned smoke (rust, amd64)	Build local worker without publishing	2026-10-09T12:43:06.6364453Z #14 6.450   Downloaded thiserror-impl v2.0.19
Publisher-owned smoke (rust, amd64)	Build local worker without publishing	2026-10-09T12:43:06.6364837Z #14 6.457   Downloaded time-core v0.1.9
Publisher-owned smoke (rust, amd64)	Build local worker without publishing	2026-10-09T12:43:06.6365453Z #14 6.463   Downloaded tinyvec v1.12.0
Publisher-owned smoke (rust, amd64)	Build local worker without publishing	2026-10-09T12:43:06.6365822Z #14 6.473   Downloaded tokio-macros v2.7.1
Publisher-owned smoke (rust, amd64)	Build local worker without publishing	2026-10-09T12:43:06.6366211Z #14 6.479   Downloaded tokio-tungstenite v0.24.0
Publisher-owned smoke (rust, amd64)	Build local worker without publishing	2026-10-09T12:43:06.6366613Z #14 6.487   Downloaded tonic-prost v0.14.6
Publisher-owned smoke (rust, amd64)	Build local worker without publishing	2026-10-09T12:43:06.6366987Z #14 6.494   Downloaded tower-layer v0.3.3
Publisher-owned smoke (rust, amd64)	Build local worker without publishing	2026-10-09T12:43:06.6367388Z #14 6.503   Downloaded tracing-attributes v0.1.31
Publisher-owned smoke (rust, amd64)	Build local worker without publishing	2026-10-09T12:43:06.7392371Z #14 6.509   Downloaded try-lock v0.2.5
Publisher-owned smoke (rust, amd64)	Build local worker without publishing	2026-10-09T12:43:06.7393513Z #14 6.520   Downloaded typify v0.6.1
Publisher-owned smoke (rust, amd64)	Build local worker without publishing	2026-10-09T12:43:06.7394055Z #14 6.525   Downloaded unicase v2.9.0
Publisher-owned smoke (rust, amd64)	Build local worker without publishing	2026-10-09T12:43:06.7394480Z #14 6.537   Downloaded unicode-general-category v1.1.0
Publisher-owned smoke (rust, amd64)	Build local worker without publishing	2026-10-09T12:43:06.7394918Z #14 6.540   Downloaded unicode-properties v0.1.4
Publisher-owned smoke (rust, amd64)	Build local worker without publishing	2026-10-09T12:43:06.7395331Z #14 6.552   Downloaded utf-8 v0.7.6
Publisher-owned smoke (rust, amd64)	Build local worker without publishing	2026-10-09T12:43:06.7395689Z #14 6.556   Downloaded uuid-simd v0.8.0
Publisher-owned smoke (rust, amd64)	Build local worker without publishing	2026-10-09T12:43:06.7396057Z #14 6.569   Downloaded veil-macros v0.3.0
Publisher-owned smoke (rust, amd64)	Build local worker without publishing	2026-10-09T12:43:06.7396424Z #14 6.572   Downloaded want v0.3.1
Publisher-owned smoke (rust, amd64)	Build local worker without publishing	2026-10-09T12:43:06.7400351Z #14 6.585   Downloaded winnow v1.0.4
Publisher-owned smoke (rust, amd64)	Build local worker without publishing	2026-10-09T12:43:06.7400735Z #14 6.595   Downloaded yoke-derive v0.8.2
Publisher-owned smoke (rust, amd64)	Build local worker without publishing	2026-10-09T12:43:06.7401126Z #14 6.600   Downloaded zerofrom-derive v0.1.7
Publisher-owned smoke (rust, amd64)	Build local worker without publishing	2026-10-09T12:43:06.7401506Z #14 6.606   Downloaded zerovec v0.11.6
Publisher-owned smoke (rust, amd64)	Build local worker without publishing	2026-10-09T12:43:06.8421739Z #14 6.615   Downloaded zmij v1.0.23
Publisher-owned smoke (rust, amd64)	Build local worker without publishing	2026-10-09T12:43:06.8423308Z #14 6.623   Downloaded aho-corasick v1.1.5
Publisher-owned smoke (rust, amd64)	Build local worker without publishing	2026-10-09T12:43:06.8423910Z #14 6.630   Downloaded askama v0.16.1
Publisher-owned smoke (rust, amd64)	Build local worker without publishing	2026-10-09T12:43:06.8424299Z #14 6.639   Downloaded askama_parser v0.16.1
Publisher-owned smoke (rust, amd64)	Build local worker without publishing	2026-10-09T12:43:06.8424676Z #14 6.647   Downloaded axum v0.8.9
Publisher-owned smoke (rust, amd64)	Build local worker without publishing	2026-10-09T12:43:06.8425032Z #14 6.656   Downloaded bit-vec v0.8.0
Publisher-owned smoke (rust, amd64)	Build local worker without publishing	2026-10-09T12:43:06.8425394Z #14 6.663   Downloaded bytecount v0.6.9
Publisher-owned smoke (rust, amd64)	Build local worker without publishing	2026-10-09T12:43:06.8425760Z #14 6.670   Downloaded cfg-if v1.0.4
Publisher-owned smoke (rust, amd64)	Build local worker without publishing	2026-10-09T12:43:06.8426141Z #14 6.679   Downloaded const-hex v1.19.3
Publisher-owned smoke (rust, amd64)	Build local worker without publishing	2026-10-09T12:43:06.8426533Z #14 6.684   Downloaded crc-catalog v2.5.0
Publisher-owned smoke (rust, amd64)	Build local worker without publishing	2026-10-09T12:43:06.8426938Z #14 6.694   Downloaded crossbeam-utils v0.8.22
Publisher-owned smoke (rust, amd64)	Build local worker without publishing	2026-10-09T12:43:06.8427372Z #14 6.700   Downloaded darling v0.21.3
Publisher-owned smoke (rust, amd64)	Build local worker without publishing	2026-10-09T12:43:06.8427733Z #14 6.709   Downloaded digest v0.10.7
Publisher-owned smoke (rust, amd64)	Build local worker without publishing	2026-10-09T12:43:06.9471624Z #14 6.715   Downloaded dyn-clone v1.0.20
Publisher-owned smoke (rust, amd64)	Build local worker without publishing	2026-10-09T12:43:06.9483173Z #14 6.724   Downloaded errno v0.3.14
Publisher-owned smoke (rust, amd64)	Build local worker without publishing	2026-10-09T12:43:06.9484125Z #14 6.734   Downloaded fastrand v2.5.0
Publisher-owned smoke (rust, amd64)	Build local worker without publishing	2026-10-09T12:43:06.9484529Z #14 6.739   Downloaded fnv v1.0.7
Publisher-owned smoke (rust, amd64)	Build local worker without publishing	2026-10-09T12:43:06.9484941Z #14 6.751   Downloaded futures-channel v0.3.33
Publisher-owned smoke (rust, amd64)	Build local worker without publishing	2026-10-09T12:43:06.9485367Z #14 6.753   Downloaded futures-macro v0.3.33
Publisher-owned smoke (rust, amd64)	Build local worker without publishing	2026-10-09T12:43:06.9485784Z #14 6.767   Downloaded generic-array v0.14.7
Publisher-owned smoke (rust, amd64)	Build local worker without publishing	2026-10-09T12:43:06.9486194Z #14 6.770   Downloaded hashbrown v0.12.3
Publisher-owned smoke (rust, amd64)	Build local worker without publishing	2026-10-09T12:43:06.9486594Z #14 6.782   Downloaded heck v0.5.0
Publisher-owned smoke (rust, amd64)	Build local worker without publishing	2026-10-09T12:43:06.9486970Z #14 6.787   Downloaded http v1.4.2
Publisher-owned smoke (rust, amd64)	Build local worker without publishing	2026-10-09T12:43:06.9487431Z #14 6.797   Downloaded httpdate v1.0.3
Publisher-owned smoke (rust, amd64)	Build local worker without publishing	2026-10-09T12:43:06.9487830Z #14 6.805   Downloaded hyper-util v0.1.20
Publisher-owned smoke (rust, amd64)	Build local worker without publishing	2026-10-09T12:43:06.9488259Z #14 6.814   Downloaded icu_normalizer v2.2.0
Publisher-owned smoke (rust, amd64)	Build local worker without publishing	2026-10-09T12:43:07.0537196Z #14 6.820   Downloaded ident_case v1.0.1
Publisher-owned smoke (rust, amd64)	Build local worker without publishing	2026-10-09T12:43:07.0539878Z #14 6.831   Downloaded indexmap v2.14.0
Publisher-owned smoke (rust, amd64)	Build local worker without publishing	2026-10-09T12:43:07.0540168Z #14 6.836   Downloaded jsonschema-regex v0.55.1
Publisher-owned smoke (rust, amd64)	Build local worker without publishing	2026-10-09T12:43:07.0540433Z #14 6.852   Downloaded lru-slab v0.1.2
Publisher-owned smoke (rust, amd64)	Build local worker without publishing	2026-10-09T12:43:07.0540704Z #14 6.868   Downloaded md-5 v0.11.0
Publisher-owned smoke (rust, amd64)	Build local worker without publishing	2026-10-09T12:43:07.0540941Z #14 6.871   Downloaded libsqlite3-sys v0.37.0
Publisher-owned smoke (rust, amd64)	Build local worker without publishing	2026-10-09T12:43:07.0541190Z #14 6.921   Downloaded miniz_oxide v0.9.1
Publisher-owned smoke (rust, amd64)	Build local worker without publishing	2026-10-09T12:43:07.1538471Z #14 6.924   Downloaded num v0.4.3
Publisher-owned smoke (rust, amd64)	Build local worker without publishing	2026-10-09T12:43:07.1539092Z #14 6.925   Downloaded num-integer v0.1.46
Publisher-owned smoke (rust, amd64)	Build local worker without publishing	2026-10-09T12:43:07.1539737Z #14 6.927   Downloaded once_cell v1.21.4
Publisher-owned smoke (rust, amd64)	Build local worker without publishing	2026-10-09T12:43:07.1540186Z #14 6.930   Downloaded outref v0.5.2
Publisher-owned smoke (rust, amd64)	Build local worker without publishing	2026-10-09T12:43:07.1540776Z #14 6.931   Downloaded pastey v0.2.3
Publisher-owned smoke (rust, amd64)	Build local worker without publishing	2026-10-09T12:43:07.1541200Z #14 6.932   Downloaded pkg-config v0.3.33
Publisher-owned smoke (rust, amd64)	Build local worker without publishing	2026-10-09T12:43:07.1541825Z #14 6.934   Downloaded ppv-lite86 v0.2.21
Publisher-owned smoke (rust, amd64)	Build local worker without publishing	2026-10-09T12:43:07.1542702Z #14 6.945   Downloaded prost-derive v0.14.4
Publisher-owned smoke (rust, amd64)	Build local worker without publishing	2026-10-09T12:43:07.1543365Z #14 6.951   Downloaded quote v1.0.47
Publisher-owned smoke (rust, amd64)	Build local worker without publishing	2026-10-09T12:43:07.1543763Z #14 6.959   Downloaded rand_core v0.6.4
Publisher-owned smoke (rust, amd64)	Build local worker without publishing	2026-10-09T12:43:07.1544327Z #14 6.967   Downloaded rand_pcg v0.10.2
Publisher-owned smoke (rust, amd64)	Build local worker without publishing	2026-10-09T12:43:07.1544748Z #14 6.976   Downloaded regex v1.13.1
Publisher-owned smoke (rust, amd64)	Build local worker without publishing	2026-10-09T12:43:07.1545322Z #14 6.983   Downloaded reqwest v0.12.28
Publisher-owned smoke (rust, amd64)	Build local worker without publishing	2026-10-09T12:43:07.1546493Z #14 6.991   Downloaded rustls-native-certs v0.8.4
Publisher-owned smoke (rust, amd64)	Build local worker without publishing	2026-10-09T12:43:07.1546969Z #14 6.999   Downloaded schemars v0.8.22
Publisher-owned smoke (rust, amd64)	Build local worker without publishing	2026-10-09T12:43:07.1547537Z #14 7.014   Downloaded semver v1.0.28
Publisher-owned smoke (rust, amd64)	Build local worker without publishing	2026-10-09T12:43:07.1547957Z #14 7.017   Downloaded serde_derive_internals v0.29.1
Publisher-owned smoke (rust, amd64)	Build local worker without publishing	2026-10-09T12:43:07.1548572Z #14 7.021   Downloaded serde_with_macros v3.16.1
Publisher-owned smoke (rust, amd64)	Build local worker without publishing	2026-10-09T12:43:07.2627771Z #14 7.033   Downloaded sha2 v0.11.0
Publisher-owned smoke (rust, amd64)	Build local worker without publishing	2026-10-09T12:43:07.2632371Z #14 7.037   Downloaded slab v0.4.12
Publisher-owned smoke (rust, amd64)	Build local worker without publishing	2026-10-09T12:43:07.2633855Z #14 7.050   Downloaded sqlx v0.9.0
Publisher-owned smoke (rust, amd64)	Build local worker without publishing	2026-10-09T12:43:07.2634083Z #14 7.068   Downloaded sqlx-postgres v0.9.0
Publisher-owned smoke (rust, amd64)	Build local worker without publishing	2026-10-09T12:43:07.2634335Z #14 7.078   Downloaded strsim v0.11.1
Publisher-owned smoke (rust, amd64)	Build local worker without publishing	2026-10-09T12:43:07.2634547Z #14 7.079   Downloaded syn v3.0.6
Publisher-owned smoke (rust, amd64)	Build local worker without publishing	2026-10-09T12:43:07.2634762Z #14 7.090   Downloaded tempfile v3.27.0
Publisher-owned smoke (rust, amd64)	Build local worker without publishing	2026-10-09T12:43:07.2635004Z #14 7.093   Downloaded thread_local v1.1.10
Publisher-owned smoke (rust, amd64)	Build local worker without publishing	2026-10-09T12:43:07.2635262Z #14 7.096   Downloaded tinystr v0.8.3
Publisher-owned smoke (rust, amd64)	Build local worker without publishing	2026-10-09T12:43:07.2635493Z #14 7.100   Downloaded tokio-rustls v0.26.4
Publisher-owned smoke (rust, amd64)	Build local worker without publishing	2026-10-09T12:43:07.2635734Z #14 7.114   Downloaded tower-service v0.3.3
Publisher-owned smoke (rust, amd64)	Build local worker without publishing	2026-10-09T12:43:07.2635968Z #14 7.115   Downloaded tonic v0.14.6
Publisher-owned smoke (rust, amd64)	Build local worker without publishing	2026-10-09T12:43:07.2636197Z #14 7.130   Downloaded typenum v1.20.1
Publisher-owned smoke (rust, amd64)	Build local worker without publishing	2026-10-09T12:43:07.3714415Z #14 7.134   Downloaded tracing-subscriber v0.3.23
Publisher-owned smoke (rust, amd64)	Build local worker without publishing	2026-10-09T12:43:07.3715082Z #14 7.144   Downloaded untrusted v0.9.0
Publisher-owned smoke (rust, amd64)	Build local worker without publishing	2026-10-09T12:43:07.3715744Z #14 7.146   Downloaded unicode-casefold v0.2.0
Publisher-owned smoke (rust, amd64)	Build local worker without publishing	2026-10-09T12:43:07.3716195Z #14 7.160   Downloaded uuid v1.24.0
Publisher-owned smoke (rust, amd64)	Build local worker without publishing	2026-10-09T12:43:07.3716777Z #14 7.164   Downloaded version_check v0.9.5
Publisher-owned smoke (rust, amd64)	Build local worker without publishing	2026-10-09T12:43:07.3718503Z #14 7.175   Downloaded whoami v2.1.3
Publisher-owned smoke (rust, amd64)	Build local worker without publishing	2026-10-09T12:43:07.3718755Z #14 7.180   Downloaded zerocopy v0.8.54
Publisher-owned smoke (rust, amd64)	Build local worker without publishing	2026-10-09T12:43:07.3718991Z #14 7.203   Downloaded zerotrie v0.2.4
Publisher-owned smoke (rust, amd64)	Build local worker without publishing	2026-10-09T12:43:07.3719214Z #14 7.208   Downloaded adler2 v2.0.1
Publisher-owned smoke (rust, amd64)	Build local worker without publishing	2026-10-09T12:43:07.3719437Z #14 7.209   Downloaded anyhow v1.0.104
Publisher-owned smoke (rust, amd64)	Build local worker without publishing	2026-10-09T12:43:07.3719902Z #14 7.214   Downloaded async-lock v3.4.2
Publisher-owned smoke (rust, amd64)	Build local worker without publishing	2026-10-09T12:43:07.3720149Z #14 7.222   Downloaded bit-set v0.8.0
Publisher-owned smoke (rust, amd64)	Build local worker without publishing	2026-10-09T12:43:07.3720395Z #14 7.226   Downloaded byteorder v1.5.0
Publisher-owned smoke (rust, amd64)	Build local worker without publishing	2026-10-09T12:43:07.3720641Z #14 7.238   Downloaded chrono v0.4.45
Publisher-owned smoke (rust, amd64)	Build local worker without publishing	2026-10-09T12:43:07.4748961Z #14 7.245   Downloaded crossbeam-epoch v0.9.20
Publisher-owned smoke (rust, amd64)	Build local worker without publishing	2026-10-09T12:43:07.4749645Z #14 7.253   Downloaded ctutils v0.4.2
Publisher-owned smoke (rust, amd64)	Build local worker without publishing	2026-10-09T12:43:07.4750254Z #14 7.259   Downloaded digest v0.11.3
Publisher-owned smoke (rust, amd64)	Build local worker without publishing	2026-10-09T12:43:07.4751864Z #14 7.274   Downloaded flate2 v1.1.10
Publisher-owned smoke (rust, amd64)	Build local worker without publishing	2026-10-09T12:43:07.4752092Z #14 7.280   Downloaded encoding_rs v0.8.35
Publisher-owned smoke (rust, amd64)	Build local worker without publishing	2026-10-09T12:43:07.4752500Z #14 7.298   Downloaded fraction v0.17.0
Publisher-owned smoke (rust, amd64)	Build local worker without publishing	2026-10-09T12:43:07.4752779Z #14 7.304   Downloaded futures-sink v0.3.33
Publisher-owned smoke (rust, amd64)	Build local worker without publishing	2026-10-09T12:43:07.4753047Z #14 7.308   Downloaded getrandom v0.4.3
Publisher-owned smoke (rust, amd64)	Build local worker without publishing	2026-10-09T12:43:07.4753280Z #14 7.313   Downloaded hkdf v0.13.0
Publisher-owned smoke (rust, amd64)	Build local worker without publishing	2026-10-09T12:43:07.4753503Z #14 7.323   Downloaded httparse v1.10.1
Publisher-owned smoke (rust, amd64)	Build local worker without publishing	2026-10-09T12:43:07.4753752Z #14 7.327   Downloaded iana-time-zone v0.1.65
Publisher-owned smoke (rust, amd64)	Build local worker without publishing	2026-10-09T12:43:07.4754026Z #14 7.342   Downloaded itertools v0.14.0
Publisher-owned smoke (rust, amd64)	Build local worker without publishing	2026-10-09T12:43:07.5854162Z #14 7.350   Downloaded icu_properties_data v2.2.0
Publisher-owned smoke (rust, amd64)	Build local worker without publishing	2026-10-09T12:43:07.5854843Z #14 7.363   Downloaded lock_api v0.4.14
Publisher-owned smoke (rust, amd64)	Build local worker without publishing	2026-10-09T12:43:07.5855470Z #14 7.365   Downloaded libc v0.2.186
Publisher-owned smoke (rust, amd64)	Build local worker without publishing	2026-10-09T12:43:07.5855823Z #14 7.405   Downloaded mime v0.3.17
Publisher-owned smoke (rust, amd64)	Build local worker without publishing	2026-10-09T12:43:07.5856372Z #14 7.407   Downloaded num-cmp v0.1.0
Publisher-owned smoke (rust, amd64)	Build local worker without publishing	2026-10-09T12:43:07.5856720Z #14 7.408   Downloaded num-traits v0.2.19
Publisher-owned smoke (rust, amd64)	Build local worker without publishing	2026-10-09T12:43:07.5857368Z #14 7.411   Downloaded parking v2.2.1
Publisher-owned smoke (rust, amd64)	Build local worker without publishing	2026-10-09T12:43:07.5857742Z #14 7.412   Downloaded pin-project-internal v1.1.13
Publisher-owned smoke (rust, amd64)	Build local worker without publishing	2026-10-09T12:43:07.5858326Z #14 7.414   Downloaded proptest v1.11.0
Publisher-owned smoke (rust, amd64)	Build local worker without publishing	2026-10-09T12:43:07.5858953Z #14 7.424   Downloaded quinn-udp v0.5.15
Publisher-owned smoke (rust, amd64)	Build local worker without publishing	2026-10-09T12:43:07.5859508Z #14 7.426   Downloaded rand_core v0.9.5
Publisher-owned smoke (rust, amd64)	Build local worker without publishing	2026-10-09T12:43:07.5859855Z #14 7.434   Downloaded ref-cast-impl v1.0.27
Publisher-owned smoke (rust, amd64)	Build local worker without publishing	2026-10-09T12:43:07.5860410Z #14 7.437   Downloaded rustc-hash v2.1.3
Publisher-owned smoke (rust, amd64)	Build local worker without publishing	2026-10-09T12:43:07.5860769Z #14 7.451   Downloaded ryu v1.0.23
Publisher-owned smoke (rust, amd64)	Build local worker without publishing	2026-10-09T12:43:07.6902096Z #14 7.455   Downloaded serde v1.0.229
Publisher-owned smoke (rust, amd64)	Build local worker without publishing	2026-10-09T12:43:07.6902782Z #14 7.469   Downloaded shlex v2.0.1
Publisher-owned smoke (rust, amd64)	Build local worker without publishing	2026-10-09T12:43:07.6903673Z #14 7.469   Downloaded serde_urlencoded v0.7.1
Publisher-owned smoke (rust, amd64)	Build local worker without publishing	2026-10-09T12:43:07.6903849Z #14 7.481   Downloaded spin v0.9.9
Publisher-owned smoke (rust, amd64)	Build local worker without publishing	2026-10-09T12:43:07.6904006Z #14 7.485   Downloaded sqlx-sqlite v0.9.0
Publisher-owned smoke (rust, amd64)	Build local worker without publishing	2026-10-09T12:43:07.6904162Z #14 7.496   Downloaded subtle v2.6.1
Publisher-owned smoke (rust, amd64)	Build local worker without publishing	2026-10-09T12:43:07.6904312Z #14 7.501   Downloaded thiserror v2.0.19
Publisher-owned smoke (rust, amd64)	Build local worker without publishing	2026-10-09T12:43:07.6904467Z #14 7.513   Downloaded time-macros v0.2.31
Publisher-owned smoke (rust, amd64)	Build local worker without publishing	2026-10-09T12:43:07.6904627Z #14 7.517   Downloaded tokio-stream v0.1.19
Publisher-owned smoke (rust, amd64)	Build local worker without publishing	2026-10-09T12:43:07.6904820Z #14 7.528   Downloaded tower-http v0.6.11
Publisher-owned smoke (rust, amd64)	Build local worker without publishing	2026-10-09T12:43:07.6904979Z #14 7.538   Downloaded tungstenite v0.24.0
Publisher-owned smoke (rust, amd64)	Build local worker without publishing	2026-10-09T12:43:07.6905132Z #14 7.542   Downloaded unicode-bidi v0.3.18
Publisher-owned smoke (rust, amd64)	Build local worker without publishing	2026-10-09T12:43:07.6905283Z #14 7.547   Downloaded url v2.5.8
Publisher-owned smoke (rust, amd64)	Build local worker without publishing	2026-10-09T12:43:07.6905422Z #14 7.557   Downloaded veil v0.3.0
Publisher-owned smoke (rust, amd64)	Build local worker without publishing	2026-10-09T12:43:07.7916663Z #14 7.565   Downloaded writeable v0.6.3
Publisher-owned smoke (rust, amd64)	Build local worker without publishing	2026-10-09T12:43:07.7917252Z #14 7.572   Downloaded zeroize v1.9.0
Publisher-owned smoke (rust, amd64)	Build local worker without publishing	2026-10-09T12:43:07.7918476Z #14 7.580   Downloaded ahash v0.8.12
Publisher-owned smoke (rust, amd64)	Build local worker without publishing	2026-10-09T12:43:07.7919188Z #14 7.589   Downloaded askama_macros v0.16.1
Publisher-owned smoke (rust, amd64)	Build local worker without publishing	2026-10-09T12:43:07.7919637Z #14 7.596   Downloaded block-buffer v0.10.4
Publisher-owned smoke (rust, amd64)	Build local worker without publishing	2026-10-09T12:43:07.7920317Z #14 7.603   Downloaded chacha20 v0.10.1
Publisher-owned smoke (rust, amd64)	Build local worker without publishing	2026-10-09T12:43:07.7920718Z #14 7.611   Downloaded crossbeam-queue v0.3.14
Publisher-owned smoke (rust, amd64)	Build local worker without publishing	2026-10-09T12:43:07.7921339Z #14 7.620   Downloaded data-encoding v2.11.0
Publisher-owned smoke (rust, amd64)	Build local worker without publishing	2026-10-09T12:43:07.7922589Z #14 7.627   Downloaded event-listener v5.4.2
Publisher-owned smoke (rust, amd64)	Build local worker without publishing	2026-10-09T12:43:07.7925979Z #14 7.634   Downloaded foldhash v0.2.0
Publisher-owned smoke (rust, amd64)	Build local worker without publishing	2026-10-09T12:43:07.7926445Z #14 7.643   Downloaded futures-util v0.3.33
Publisher-owned smoke (rust, amd64)	Build local worker without publishing	2026-10-09T12:43:07.7927052Z #14 7.658   Downloaded hashlink v0.11.1
Publisher-owned smoke (rust, amd64)	Build local worker without publishing	2026-10-09T12:43:07.9053853Z #14 7.662   Downloaded hyper v1.10.1
Publisher-owned smoke (rust, amd64)	Build local worker without publishing	2026-10-09T12:43:07.9054552Z #14 7.670   Downloaded icu_properties v2.2.0
Publisher-owned smoke (rust, amd64)	Build local worker without publishing	2026-10-09T12:43:07.9056350Z #14 7.676   Downloaded itoa v1.0.18
Publisher-owned smoke (rust, amd64)	Build local worker without publishing	2026-10-09T12:43:07.9056901Z #14 7.685   Downloaded macro_rules_attribute v0.2.3
Publisher-owned smoke (rust, amd64)	Build local worker without publishing	2026-10-09T12:43:07.9057185Z #14 7.694   Downloaded mio v1.2.2
Publisher-owned smoke (rust, amd64)	Build local worker without publishing	2026-10-09T12:43:07.9057423Z #14 7.701   Downloaded num-iter v0.1.46
Publisher-owned smoke (rust, amd64)	Build local worker without publishing	2026-10-09T12:43:07.9057684Z #14 7.709   Downloaded parking_lot_core v0.9.12
Publisher-owned smoke (rust, amd64)	Build local worker without publishing	2026-10-09T12:43:07.9057957Z #14 7.713   Downloaded powerfmt v0.2.0
Publisher-owned smoke (rust, amd64)	Build local worker without publishing	2026-10-09T12:43:07.9058189Z #14 7.725   Downloaded rand v0.9.5
Publisher-owned smoke (rust, amd64)	Build local worker without publishing	2026-10-09T12:43:07.9058422Z #14 7.729   Downloaded ref-cast v1.0.27
Publisher-owned smoke (rust, amd64)	Build local worker without publishing	2026-10-09T12:43:07.9058655Z #14 7.742   Downloaded rustix v1.1.5
Publisher-owned smoke (rust, amd64)	Build local worker without publishing	2026-10-09T12:43:07.9058900Z #14 7.771   Downloaded schemars_derive v0.8.22
Publisher-owned smoke (rust, amd64)	Build local worker without publishing	2026-10-09T12:43:08.0060074Z #14 7.774   Downloaded sha1 v0.10.7
Publisher-owned smoke (rust, amd64)	Build local worker without publishing	2026-10-09T12:43:08.0060850Z #14 7.775   Downloaded smallvec v1.15.2
Publisher-owned smoke (rust, amd64)	Build local worker without publishing	2026-10-09T12:43:08.0061501Z #14 7.777   Downloaded stringprep v0.1.5
Publisher-owned smoke (rust, amd64)	Build local worker without publishing	2026-10-09T12:43:08.0061936Z #14 7.779   Downloaded tagptr v0.2.0
Publisher-owned smoke (rust, amd64)	Build local worker without publishing	2026-10-09T12:43:08.0062847Z #14 7.788   Downloaded tinyvec_macros v0.1.1
Publisher-owned smoke (rust, amd64)	Build local worker without publishing	2026-10-09T12:43:08.0063329Z #14 7.791   Downloaded tower v0.5.3
Publisher-owned smoke (rust, amd64)	Build local worker without publishing	2026-10-09T12:43:08.0063938Z #14 7.806   Downloaded unicode-normalization v0.1.25
Publisher-owned smoke (rust, amd64)	Build local worker without publishing	2026-10-09T12:43:08.0065664Z #14 7.810   Downloaded typify-impl v0.6.2
Publisher-owned smoke (rust, amd64)	Build local worker without publishing	2026-10-09T12:43:08.0065903Z #14 7.820   Downloaded vsimd v0.8.0
Publisher-owned smoke (rust, amd64)	Build local worker without publishing	2026-10-09T12:43:08.0066130Z #14 7.824   Downloaded zerofrom v0.1.8
Publisher-owned smoke (rust, amd64)	Build local worker without publishing	2026-10-09T12:43:08.0066375Z #14 7.835   Downloaded allocator-api2 v0.2.21
Publisher-owned smoke (rust, amd64)	Build local worker without publishing	2026-10-09T12:43:08.0066623Z #14 7.842   Downloaded axum-core v0.5.6
Publisher-owned smoke (rust, amd64)	Build local worker without publishing	2026-10-09T12:43:08.0066865Z #14 7.850   Downloaded cpufeatures v0.2.17
Publisher-owned smoke (rust, amd64)	Build local worker without publishing	2026-10-09T12:43:08.0067112Z #14 7.857   Downloaded darling_macro v0.21.3
Publisher-owned smoke (rust, amd64)	Build local worker without publishing	2026-10-09T12:43:08.0067370Z #14 7.866   Downloaded fancy-regex v0.19.2
Publisher-owned smoke (rust, amd64)	Build local worker without publishing	2026-10-09T12:43:08.0067871Z #14 7.873   Downloaded futures-intrusive v0.5.0
Publisher-owned smoke (rust, amd64)	Build local worker without publishing	2026-10-09T12:43:08.1067036Z #14 7.881   Downloaded hmac v0.12.1
Publisher-owned smoke (rust, amd64)	Build local worker without publishing	2026-10-09T12:43:08.1067741Z #14 7.890   Downloaded icu_locale_core v2.2.0
Publisher-owned smoke (rust, amd64)	Build local worker without publishing	2026-10-09T12:43:08.1068405Z #14 7.898   Downloaded jsonschema-value v0.55.1
Publisher-owned smoke (rust, amd64)	Build local worker without publishing	2026-10-09T12:43:08.1068887Z #14 7.906   Downloaded micromap v0.3.0
Publisher-owned smoke (rust, amd64)	Build local worker without publishing	2026-10-09T12:43:08.1069511Z #14 7.913   Downloaded opentelemetry v0.33.0
Publisher-owned smoke (rust, amd64)	Build local worker without publishing	2026-10-09T12:43:08.1069941Z #14 7.924   Downloaded portable-atomic v1.14.0
Publisher-owned smoke (rust, amd64)	Build local worker without publishing	2026-10-09T12:43:08.1070529Z #14 7.932   Downloaded rand v0.10.2
Publisher-owned smoke (rust, amd64)	Build local worker without publishing	2026-10-09T12:43:08.1070965Z #14 7.941   Downloaded regress v0.11.1
Publisher-owned smoke (rust, amd64)	Build local worker without publishing	2026-10-09T12:43:08.1071547Z #14 7.949   Downloaded serde_derive v1.0.229
Publisher-owned smoke (rust, amd64)	Build local worker without publishing	2026-10-09T12:43:08.1072011Z #14 7.957   Downloaded signal-hook-registry v1.4.8
Publisher-owned smoke (rust, amd64)	Build local worker without publishing	2026-10-09T12:43:08.1072777Z #14 7.960   Downloaded strum_macros v0.28.0
Publisher-owned smoke (rust, amd64)	Build local worker without publishing	2026-10-09T12:43:08.1073213Z #14 7.974   Downloaded time v0.3.53
Publisher-owned smoke (rust, amd64)	Build local worker without publishing	2026-10-09T12:43:08.2087425Z #14 7.989   Downloaded tracing v0.1.44
Publisher-owned smoke (rust, amd64)	Build local worker without publishing	2026-10-09T12:43:08.2088193Z #14 8.004   Downloaded unicode-ident v1.0.24
Publisher-owned smoke (rust, amd64)	Build local worker without publishing	2026-10-09T12:43:08.2097252Z #14 8.007   Downloaded webpki-roots v1.0.9
Publisher-owned smoke (rust, amd64)	Build local worker without publishing	2026-10-09T12:43:08.2098168Z #14 8.010   Downloaded zlib-rs v0.6.7
Publisher-owned smoke (rust, amd64)	Build local worker without publishing	2026-10-09T12:43:08.2098558Z #14 8.017   Downloaded block-buffer v0.12.1
Publisher-owned smoke (rust, amd64)	Build local worker without publishing	2026-10-09T12:43:08.2102741Z #14 8.023   Downloaded crypto-common v0.1.7
Publisher-owned smoke (rust, amd64)	Build local worker without publishing	2026-10-09T12:43:08.2103172Z #14 8.028   Downloaded fluent-uri v0.4.1
Publisher-owned smoke (rust, amd64)	Build local worker without publishing	2026-10-09T12:43:08.2104717Z #14 8.042   Downloaded hashbrown v0.16.1
Publisher-owned smoke (rust, amd64)	Build local worker without publishing	2026-10-09T12:43:08.2104952Z #14 8.047   Downloaded idna v1.1.0
Publisher-owned smoke (rust, amd64)	Build local worker without publishing	2026-10-09T12:43:08.2105179Z #14 8.055   Downloaded matchit v0.8.4
Publisher-owned smoke (rust, amd64)	Build local worker without publishing	2026-10-09T12:43:08.2105439Z #14 8.058   Downloaded opentelemetry-proto v0.33.0
Publisher-owned smoke (rust, amd64)	Build local worker without publishing	2026-10-09T12:43:08.2105711Z #14 8.072   Downloaded quinn v0.11.11
Publisher-owned smoke (rust, amd64)	Build local worker without publishing	2026-10-09T12:43:08.2105962Z #14 8.076   Downloaded rustls-pki-types v1.15.0
Publisher-owned smoke (rust, amd64)	Build local worker without publishing	2026-10-09T12:43:08.3160796Z #14 8.087   Downloaded sha2 v0.10.9
Publisher-owned smoke (rust, amd64)	Build local worker without publishing	2026-10-09T12:43:08.3167024Z #14 8.090   Downloaded sync_wrapper v1.0.2
Publisher-owned smoke (rust, amd64)	Build local worker without publishing	2026-10-09T12:43:08.3167335Z #14 8.103   Downloaded tokio-util v0.7.18
Publisher-owned smoke (rust, amd64)	Build local worker without publishing	2026-10-09T12:43:08.3167603Z #14 8.111   Downloaded utf8_iter v1.0.4
Publisher-owned smoke (rust, amd64)	Build local worker without publishing	2026-10-09T12:43:08.3167773Z #14 8.120   Downloaded cc v1.3.0
Publisher-owned smoke (rust, amd64)	Build local worker without publishing	2026-10-09T12:43:08.3167944Z #14 8.123   Downloaded zerovec-derive v0.11.3
Publisher-owned smoke (rust, amd64)	Build local worker without publishing	2026-10-09T12:43:08.3168240Z #14 8.135   Downloaded http-body v1.1.0
Publisher-owned smoke (rust, amd64)	Build local worker without publishing	2026-10-09T12:43:08.3168569Z #14 8.137   Downloaded email_address v0.2.9
Publisher-owned smoke (rust, amd64)	Build local worker without publishing	2026-10-09T12:43:08.3169076Z #14 8.151   Downloaded litemap v0.8.2
Publisher-owned smoke (rust, amd64)	Build local worker without publishing	2026-10-09T12:43:08.3169406Z #14 8.154   Downloaded pin-project v1.1.13
Publisher-owned smoke (rust, amd64)	Build local worker without publishing	2026-10-09T12:43:08.3169726Z #14 8.169   Downloaded regex-automata v0.4.18
Publisher-owned smoke (rust, amd64)	Build local worker without publishing	2026-10-09T12:43:08.3170055Z #14 8.183   Downloaded sqlx-macros v0.9.0
Publisher-owned smoke (rust, amd64)	Build local worker without publishing	2026-10-09T12:43:08.4314818Z #14 8.186   Downloaded vcpkg v0.2.15
Publisher-owned smoke (rust, amd64)	Build local worker without publishing	2026-10-09T12:43:08.4315469Z #14 8.250   Downloaded tokio v1.53.0
Publisher-owned smoke (rust, amd64)	Build local worker without publishing	2026-10-09T12:43:08.4317108Z #14 8.297   Downloaded async-trait v0.1.91
Publisher-owned smoke (rust, amd64)	Build local worker without publishing	2026-10-09T12:43:08.6424167Z #14 8.302   Downloaded futures-executor v0.3.33
Publisher-owned smoke (rust, amd64)	Build local worker without publishing	2026-10-09T12:43:08.6425004Z #14 8.303   Downloaded indexmap v1.9.3
Publisher-owned smoke (rust, amd64)	Build local worker without publishing	2026-10-09T12:43:08.6425732Z #14 8.307   Downloaded prost v0.14.4
Publisher-owned smoke (rust, amd64)	Build local worker without publishing	2026-10-09T12:43:08.6426188Z #14 8.308   Downloaded serde_path_to_error v0.1.20
Publisher-owned smoke (rust, amd64)	Build local worker without publishing	2026-10-09T12:43:08.6426825Z #14 8.310   Downloaded tracing-core v0.1.36
Publisher-owned smoke (rust, amd64)	Build local worker without publishing	2026-10-09T12:43:08.6427291Z #14 8.313   Downloaded askama_derive v0.16.1
Publisher-owned smoke (rust, amd64)	Build local worker without publishing	2026-10-09T12:43:08.6427889Z #14 8.317   Downloaded getrandom v0.3.4
Publisher-owned smoke (rust, amd64)	Build local worker without publishing	2026-10-09T12:43:08.6429617Z #14 8.321   Downloaded num-complex v0.4.6
Publisher-owned smoke (rust, amd64)	Build local worker without publishing	2026-10-09T12:43:08.6429879Z #14 8.323   Downloaded sqlx-macros-core v0.9.0
Publisher-owned smoke (rust, amd64)	Build local worker without publishing	2026-10-09T12:43:08.6430150Z #14 8.325   Downloaded yoke v0.8.3
Publisher-owned smoke (rust, amd64)	Build local worker without publishing	2026-10-09T12:43:08.6430407Z #14 8.327   Downloaded hyper-rustls v0.27.9
Publisher-owned smoke (rust, amd64)	Build local worker without publishing	2026-10-09T12:43:08.6430695Z #14 8.329   Downloaded schemars v1.2.2
Publisher-owned smoke (rust, amd64)	Build local worker without publishing	2026-10-09T12:43:08.6430953Z #14 8.348   Downloaded crc v3.4.0
Publisher-owned smoke (rust, amd64)	Build local worker without publishing	2026-10-09T12:43:08.6431199Z #14 8.350   Downloaded rand_core v0.10.1
Publisher-owned smoke (rust, amd64)	Build local worker without publishing	2026-10-09T12:43:08.6431456Z #14 8.352   Downloaded dotenvy v0.15.7
Publisher-owned smoke (rust, amd64)	Build local worker without publishing	2026-10-09T12:43:08.6431703Z #14 8.355   Downloaded unarray v0.1.4
Publisher-owned smoke (rust, amd64)	Build local worker without publishing	2026-10-09T12:43:08.6431940Z #14 8.356   Downloaded multer v3.1.0
Publisher-owned smoke (rust, amd64)	Build local worker without publishing	2026-10-09T12:43:08.6432791Z #14 8.359   Downloaded thiserror-impl v1.0.69
Publisher-owned smoke (rust, amd64)	Build local worker without publishing	2026-10-09T12:43:08.6862368Z #14 8.553    Compiling unicode-ident v1.0.24
Publisher-owned smoke (rust, amd64)	Build local worker without publishing	2026-10-09T12:43:08.6863146Z #14 8.553    Compiling proc-macro2 v1.0.107
Publisher-owned smoke (rust, amd64)	Build local worker without publishing	2026-10-09T12:43:08.9153629Z #14 8.631    Compiling quote v1.0.47
Publisher-owned smoke (rust, amd64)	Build local worker without publishing	2026-10-09T12:43:09.1220481Z #14 8.839    Compiling libc v0.2.186
Publisher-owned smoke (rust, amd64)	Build local worker without publishing	2026-10-09T12:43:09.2373519Z #14 9.103    Compiling serde v1.0.229
Publisher-owned smoke (rust, amd64)	Build local worker without publishing	2026-10-09T12:43:09.8305870Z #14 9.540    Compiling syn v2.0.119
Publisher-owned smoke (rust, amd64)	Build local worker without publishing	2026-10-09T12:43:09.8307174Z #14 9.547    Compiling syn v3.0.6
Publisher-owned smoke (rust, amd64)	Build local worker without publishing	2026-10-09T12:43:13.9738292Z #14 13.84    Compiling serde_derive v1.0.229
Publisher-owned smoke (rust, amd64)	Build local worker without publishing	2026-10-09T12:43:16.5621629Z #14 16.43    Compiling cfg-if v1.0.4
Publisher-owned smoke (rust, amd64)	Build local worker without publishing	2026-10-09T12:43:16.7632077Z #14 16.48    Compiling serde_core v1.0.229
Publisher-owned smoke (rust, amd64)	Build local worker without publishing	2026-10-09T12:43:17.6301450Z #14 17.50    Compiling synstructure v0.13.2
Publisher-owned smoke (rust, amd64)	Build local worker without publishing	2026-10-09T12:43:18.2435198Z #14 18.11    Compiling zerofrom-derive v0.1.7
Publisher-owned smoke (rust, amd64)	Build local worker without publishing	2026-10-09T12:43:19.8489454Z #14 19.57    Compiling yoke-derive v0.8.2
Publisher-owned smoke (rust, amd64)	Build local worker without publishing	2026-10-09T12:43:19.8828283Z #14 19.75    Compiling version_check v0.9.5
Publisher-owned smoke (rust, amd64)	Build local worker without publishing	2026-10-09T12:43:20.2901381Z #14 20.01    Compiling pin-project-lite v0.2.17
Publisher-owned smoke (rust, amd64)	Build local worker without publishing	2026-10-09T12:43:21.1354317Z #14 20.80    Compiling once_cell v1.21.4
Publisher-owned smoke (rust, amd64)	Build local worker without publishing	2026-10-09T12:43:21.1355106Z #14 20.85    Compiling itoa v1.0.18
Publisher-owned smoke (rust, amd64)	Build local worker without publishing	2026-10-09T12:43:21.3186127Z #14 21.00    Compiling zerovec-derive v0.11.3
Publisher-owned smoke (rust, amd64)	Build local worker without publishing	2026-10-09T12:43:21.3187178Z #14 21.04    Compiling memchr v2.8.3
Publisher-owned smoke (rust, amd64)	Build local worker without publishing	2026-10-09T12:43:22.4910931Z #14 22.11    Compiling futures-core v0.3.33
Publisher-owned smoke (rust, amd64)	Build local worker without publishing	2026-10-09T12:43:22.4911904Z #14 22.21    Compiling displaydoc v0.2.6
Publisher-owned smoke (rust, amd64)	Build local worker without publishing	2026-10-09T12:43:22.6693469Z #14 22.39    Compiling bytes v1.12.1
Publisher-owned smoke (rust, amd64)	Build local worker without publishing	2026-10-09T12:43:23.3060086Z #14 23.04    Compiling equivalent v1.0.2
Publisher-owned smoke (rust, amd64)	Build local worker without publishing	2026-10-09T12:43:23.4478884Z #14 23.17    Compiling foldhash v0.2.0
Publisher-owned smoke (rust, amd64)	Build local worker without publishing	2026-10-09T12:43:23.4479750Z #14 23.31    Compiling allocator-api2 v0.2.21
Publisher-owned smoke (rust, amd64)	Build local worker without publishing	2026-10-09T12:43:23.6291892Z #14 23.35    Compiling zmij v1.0.23
Publisher-owned smoke (rust, amd64)	Build local worker without publishing	2026-10-09T12:43:23.8696819Z #14 23.74    Compiling tracing-attributes v0.1.31
Publisher-owned smoke (rust, amd64)	Build local worker without publishing	2026-10-09T12:43:25.3913233Z #14 25.26    Compiling smallvec v1.15.2
Publisher-owned smoke (rust, amd64)	Build local worker without publishing	2026-10-09T12:43:25.9007083Z #14 25.54    Compiling futures-sink v0.3.33
Publisher-owned smoke (rust, amd64)	Build local worker without publishing	2026-10-09T12:43:25.9007714Z #14 25.62    Compiling hashbrown v0.17.1
Publisher-owned smoke (rust, amd64)	Build local worker without publishing	2026-10-09T12:43:26.8025382Z #14 26.52    Compiling generic-array v0.14.7
Publisher-owned smoke (rust, amd64)	Build local worker without publishing	2026-10-09T12:43:26.9345487Z #14 26.67    Compiling autocfg v1.5.1
Publisher-owned smoke (rust, amd64)	Build local worker without publishing	2026-10-09T12:43:27.0854701Z #14 26.80    Compiling indexmap v2.14.0
Publisher-owned smoke (rust, amd64)	Build local worker without publishing	2026-10-09T12:43:27.2799172Z #14 27.00    Compiling log v0.4.33
Publisher-owned smoke (rust, amd64)	Build local worker without publishing	2026-10-09T12:43:27.4585418Z #14 27.17    Compiling find-msvc-tools v0.1.9
Publisher-owned smoke (rust, amd64)	Build local worker without publishing	2026-10-09T12:43:27.6557648Z #14 27.38    Compiling shlex v2.0.1
Publisher-owned smoke (rust, amd64)	Build local worker without publishing	2026-10-09T12:43:27.8074915Z #14 27.52    Compiling cc v1.3.0
Publisher-owned smoke (rust, amd64)	Build local worker without publishing	2026-10-09T12:43:28.1553666Z #14 27.87    Compiling tracing-core v0.1.36
Publisher-owned smoke (rust, amd64)	Build local worker without publishing	2026-10-09T12:43:28.9948665Z #14 28.75    Compiling errno v0.3.14
Publisher-owned smoke (rust, amd64)	Build local worker without publishing	2026-10-09T12:43:29.1473337Z #14 28.86    Compiling slab v0.4.12
Publisher-owned smoke (rust, amd64)	Build local worker without publishing	2026-10-09T12:43:29.3715536Z #14 29.04    Compiling signal-hook-registry v1.4.8
Publisher-owned smoke (rust, amd64)	Build local worker without publishing	2026-10-09T12:43:29.3716204Z #14 29.09    Compiling ring v0.17.14
Publisher-owned smoke (rust, amd64)	Build local worker without publishing	2026-10-09T12:43:29.6782057Z #14 29.39    Compiling socket2 v0.6.5
Publisher-owned smoke (rust, amd64)	Build local worker without publishing	2026-10-09T12:43:29.8873624Z #14 29.60    Compiling mio v1.2.2
Publisher-owned smoke (rust, amd64)	Build local worker without publishing	2026-10-09T12:43:30.4606137Z #14 30.12    Compiling tokio-macros v2.7.1
Publisher-owned smoke (rust, amd64)	Build local worker without publishing	2026-10-09T12:43:30.4606827Z #14 30.19    Compiling icu_normalizer_data v2.2.0
Publisher-owned smoke (rust, amd64)	Build local worker without publishing	2026-10-09T12:43:30.6120087Z #14 30.33    Compiling typenum v1.20.1
Publisher-owned smoke (rust, amd64)	Build local worker without publishing	2026-10-09T12:43:31.1431257Z #14 30.86    Compiling icu_properties_data v2.2.0
Publisher-owned smoke (rust, amd64)	Build local worker without publishing	2026-10-09T12:43:31.2944800Z #14 31.01    Compiling percent-encoding v2.3.2
Publisher-owned smoke (rust, amd64)	Build local worker without publishing	2026-10-09T12:43:31.4921406Z #14 31.21    Compiling tokio v1.53.0
Publisher-owned smoke (rust, amd64)	Build local worker without publishing	2026-10-09T12:43:31.6543209Z #14 31.37    Compiling tracing v0.1.44
Publisher-owned smoke (rust, amd64)	Build local worker without publishing	2026-10-09T12:43:31.9812301Z #14 31.70    Compiling futures-macro v0.3.33
Publisher-owned smoke (rust, amd64)	Build local worker without publishing	2026-10-09T12:43:32.8245097Z #14 32.55    Compiling futures-io v0.3.33
Publisher-owned smoke (rust, amd64)	Build local worker without publishing	2026-10-09T12:43:32.9604346Z #14 32.69    Compiling futures-task v0.3.33
Publisher-owned smoke (rust, amd64)	Build local worker without publishing	2026-10-09T12:43:32.9604900Z #14 32.83    Compiling thiserror v2.0.19
Publisher-owned smoke (rust, amd64)	Build local worker without publishing	2026-10-09T12:43:33.3688511Z #14 33.09    Compiling futures-util v0.3.33
Publisher-owned smoke (rust, amd64)	Build local worker without publishing	2026-10-09T12:43:36.9750412Z #14 36.69    Compiling http v1.4.2
Publisher-owned smoke (rust, amd64)	Build local worker without publishing	2026-10-09T12:43:38.7237226Z #14 38.35    Compiling zerofrom v0.1.8
Publisher-owned smoke (rust, amd64)	Build local worker without publishing	2026-10-09T12:43:38.7238585Z #14 38.44    Compiling thiserror-impl v2.0.19
Publisher-owned smoke (rust, amd64)	Build local worker without publishing	2026-10-09T12:43:40.2302544Z #14 39.94    Compiling stable_deref_trait v1.2.1
Publisher-owned smoke (rust, amd64)	Build local worker without publishing	2026-10-09T12:43:40.9703582Z #14 40.69    Compiling yoke v0.8.3
Publisher-owned smoke (rust, amd64)	Build local worker without publishing	2026-10-09T12:43:41.1735712Z #14 40.89    Compiling parking_lot_core v0.9.12
Publisher-owned smoke (rust, amd64)	Build local worker without publishing	2026-10-09T12:43:42.2630371Z #14 42.13    Compiling zerocopy v0.8.54
Publisher-owned smoke (rust, amd64)	Build local worker without publishing	2026-10-09T12:43:42.8404603Z #14 42.56    Compiling zerovec v0.11.6
Publisher-owned smoke (rust, amd64)	Build local worker without publishing	2026-10-09T12:43:43.5989187Z #14 43.25    Compiling rustls v0.23.42
Publisher-owned smoke (rust, amd64)	Build local worker without publishing	2026-10-09T12:43:43.5989588Z #14 43.32    Compiling httparse v1.10.1
Publisher-owned smoke (rust, amd64)	Build local worker without publishing	2026-10-09T12:43:43.8595020Z #14 43.58    Compiling num-traits v0.2.19
Publisher-owned smoke (rust, amd64)	Build local worker without publishing	2026-10-09T12:43:44.0199226Z #14 43.76    Compiling subtle v2.6.1
Publisher-owned smoke (rust, amd64)	Build local worker without publishing	2026-10-09T12:43:44.1499570Z #14 43.89    Compiling serde_json v1.0.150
Publisher-owned smoke (rust, amd64)	Build local worker without publishing	2026-10-09T12:43:44.3010989Z #14 44.02    Compiling base64 v0.22.1
Publisher-owned smoke (rust, amd64)	Build local worker without publishing	2026-10-09T12:43:45.9822067Z #14 45.85    Compiling http-body v1.1.0
Publisher-owned smoke (rust, amd64)	Build local worker without publishing	2026-10-09T12:43:46.2373566Z #14 45.95    Compiling tokio-util v0.7.18
Publisher-owned smoke (rust, amd64)	Build local worker without publishing	2026-10-09T12:43:47.0687717Z #14 46.94    Compiling futures-channel v0.3.33
Publisher-owned smoke (rust, amd64)	Build local worker without publishing	2026-10-09T12:43:47.2803196Z #14 47.15    Compiling getrandom v0.2.17
Publisher-owned smoke (rust, amd64)	Build local worker without publishing	2026-10-09T12:43:47.4691772Z #14 47.34    Compiling getrandom v0.4.3
Publisher-owned smoke (rust, amd64)	Build local worker without publishing	2026-10-09T12:43:47.6369001Z #14 47.50    Compiling heck v0.5.0
Publisher-owned smoke (rust, amd64)	Build local worker without publishing	2026-10-09T12:43:48.8956654Z #14 48.76    Compiling tinystr v0.8.3
Publisher-owned smoke (rust, amd64)	Build local worker without publishing	2026-10-09T12:43:49.0708595Z #14 48.94    Compiling tower-service v0.3.3
Publisher-owned smoke (rust, amd64)	Build local worker without publishing	2026-10-09T12:43:49.2821934Z #14 49.00    Compiling writeable v0.6.3
Publisher-owned smoke (rust, amd64)	Build local worker without publishing	2026-10-09T12:43:49.3305540Z #14 49.20    Compiling zeroize v1.9.0
Publisher-owned smoke (rust, amd64)	Build local worker without publishing	2026-10-09T12:43:49.6243145Z #14 49.34    Compiling litemap v0.8.2
Publisher-owned smoke (rust, amd64)	Build local worker without publishing	2026-10-09T12:43:49.8007097Z #14 49.52    Compiling icu_locale_core v2.2.0
Publisher-owned smoke (rust, amd64)	Build local worker without publishing	2026-10-09T12:43:51.7706789Z #14 51.64    Compiling rustls-pki-types v1.15.0
Publisher-owned smoke (rust, amd64)	Build local worker without publishing	2026-10-09T12:43:52.2983542Z #14 52.05    Compiling potential_utf v0.1.5
Publisher-owned smoke (rust, amd64)	Build local worker without publishing	2026-10-09T12:43:52.4499039Z #14 52.17    Compiling zerotrie v0.2.4
Publisher-owned smoke (rust, amd64)	Build local worker without publishing	2026-10-09T12:43:52.9439307Z #14 52.58    Compiling atomic-waker v1.1.2
Publisher-owned smoke (rust, amd64)	Build local worker without publishing	2026-10-09T12:43:52.9440465Z #14 52.66    Compiling utf8_iter v1.0.4
Publisher-owned smoke (rust, amd64)	Build local worker without publishing	2026-10-09T12:43:53.1217562Z #14 52.84    Compiling try-lock v0.2.5
Publisher-owned smoke (rust, amd64)	Build local worker without publishing	2026-10-09T12:43:53.1218503Z #14 52.93    Compiling fnv v1.0.7
Publisher-owned smoke (rust, amd64)	Build local worker without publishing	2026-10-09T12:43:53.2735567Z #14 52.99    Compiling h2 v0.4.15
Publisher-owned smoke (rust, amd64)	Build local worker without publishing	2026-10-09T12:44:00.9488597Z #14 60.82    Compiling want v0.3.1
Publisher-owned smoke (rust, amd64)	Build local worker without publishing	2026-10-09T12:44:01.0646949Z #14 60.93    Compiling icu_collections v2.2.0
Publisher-owned smoke (rust, amd64)	Build local worker without publishing	2026-10-09T12:44:01.8385297Z #14 61.71    Compiling icu_provider v2.2.0
Publisher-owned smoke (rust, amd64)	Build local worker without publishing	2026-10-09T12:44:02.3236034Z #14 62.19    Compiling block-buffer v0.10.4
Publisher-owned smoke (rust, amd64)	Build local worker without publishing	2026-10-09T12:44:02.5728596Z #14 62.29    Compiling crypto-common v0.1.7
Publisher-owned smoke (rust, amd64)	Build local worker without publishing	2026-10-09T12:44:02.7917374Z #14 62.51    Compiling either v1.16.0
Publisher-owned smoke (rust, amd64)	Build local worker without publishing	2026-10-09T12:44:02.8693171Z #14 62.74    Compiling untrusted v0.9.0
Publisher-owned smoke (rust, amd64)	Build local worker without publishing	2026-10-09T12:44:03.1010090Z #14 62.82    Compiling httpdate v1.0.3
Publisher-owned smoke (rust, amd64)	Build local worker without publishing	2026-10-09T12:44:03.5163721Z #14 63.23    Compiling getrandom v0.3.4
Publisher-owned smoke (rust, amd64)	Build local worker without publishing	2026-10-09T12:44:03.7219840Z #14 63.49    Compiling cpufeatures v0.2.17
Publisher-owned smoke (rust, amd64)	Build local worker without publishing	2026-10-09T12:44:03.8725975Z #14 63.59    Compiling hashbrown v0.16.1
Publisher-owned smoke (rust, amd64)	Build local worker without publishing	2026-10-09T12:44:04.4385449Z #14 64.31    Compiling hyper v1.10.1
Publisher-owned smoke (rust, amd64)	Build local worker without publishing	2026-10-09T12:44:09.1443131Z #14 68.76    Compiling digest v0.10.7
Publisher-owned smoke (rust, amd64)	Build local worker without publishing	2026-10-09T12:44:09.1443735Z #14 68.86    Compiling ppv-lite86 v0.2.21
Publisher-owned smoke (rust, amd64)	Build local worker without publishing	2026-10-09T12:44:09.3590358Z #14 69.08    Compiling hybrid-array v0.4.13
Publisher-owned smoke (rust, amd64)	Build local worker without publishing	2026-10-09T12:44:09.7246534Z #14 69.59    Compiling sync_wrapper v1.0.2
Publisher-owned smoke (rust, amd64)	Build local worker without publishing	2026-10-09T12:44:10.0697318Z #14 69.76    Compiling tower-layer v0.3.3
Publisher-owned smoke (rust, amd64)	Build local worker without publishing	2026-10-09T12:44:10.0698031Z #14 69.79    Compiling ipnet v2.12.0
Publisher-owned smoke (rust, amd64)	Build local worker without publishing	2026-10-09T12:44:10.9313447Z #14 70.65    Compiling hyper-util v0.1.20
Publisher-owned smoke (rust, amd64)	Build local worker without publishing	2026-10-09T12:44:12.4219474Z #14 72.29    Compiling icu_properties v2.2.0
Publisher-owned smoke (rust, amd64)	Build local worker without publishing	2026-10-09T12:44:13.8180284Z #14 73.69    Compiling icu_normalizer v2.2.0
Publisher-owned smoke (rust, amd64)	Build local worker without publishing	2026-10-09T12:44:14.2433510Z #14 73.96    Compiling rustls-webpki v0.103.13
Publisher-owned smoke (rust, amd64)	Build local worker without publishing	2026-10-09T12:44:15.5475519Z #14 75.26    Compiling crossbeam-utils v0.8.22
Publisher-owned smoke (rust, amd64)	Build local worker without publishing	2026-10-09T12:44:15.7561263Z #14 75.47    Compiling strsim v0.11.1
Publisher-owned smoke (rust, amd64)	Build local worker without publishing	2026-10-09T12:44:16.0890671Z #14 75.82    Compiling scopeguard v1.2.0
Publisher-owned smoke (rust, amd64)	Build local worker without publishing	2026-10-09T12:44:16.0891206Z #14 75.88    Compiling ident_case v1.0.1
Publisher-owned smoke (rust, amd64)	Build local worker without publishing	2026-10-09T12:44:16.2401604Z #14 75.96    Compiling cmov v0.5.4
Publisher-owned smoke (rust, amd64)	Build local worker without publishing	2026-10-09T12:44:16.4477179Z #14 76.16    Compiling ctutils v0.4.2
Publisher-owned smoke (rust, amd64)	Build local worker without publishing	2026-10-09T12:44:16.6766822Z #14 76.37    Compiling darling_core v0.21.3
Publisher-owned smoke (rust, amd64)	Build local worker without publishing	2026-10-09T12:44:16.6767232Z #14 76.39    Compiling lock_api v0.4.14
Publisher-owned smoke (rust, amd64)	Build local worker without publishing	2026-10-09T12:44:19.3910562Z #14 79.26    Compiling idna_adapter v1.2.2
Publisher-owned smoke (rust, amd64)	Build local worker without publishing	2026-10-09T12:44:19.6314571Z #14 79.35    Compiling tower v0.5.3
Publisher-owned smoke (rust, amd64)	Build local worker without publishing	2026-10-09T12:44:21.0475509Z #14 80.76    Compiling crypto-common v0.2.2
Publisher-owned smoke (rust, amd64)	Build local worker without publishing	2026-10-09T12:44:21.9792156Z #14 81.73    Compiling block-buffer v0.12.1
Publisher-owned smoke (rust, amd64)	Build local worker without publishing	2026-10-09T12:44:21.9792761Z #14 81.85    Compiling http-body-util v0.1.4
Publisher-owned smoke (rust, amd64)	Build local worker without publishing	2026-10-09T12:44:23.0403879Z #14 82.76    Compiling form_urlencoded v1.2.2
Publisher-owned smoke (rust, amd64)	Build local worker without publishing	2026-10-09T12:44:25.2754704Z #14 84.99    Compiling rand_core v0.10.1
Publisher-owned smoke (rust, amd64)	Build local worker without publishing	2026-10-09T12:44:26.0167758Z #14 85.76    Compiling digest v0.11.3
Publisher-owned smoke (rust, amd64)	Build local worker without publishing	2026-10-09T12:44:26.1674859Z #14 85.88    Compiling idna v1.1.0
Publisher-owned smoke (rust, amd64)	Build local worker without publishing	2026-10-09T12:44:27.8372885Z #14 87.55    Compiling darling_macro v0.21.3
Publisher-owned smoke (rust, amd64)	Build local worker without publishing	2026-10-09T12:44:28.4112148Z #14 88.13    Compiling parking_lot v0.12.5
Publisher-owned smoke (rust, amd64)	Build local worker without publishing	2026-10-09T12:44:31.5828214Z #14 91.28    Compiling tokio-stream v0.1.19
Publisher-owned smoke (rust, amd64)	Build local worker without publishing	2026-10-09T12:44:31.5828621Z #14 91.30    Compiling regex-syntax v0.8.11
Publisher-owned smoke (rust, amd64)	Build local worker without publishing	2026-10-09T12:44:32.1243039Z #14 91.84    Compiling parking v2.2.1
Publisher-owned smoke (rust, amd64)	Build local worker without publishing	2026-10-09T12:44:35.3030398Z #14 95.02    Compiling event-listener v5.4.2
Publisher-owned smoke (rust, amd64)	Build local worker without publishing	2026-10-09T12:44:36.0775998Z #14 95.74    Compiling darling v0.21.3
Publisher-owned smoke (rust, amd64)	Build local worker without publishing	2026-10-09T12:44:36.0776401Z #14 95.79    Compiling url v2.5.8
Publisher-owned smoke (rust, amd64)	Build local worker without publishing	2026-10-09T12:44:38.4264427Z #14 98.14    Compiling strum_macros v0.28.0
Publisher-owned smoke (rust, amd64)	Build local worker without publishing	2026-10-09T12:44:39.9484402Z #14 99.66    Compiling aho-corasick v1.1.5
Publisher-owned smoke (rust, amd64)	Build local worker without publishing	2026-10-09T12:44:40.6053717Z #14 100.3    Compiling cpufeatures v0.3.0
Publisher-owned smoke (rust, amd64)	Build local worker without publishing	2026-10-09T12:44:41.3745815Z #14 101.2    Compiling anyhow v1.0.104
Publisher-owned smoke (rust, amd64)	Build local worker without publishing	2026-10-09T12:44:41.7339041Z #14 101.5    Compiling bitflags v2.13.1
Publisher-owned smoke (rust, amd64)	Build local worker without publishing	2026-10-09T12:44:42.0701039Z #14 101.7    Compiling tinyvec_macros v0.1.1
Publisher-owned smoke (rust, amd64)	Build local worker without publishing	2026-10-09T12:44:42.0701433Z #14 101.8    Compiling tinyvec v1.12.0
Publisher-owned smoke (rust, amd64)	Build local worker without publishing	2026-10-09T12:44:43.6681660Z #14 103.5    Compiling regex-automata v0.4.18
Publisher-owned smoke (rust, amd64)	Build local worker without publishing	2026-10-09T12:44:47.7691359Z #14 107.6    Compiling strum v0.28.0
Publisher-owned smoke (rust, amd64)	Build local worker without publishing	2026-10-09T12:44:48.2641554Z #14 108.0    Compiling serde_with_macros v3.16.1
Publisher-owned smoke (rust, amd64)	Build local worker without publishing	2026-10-09T12:44:52.6011874Z #14 112.3    Compiling macro_rules_attribute-proc_macro v0.2.3
Publisher-owned smoke (rust, amd64)	Build local worker without publishing	2026-10-09T12:44:52.9727196Z #14 112.7    Compiling pastey v0.2.3
Publisher-owned smoke (rust, amd64)	Build local worker without publishing	2026-10-09T12:44:53.3642633Z #14 113.1    Compiling bit-vec v0.8.0
Publisher-owned smoke (rust, amd64)	Build local worker without publishing	2026-10-09T12:44:53.5797296Z #14 113.3    Compiling openssl-probe v0.2.1
Publisher-owned smoke (rust, amd64)	Build local worker without publishing	2026-10-09T12:44:53.9523009Z #14 113.7    Compiling mime v0.3.17
Publisher-owned smoke (rust, amd64)	Build local worker without publishing	2026-10-09T12:44:54.3319184Z #14 114.0    Compiling iana-time-zone v0.1.65
Publisher-owned smoke (rust, amd64)	Build local worker without publishing	2026-10-09T12:44:54.3319566Z #14 114.1    Compiling crc-catalog v2.5.0
Publisher-owned smoke (rust, amd64)	Build local worker without publishing	2026-10-09T12:44:54.3319806Z #14 114.2    Compiling crc v3.4.0
Publisher-owned smoke (rust, amd64)	Build local worker without publishing	2026-10-09T12:44:54.4875710Z #14 114.2    Compiling chrono v0.4.45
Publisher-owned smoke (rust, amd64)	Build local worker without publishing	2026-10-09T12:44:55.2149353Z #14 115.1    Compiling rustls-native-certs v0.8.4
Publisher-owned smoke (rust, amd64)	Build local worker without publishing	2026-10-09T12:44:56.1325352Z #14 115.9    Compiling bit-set v0.8.0
Publisher-owned smoke (rust, amd64)	Build local worker without publishing	2026-10-09T12:44:56.3292874Z #14 116.0    Compiling macro_rules_attribute v0.2.3
Publisher-owned smoke (rust, amd64)	Build local worker without publishing	2026-10-09T12:44:56.3293967Z #14 116.0    Compiling sha2 v0.10.9
Publisher-owned smoke (rust, amd64)	Build local worker without publishing	2026-10-09T12:44:59.2536079Z #14 119.1    Compiling crossbeam-queue v0.3.14
Publisher-owned smoke (rust, amd64)	Build local worker without publishing	2026-10-09T12:44:59.5291729Z #14 119.2    Compiling futures-intrusive v0.5.0
Publisher-owned smoke (rust, amd64)	Build local worker without publishing	2026-10-09T12:45:00.7098994Z #14 120.4    Compiling serde_with v3.16.1
Publisher-owned smoke (rust, amd64)	Build local worker without publishing	2026-10-09T12:45:02.8686491Z #14 122.7    Compiling unicode-normalization v0.1.25
Publisher-owned smoke (rust, amd64)	Build local worker without publishing	2026-10-09T12:45:03.0636622Z #14 122.8    Compiling chacha20 v0.10.1
Publisher-owned smoke (rust, amd64)	Build local worker without publishing	2026-10-09T12:45:03.1219736Z #14 123.0    Compiling hmac v0.13.0
Publisher-owned smoke (rust, amd64)	Build local worker without publishing	2026-10-09T12:45:03.2393784Z #14 123.1    Compiling rand_core v0.9.5
Publisher-owned smoke (rust, amd64)	Build local worker without publishing	2026-10-09T12:45:03.5835311Z #14 123.3    Compiling hashlink v0.11.1
Publisher-owned smoke (rust, amd64)	Build local worker without publishing	2026-10-09T12:45:03.8920935Z #14 123.6    Compiling itertools v0.14.0
Publisher-owned smoke (rust, amd64)	Build local worker without publishing	2026-10-09T12:45:04.4131073Z #14 124.1    Compiling num-integer v0.1.46
Publisher-owned smoke (rust, amd64)	Build local worker without publishing	2026-10-09T12:45:04.8465513Z #14 124.6    Compiling rand_core v0.6.4
Publisher-owned smoke (rust, amd64)	Build local worker without publishing	2026-10-09T12:45:05.0426849Z #14 124.8    Compiling winnow v1.0.4
Publisher-owned smoke (rust, amd64)	Build local worker without publishing	2026-10-09T12:45:05.3038022Z #14 125.2    Compiling pin-project-internal v1.1.13
Publisher-owned smoke (rust, amd64)	Build local worker without publishing	2026-10-09T12:45:06.2548468Z #14 126.0    Compiling unicase v2.9.0
Publisher-owned smoke (rust, amd64)	Build local worker without publishing	2026-10-09T12:45:06.3229926Z #14 126.2    Compiling lazy_static v1.5.0
Publisher-owned smoke (rust, amd64)	Build local worker without publishing	2026-10-09T12:45:06.4716618Z #14 126.2    Compiling thiserror v1.0.69
Publisher-owned smoke (rust, amd64)	Build local worker without publishing	2026-10-09T12:45:06.6223635Z #14 126.3    Compiling unicode-properties v0.1.4
Publisher-owned smoke (rust, amd64)	Build local worker without publishing	2026-10-09T12:45:06.6292006Z #14 126.5    Compiling rustc-hash v2.1.3
Publisher-owned smoke (rust, amd64)	Build local worker without publishing	2026-10-09T12:45:06.7667653Z #14 126.6    Compiling byteorder v1.5.0
Publisher-owned smoke (rust, amd64)	Build local worker without publishing	2026-10-09T12:45:06.9118695Z #14 126.6    Compiling unicode-bidi v0.3.18
Publisher-owned smoke (rust, amd64)	Build local worker without publishing	2026-10-09T12:45:07.0635213Z #14 126.8    Compiling sqlx-core v0.9.0
Publisher-owned smoke (rust, amd64)	Build local worker without publishing	2026-10-09T12:45:07.4017105Z #14 127.1    Compiling stringprep v0.1.5
Publisher-owned smoke (rust, amd64)	Build local worker without publishing	2026-10-09T12:45:07.7284667Z #14 127.4    Compiling askama_parser v0.16.1
Publisher-owned smoke (rust, amd64)	Build local worker without publishing	2026-10-09T12:45:10.3556230Z #14 130.2    Compiling pin-project v1.1.13
Publisher-owned smoke (rust, amd64)	Build local worker without publishing	2026-10-09T12:45:10.5609625Z #14 130.3    Compiling sharded-slab v0.1.7
Publisher-owned smoke (rust, amd64)	Build local worker without publishing	2026-10-09T12:45:11.4299016Z #14 131.3    Compiling mime_guess v2.0.5
Publisher-owned smoke (rust, amd64)	Build local worker without publishing	2026-10-09T12:45:11.5864704Z #14 131.3    Compiling prost-derive v0.14.4
Publisher-owned smoke (rust, amd64)	Build local worker without publishing	2026-10-09T12:45:11.8412711Z #14 131.6    Compiling rand_chacha v0.3.1
Publisher-owned smoke (rust, amd64)	Build local worker without publishing	2026-10-09T12:45:12.3560375Z #14 132.1    Compiling rand_chacha v0.9.0
Publisher-owned smoke (rust, amd64)	Build local worker without publishing	2026-10-09T12:45:12.8818937Z #14 132.5    Compiling hkdf v0.13.0
Publisher-owned smoke (rust, amd64)	Build local worker without publishing	2026-10-09T12:45:12.8819318Z #14 132.6    Compiling rand v0.10.2
Publisher-owned smoke (rust, amd64)	Build local worker without publishing	2026-10-09T12:45:13.1793839Z #14 132.9    Compiling litellm-llms-types v0.1.0 (/src/litellm-rust/crates/llms-types)
Publisher-owned smoke (rust, amd64)	Build local worker without publishing	2026-10-09T12:45:13.4588541Z #14 133.2    Compiling fancy-regex v0.19.2
Publisher-owned smoke (rust, amd64)	Build local worker without publishing	2026-10-09T12:45:17.1975493Z #14 136.9    Compiling sha2 v0.11.0
Publisher-owned smoke (rust, amd64)	Build local worker without publishing	2026-10-09T12:45:18.1147086Z #14 137.8    Compiling atoi v2.0.0
Publisher-owned smoke (rust, amd64)	Build local worker without publishing	2026-10-09T12:45:18.1147642Z #14 137.8    Compiling md-5 v0.11.0
Publisher-owned smoke (rust, amd64)	Build local worker without publishing	2026-10-09T12:45:18.2657814Z #14 138.0    Compiling tokio-rustls v0.26.4
Publisher-owned smoke (rust, amd64)	Build local worker without publishing	2026-10-09T12:45:18.5105404Z #14 138.2    Compiling hyper-timeout v0.5.2
Publisher-owned smoke (rust, amd64)	Build local worker without publishing	2026-10-09T12:45:18.6703364Z #14 138.4    Compiling thread_local v1.1.10
Publisher-owned smoke (rust, amd64)	Build local worker without publishing	2026-10-09T12:45:18.9009569Z #14 138.6    Compiling thiserror-impl v1.0.69
Publisher-owned smoke (rust, amd64)	Build local worker without publishing	2026-10-09T12:45:19.3455809Z #14 139.1    Compiling async-trait v0.1.91
Publisher-owned smoke (rust, amd64)	Build local worker without publishing	2026-10-09T12:45:20.1907849Z #14 139.9    Compiling serde_derive_internals v0.29.1
Publisher-owned smoke (rust, amd64)	Build local worker without publishing	2026-10-09T12:45:20.3671644Z #14 140.1    Compiling schemars v0.8.22
Publisher-owned smoke (rust, amd64)	Build local worker without publishing	2026-10-09T12:45:20.5183043Z #14 140.2    Compiling hex v0.4.3
Publisher-owned smoke (rust, amd64)	Build local worker without publishing	2026-10-09T12:45:21.0483523Z #14 140.8    Compiling whoami v2.1.3
Publisher-owned smoke (rust, amd64)	Build local worker without publishing	2026-10-09T12:45:21.3096202Z #14 141.0    Compiling dotenvy v0.15.7
Publisher-owned smoke (rust, amd64)	Build local worker without publishing	2026-10-09T12:45:21.3097033Z #14 141.0    Compiling data-encoding v2.11.0
Publisher-owned smoke (rust, amd64)	Build local worker without publishing	2026-10-09T12:45:21.9350468Z #14 141.7    Compiling sqlx-postgres v0.9.0
Publisher-owned smoke (rust, amd64)	Build local worker without publishing	2026-10-09T12:45:23.2785222Z #14 143.0    Compiling schemars_derive v0.8.22
Publisher-owned smoke (rust, amd64)	Build local worker without publishing	2026-10-09T12:45:28.0058016Z #14 147.7    Compiling tonic v0.14.6
Publisher-owned smoke (rust, amd64)	Build local worker without publishing	2026-10-09T12:45:28.8415500Z #14 148.6    Compiling tracing-subscriber v0.3.23
Publisher-owned smoke (rust, amd64)	Build local worker without publishing	2026-10-09T12:45:30.2999422Z #14 150.0    Compiling prost v0.14.4
Publisher-owned smoke (rust, amd64)	Build local worker without publishing	2026-10-09T12:45:30.7732606Z #14 150.5    Compiling rand v0.9.5
Publisher-owned smoke (rust, amd64)	Build local worker without publishing	2026-10-09T12:45:31.5885487Z #14 151.3    Compiling rand v0.8.7
Publisher-owned smoke (rust, amd64)	Build local worker without publishing	2026-10-09T12:45:33.2027768Z #14 152.9    Compiling askama_derive v0.16.1
Publisher-owned smoke (rust, amd64)	Build local worker without publishing	2026-10-09T12:45:36.3405494Z #14 156.1    Compiling num-bigint v0.4.8
Publisher-owned smoke (rust, amd64)	Build local worker without publishing	2026-10-09T12:45:37.5877824Z #14 157.3    Compiling opentelemetry v0.33.0
Publisher-owned smoke (rust, amd64)	Build local worker without publishing	2026-10-09T12:45:39.5393716Z #14 159.3    Compiling sha1 v0.10.7
Publisher-owned smoke (rust, amd64)	Build local worker without publishing	2026-10-09T12:45:39.9173260Z #14 159.5    Compiling webpki-roots v1.0.9
Publisher-owned smoke (rust, amd64)	Build local worker without publishing	2026-10-09T12:45:39.9174209Z #14 159.6    Compiling futures-executor v0.3.33
Publisher-owned smoke (rust, amd64)	Build local worker without publishing	2026-10-09T12:45:40.2813102Z #14 160.0    Compiling serde_path_to_error v0.1.20
Publisher-owned smoke (rust, amd64)	Build local worker without publishing	2026-10-09T12:45:40.5352582Z #14 160.4    Compiling ahash v0.8.12
Publisher-owned smoke (rust, amd64)	Build local worker without publishing	2026-10-09T12:45:40.6932838Z #14 160.4    Compiling utf-8 v0.7.6
Publisher-owned smoke (rust, amd64)	Build local worker without publishing	2026-10-09T12:45:40.8446057Z #14 160.6    Compiling portable-atomic v1.14.0
Publisher-owned smoke (rust, amd64)	Build local worker without publishing	2026-10-09T12:45:41.0526422Z #14 160.9    Compiling ryu v1.0.23
Publisher-owned smoke (rust, amd64)	Build local worker without publishing	2026-10-09T12:45:41.4078559Z #14 161.1    Compiling crossbeam-epoch v0.9.20
Publisher-owned smoke (rust, amd64)	Build local worker without publishing	2026-10-09T12:45:41.5845592Z #14 161.3    Compiling crc32fast v1.5.1
Publisher-owned smoke (rust, amd64)	Build local worker without publishing	2026-10-09T12:45:41.8464021Z #14 161.7    Compiling ref-cast v1.0.27
Publisher-owned smoke (rust, amd64)	Build local worker without publishing	2026-10-09T12:45:42.1278169Z #14 161.8    Compiling dyn-clone v1.0.20
Publisher-owned smoke (rust, amd64)	Build local worker without publishing	2026-10-09T12:45:43.5430841Z #14 163.4    Compiling serde_urlencoded v0.7.1
Publisher-owned smoke (rust, amd64)	Build local worker without publishing	2026-10-09T12:45:44.4717229Z #14 164.2    Compiling tungstenite v0.24.0
Publisher-owned smoke (rust, amd64)	Build local worker without publishing	2026-10-09T12:45:47.7447927Z #14 167.6    Compiling opentelemetry_sdk v0.33.0
Publisher-owned smoke (rust, amd64)	Build local worker without publishing	2026-10-09T12:45:49.7984772Z #14 169.5    Compiling hyper-rustls v0.27.9
Publisher-owned smoke (rust, amd64)	Build local worker without publishing	2026-10-09T12:45:50.2353731Z #14 170.0    Compiling num-rational v0.4.2
Publisher-owned smoke (rust, amd64)	Build local worker without publishing	2026-10-09T12:45:51.4692797Z #14 171.2    Compiling askama_macros v0.16.1
Publisher-owned smoke (rust, amd64)	Build local worker without publishing	2026-10-09T12:45:53.1284381Z #14 172.9    Compiling tonic-prost v0.14.6
Publisher-owned smoke (rust, amd64)	Build local worker without publishing	2026-10-09T12:45:53.2797839Z #14 173.0    Compiling litellm-tracing v0.1.0 (/src/litellm-rust/crates/tracing)
Publisher-owned smoke (rust, amd64)	Build local worker without publishing	2026-10-09T12:45:55.1564748Z #14 174.9    Compiling sqlx-macros-core v0.9.0
Publisher-owned smoke (rust, amd64)	Build local worker without publishing	2026-10-09T12:45:59.0301932Z #14 178.7    Compiling num-iter v0.1.46
Publisher-owned smoke (rust, amd64)	Build local worker without publishing	2026-10-09T12:45:59.1659465Z #14 179.0    Compiling tower-http v0.6.11
Publisher-owned smoke (rust, amd64)	Build local worker without publishing	2026-10-09T12:46:00.0756607Z #14 179.9    Compiling event-listener-strategy v0.5.4
Publisher-owned smoke (rust, amd64)	Build local worker without publishing	2026-10-09T12:46:00.2877316Z #14 180.0    Compiling regress v0.11.1
Publisher-owned smoke (rust, amd64)	Build local worker without publishing	2026-10-09T12:46:00.4397703Z #14 180.2    Compiling const-hex v1.19.3
Publisher-owned smoke (rust, amd64)	Build local worker without publishing	2026-10-09T12:46:00.8719502Z #14 180.6    Compiling num-complex v0.4.6
Publisher-owned smoke (rust, amd64)	Build local worker without publishing	2026-10-09T12:46:01.3974706Z #14 181.1    Compiling veil-macros v0.3.0
Publisher-owned smoke (rust, amd64)	Build local worker without publishing	2026-10-09T12:46:01.9493220Z #14 181.8    Compiling ref-cast-impl v1.0.27
Publisher-owned smoke (rust, amd64)	Build local worker without publishing	2026-10-09T12:46:02.6630890Z #14 182.5    Compiling deranged v0.5.8
Publisher-owned smoke (rust, amd64)	Build local worker without publishing	2026-10-09T12:46:02.8215432Z #14 182.7    Compiling powerfmt v0.2.0
Publisher-owned smoke (rust, amd64)	Build local worker without publishing	2026-10-09T12:46:03.1388742Z #14 182.9    Compiling prettyplease v0.2.37
Publisher-owned smoke (rust, amd64)	Build local worker without publishing	2026-10-09T12:46:03.8153256Z #14 183.7    Compiling num-conv v0.2.2
Publisher-owned smoke (rust, amd64)	Build local worker without publishing	2026-10-09T12:46:04.1983554Z #14 183.8    Compiling simd-adler32 v0.3.10
Publisher-owned smoke (rust, amd64)	Build local worker without publishing	2026-10-09T12:46:04.1984813Z #14 183.9    Compiling semver v1.0.28
Publisher-owned smoke (rust, amd64)	Build local worker without publishing	2026-10-09T12:46:04.5386049Z #14 184.3    Compiling time-core v0.1.9
Publisher-owned smoke (rust, amd64)	Build local worker without publishing	2026-10-09T12:46:04.5613656Z #14 184.4    Compiling adler2 v2.0.1
Publisher-owned smoke (rust, amd64)	Build local worker without publishing	2026-10-09T12:46:04.8051708Z #14 184.4    Compiling time v0.3.53
Publisher-owned smoke (rust, amd64)	Build local worker without publishing	2026-10-09T12:46:04.8052526Z #14 184.5    Compiling miniz_oxide v0.9.1
Publisher-owned smoke (rust, amd64)	Build local worker without publishing	2026-10-09T12:46:07.5304235Z #14 187.4    Compiling typify-impl v0.6.2
Publisher-owned smoke (rust, amd64)	Build local worker without publishing	2026-10-09T12:46:11.8764220Z #14 191.7    Compiling veil v0.3.0
Publisher-owned smoke (rust, amd64)	Build local worker without publishing	2026-10-09T12:46:12.2497308Z #14 191.9    Compiling num v0.4.3
Publisher-owned smoke (rust, amd64)	Build local worker without publishing	2026-10-09T12:46:12.2497760Z #14 192.0    Compiling opentelemetry-proto v0.33.0
Publisher-owned smoke (rust, amd64)	Build local worker without publishing	2026-10-09T12:46:18.1804141Z #14 197.9    Compiling async-lock v3.4.2
Publisher-owned smoke (rust, amd64)	Build local worker without publishing	2026-10-09T12:46:18.8689850Z #14 198.6    Compiling reqwest v0.12.28
Publisher-owned smoke (rust, amd64)	Build local worker without publishing	2026-10-09T12:46:26.3070245Z #14 206.2    Compiling sqlx-macros v0.9.0
Publisher-owned smoke (rust, amd64)	Build local worker without publishing	2026-10-09T12:46:28.5194306Z #14 208.4    Compiling litellm-core-utils v0.1.0 (/src/litellm-rust/crates/core-utils)
Publisher-owned smoke (rust, amd64)	Build local worker without publishing	2026-10-09T12:46:32.0823955Z #14 211.8    Compiling askama v0.16.1
Publisher-owned smoke (rust, amd64)	Build local worker without publishing	2026-10-09T12:46:32.4789040Z #14 212.2    Compiling tokio-tungstenite v0.24.0
Publisher-owned smoke (rust, amd64)	Build local worker without publishing	2026-10-09T12:46:33.3600377Z #14 213.2    Compiling uuid v1.24.0
Publisher-owned smoke (rust, amd64)	Build local worker without publishing	2026-10-09T12:46:33.5257439Z #14 213.2    Compiling crossbeam-channel v0.5.17
Publisher-owned smoke (rust, amd64)	Build local worker without publishing	2026-10-09T12:46:33.9261489Z #14 213.7    Compiling multer v3.1.0
Publisher-owned smoke (rust, amd64)	Build local worker without publishing	2026-10-09T12:46:34.0453298Z #14 213.8    Compiling tagptr v0.2.0
Publisher-owned smoke (rust, amd64)	Build local worker without publishing	2026-10-09T12:46:34.0454423Z #14 213.8    Compiling borrow-or-share v0.2.4
Publisher-owned smoke (rust, amd64)	Build local worker without publishing	2026-10-09T12:46:34.2210708Z #14 213.9    Compiling rustix v1.1.5
Publisher-owned smoke (rust, amd64)	Build local worker without publishing	2026-10-09T12:46:34.2211818Z #14 213.9    Compiling unicode-general-category v1.1.0
Publisher-owned smoke (rust, amd64)	Build local worker without publishing	2026-10-09T12:46:34.5289355Z #14 214.2    Compiling moka v0.12.16
Publisher-owned smoke (rust, amd64)	Build local worker without publishing	2026-10-09T12:46:34.8520541Z #14 214.6    Compiling fluent-uri v0.4.1
Publisher-owned smoke (rust, amd64)	Build local worker without publishing	2026-10-09T12:46:35.9333050Z #14 215.8    Compiling flate2 v1.1.10
Publisher-owned smoke (rust, amd64)	Build local worker without publishing	2026-10-09T12:46:36.1059381Z #14 215.8    Compiling litellm-http v0.1.0 (/src/litellm-rust/crates/http)
Publisher-owned smoke (rust, amd64)	Build local worker without publishing	2026-10-09T12:46:36.6496952Z #14 216.4    Compiling litellm-traces v0.1.0 (/src/litellm-rust/crates/traces)
Publisher-owned smoke (rust, amd64)	Build local worker without publishing	2026-10-09T12:46:39.4341069Z #14 219.2    Compiling sqlx v0.9.0
Publisher-owned smoke (rust, amd64)	Build local worker without publishing	2026-10-09T12:46:39.5849795Z #14 219.3    Compiling fraction v0.17.0
Publisher-owned smoke (rust, amd64)	Build local worker without publishing	2026-10-09T12:46:41.0526153Z #14 220.7    Compiling typify v0.6.1
Publisher-owned smoke (rust, amd64)	Build local worker without publishing	2026-10-09T12:46:41.0526556Z #14 220.8    Compiling encoding_rs v0.8.35
Publisher-owned smoke (rust, amd64)	Build local worker without publishing	2026-10-09T12:46:44.5370647Z #14 224.3    Compiling num-cmp v0.1.0
Publisher-owned smoke (rust, amd64)	Build local worker without publishing	2026-10-09T12:46:44.8630358Z #14 224.6    Compiling vsimd v0.8.0
Publisher-owned smoke (rust, amd64)	Build local worker without publishing	2026-10-09T12:46:45.3819220Z #14 225.1    Compiling linux-raw-sys v0.12.1
Publisher-owned smoke (rust, amd64)	Build local worker without publishing	2026-10-09T12:46:45.7751632Z #14 225.5    Compiling micromap v0.3.0
Publisher-owned smoke (rust, amd64)	Build local worker without publishing	2026-10-09T12:46:46.1056474Z #14 225.8    Compiling bytecount v0.6.9
Publisher-owned smoke (rust, amd64)	Build local worker without publishing	2026-10-09T12:46:46.2773601Z #14 226.0    Compiling spin v0.9.9
Publisher-owned smoke (rust, amd64)	Build local worker without publishing	2026-10-09T12:46:46.2773995Z #14 226.1    Compiling outref v0.5.2
Publisher-owned smoke (rust, amd64)	Build local worker without publishing	2026-10-09T12:46:46.4283258Z #14 226.1    Compiling litellm-traces-clickhouse v0.1.0 (/src/litellm-rust/crates/traces-clickhouse)
Publisher-owned smoke (rust, amd64)	Build local worker without publishing	2026-10-09T12:46:46.5847339Z #14 226.3    Compiling uuid-simd v0.8.0
Publisher-owned smoke (rust, amd64)	Build local worker without publishing	2026-10-09T12:46:47.8154076Z #14 227.5    Compiling jsonschema-value v0.55.1
Publisher-owned smoke (rust, amd64)	Build local worker without publishing	2026-10-09T12:46:48.7410762Z #14 228.5    Compiling referencing v0.55.1
Publisher-owned smoke (rust, amd64)	Build local worker without publishing	2026-10-09T12:46:56.0102475Z #14 235.7    Compiling litellm-lens v0.1.0 (/src/litellm-rust/crates/lens)
Publisher-owned smoke (rust, amd64)	Build local worker without publishing	2026-10-09T12:46:56.9472719Z #14 236.7    Compiling litellm-traces-cache v0.1.0 (/src/litellm-rust/crates/traces-cache)
Publisher-owned smoke (rust, amd64)	Build local worker without publishing	2026-10-09T12:47:01.1465684Z #14 240.9    Compiling litellm-storage-clickhouse v0.1.0 (/src/litellm-rust/crates/storage-clickhouse)
Publisher-owned smoke (rust, amd64)	Build local worker without publishing	2026-10-09T12:47:02.6546993Z #14 242.4    Compiling axum-core v0.5.6
Publisher-owned smoke (rust, amd64)	Build local worker without publishing	2026-10-09T12:47:04.5352718Z #14 244.3    Compiling regex v1.13.1
Publisher-owned smoke (rust, amd64)	Build local worker without publishing	2026-10-09T12:47:05.5230067Z #14 245.2    Compiling jsonschema-regex v0.55.1
Publisher-owned smoke (rust, amd64)	Build local worker without publishing	2026-10-09T12:47:06.4121248Z #14 246.2    Compiling hmac v0.12.1
Publisher-owned smoke (rust, amd64)	Build local worker without publishing	2026-10-09T12:47:06.5635351Z #14 246.3    Compiling email_address v0.2.9
Publisher-owned smoke (rust, amd64)	Build local worker without publishing	2026-10-09T12:47:06.9647978Z #14 246.7    Compiling matchit v0.8.4
Publisher-owned smoke (rust, amd64)	Build local worker without publishing	2026-10-09T12:47:07.4713980Z #14 247.2    Compiling fastrand v2.5.0
Publisher-owned smoke (rust, amd64)	Build local worker without publishing	2026-10-09T12:47:07.7471071Z #14 247.5    Compiling tempfile v3.27.0
Publisher-owned smoke (rust, amd64)	Build local worker without publishing	2026-10-09T12:47:08.5070628Z #14 248.2    Compiling axum v0.8.9
Publisher-owned smoke (rust, amd64)	Build local worker without publishing	2026-10-09T12:47:10.9537606Z #14 250.7    Compiling jsonschema v0.55.1
Publisher-owned smoke (rust, amd64)	Build local worker without publishing	2026-10-09T12:47:23.0083834Z #14 262.7    Compiling unicode-casefold v0.2.0
Publisher-owned smoke (rust, amd64)	Build local worker without publishing	2026-10-09T12:50:06.8934522Z #14 426.8     Finished `release` profile [optimized] target(s) in 7m 06s
Publisher-owned smoke (rust, amd64)	Build local worker without publishing	2026-10-09T12:50:07.2289273Z #14 DONE 427.1s
Publisher-owned smoke (rust, amd64)	Build local worker without publishing	2026-10-09T12:50:07.4021555Z 
Publisher-owned smoke (rust, amd64)	Build local worker without publishing	2026-10-09T12:50:07.4033374Z #15 [builder  9/10] COPY deploy/lens/python_policy.c /tmp/python_policy.c
Publisher-owned smoke (rust, amd64)	Build local worker without publishing	2026-10-09T12:50:07.4033870Z #15 DONE 0.0s
Publisher-owned smoke (rust, amd64)	Build local worker without publishing	2026-10-09T12:50:07.4034039Z 
Publisher-owned smoke (rust, amd64)	Build local worker without publishing	2026-10-09T12:50:07.4034603Z #16 [builder 10/10] RUN cc -std=c11 -D_GNU_SOURCE -O2 -Wall -Wextra -Werror /tmp/python_policy.c -lseccomp -o /tmp/python-policy &&     /tmp/python-policy /tmp/python.seccomp
Publisher-owned smoke (rust, amd64)	Build local worker without publishing	2026-10-09T12:50:07.4434483Z #16 DONE 0.2s
Publisher-owned smoke (rust, amd64)	Build local worker without publishing	2026-10-09T12:50:07.5469532Z 
Publisher-owned smoke (rust, amd64)	Build local worker without publishing	2026-10-09T12:50:07.5470599Z #17 [service 5/8] COPY --from=builder /src/litellm-rust/target/release/litellm-lens /usr/local/bin/litellm-lens
Publisher-owned smoke (rust, amd64)	Build local worker without publishing	2026-10-09T12:50:07.6875309Z #17 DONE 0.1s
Publisher-owned smoke (rust, amd64)	Build local worker without publishing	2026-10-09T12:50:07.8531713Z 
Publisher-owned smoke (rust, amd64)	Build local worker without publishing	2026-10-09T12:50:07.8532676Z #18 [service 6/8] COPY --from=builder /tmp/python.seccomp /app/lens/python.seccomp
Publisher-owned smoke (rust, amd64)	Build local worker without publishing	2026-10-09T12:50:07.8533124Z #18 DONE 0.0s
Publisher-owned smoke (rust, amd64)	Build local worker without publishing	2026-10-09T12:50:07.8533226Z 
Publisher-owned smoke (rust, amd64)	Build local worker without publishing	2026-10-09T12:50:07.8533398Z #19 [service 7/8] COPY deploy/lens/python_runtime.py /tmp/python_runtime.py
Publisher-owned smoke (rust, amd64)	Build local worker without publishing	2026-10-09T12:50:07.8533760Z #19 DONE 0.0s
Publisher-owned smoke (rust, amd64)	Build local worker without publishing	2026-10-09T12:50:07.8533934Z 
Publisher-owned smoke (rust, amd64)	Build local worker without publishing	2026-10-09T12:50:07.8534330Z #20 [service 8/8] RUN python3.13 -S /tmp/python_runtime.py /app/lens/python-runtime.json && rm /tmp/python_runtime.py
Publisher-owned smoke (rust, amd64)	Build local worker without publishing	2026-10-09T12:50:07.9222130Z #20 DONE 0.2s
Publisher-owned smoke (rust, amd64)	Build local worker without publishing	2026-10-09T12:50:08.0734468Z 
Publisher-owned smoke (rust, amd64)	Build local worker without publishing	2026-10-09T12:50:08.0735212Z #21 exporting to image
Publisher-owned smoke (rust, amd64)	Build local worker without publishing	2026-10-09T12:50:08.0735465Z #21 exporting layers
Publisher-owned smoke (rust, amd64)	Build local worker without publishing	2026-10-09T12:50:08.6164229Z #21 exporting layers 0.7s done
Publisher-owned smoke (rust, amd64)	Build local worker without publishing	2026-10-09T12:50:08.6365923Z #21 writing image sha256:54c7ba2561a4e4c513659813ea1a9209613a435aa5ebf3ac51e78d769dd8d361 done
Publisher-owned smoke (rust, amd64)	Build local worker without publishing	2026-10-09T12:50:08.6367583Z #21 naming to docker.io/library/lens-runtime-fixture done
Publisher-owned smoke (rust, amd64)	Build local worker without publishing	2026-10-09T12:50:08.6368256Z #21 DONE 0.7s
Publisher-owned smoke (rust, amd64)	Run the exact publisher smoke with hostile source script	﻿2026-10-09T12:50:08.6447048Z ##[group]Run set -euo pipefail
Publisher-owned smoke (rust, amd64)	Run the exact publisher smoke with hostile source script	2026-10-09T12:50:08.6447262Z ^[[36;1mset -euo pipefail^[[0m
Publisher-owned smoke (rust, amd64)	Run the exact publisher smoke with hostile source script	2026-10-09T12:50:08.6447392Z ^[[36;1mpython3 - <<'PY'^[[0m
Publisher-owned smoke (rust, amd64)	Run the exact publisher smoke with hostile source script	2026-10-09T12:50:08.6447520Z ^[[36;1mfrom pathlib import Path^[[0m
Publisher-owned smoke (rust, amd64)	Run the exact publisher smoke with hostile source script	2026-10-09T12:50:08.6447657Z ^[[36;1mimport textwrap^[[0m
Publisher-owned smoke (rust, amd64)	Run the exact publisher smoke with hostile source script	2026-10-09T12:50:08.6447876Z ^[[36;1mtext = Path('publisher/.github/workflows/release-componentized-impl.yml').read_text()^[[0m
Publisher-owned smoke (rust, amd64)	Run the exact publisher smoke with hostile source script	2026-10-09T12:50:08.6448111Z ^[[36;1mscripts = []^[[0m
Publisher-owned smoke (rust, amd64)	Run the exact publisher smoke with hostile source script	2026-10-09T12:50:08.6448247Z ^[[36;1mfor job in ('build-amd64', 'build-arm64'):^[[0m
Publisher-owned smoke (rust, amd64)	Run the exact publisher smoke with hostile source script	2026-10-09T12:50:08.6448422Z ^[[36;1m    block = text.split(f'\n  {job}:\n', 1)[1]^[[0m
Publisher-owned smoke (rust, amd64)	Run the exact publisher smoke with hostile source script	2026-10-09T12:50:08.6448651Z ^[[36;1m    block = block.split('      - name: Smoke test the standalone Lens worker\n', 1)[1]^[[0m
Publisher-owned smoke (rust, amd64)	Run the exact publisher smoke with hostile source script	2026-10-09T12:50:08.6448890Z ^[[36;1m    block = block.split('\n      - name:', 1)[0]^[[0m
Publisher-owned smoke (rust, amd64)	Run the exact publisher smoke with hostile source script	2026-10-09T12:50:08.6449114Z ^[[36;1m    scripts.append(textwrap.dedent(block.split('        run: |\n', 1)[1]))^[[0m
Publisher-owned smoke (rust, amd64)	Run the exact publisher smoke with hostile source script	2026-10-09T12:50:08.6449340Z ^[[36;1massert scripts[0] == scripts[1]^[[0m
Publisher-owned smoke (rust, amd64)	Run the exact publisher smoke with hostile source script	2026-10-09T12:50:08.6449540Z ^[[36;1mPath('publisher-smoke.sh').write_text(scripts[0])^[[0m
Publisher-owned smoke (rust, amd64)	Run the exact publisher smoke with hostile source script	2026-10-09T12:50:08.6449795Z ^[[36;1mPath('source/deploy/lens/smoke.sh').write_text('echo SOURCE_SCRIPT_EXECUTED; exit 99\n')^[[0m
Publisher-owned smoke (rust, amd64)	Run the exact publisher smoke with hostile source script	2026-10-09T12:50:08.6450017Z ^[[36;1mPY^[[0m
Publisher-owned smoke (rust, amd64)	Run the exact publisher smoke with hostile source script	2026-10-09T12:50:08.6450118Z ^[[36;1mcd source^[[0m
Publisher-owned smoke (rust, amd64)	Run the exact publisher smoke with hostile source script	2026-10-09T12:50:08.6450366Z ^[[36;1m# A local registry exercises the same digest-addressed pull used by release jobs, without any publishing credentials.^[[0m
Publisher-owned smoke (rust, amd64)	Run the exact publisher smoke with hostile source script	2026-10-09T12:50:08.6450828Z ^[[36;1mdocker run -d --name fixture-registry -p 127.0.0.1:5000:5000 registry:2@sha256:a3d8aaa63ed8681a604f1dea0aa03f100d5895b6a58ace528858a7b332415373^[[0m
Publisher-owned smoke (rust, amd64)	Run the exact publisher smoke with hostile source script	2026-10-09T12:50:08.6451189Z ^[[36;1mtrap 'docker rm -f fixture-registry >/dev/null' EXIT^[[0m
Publisher-owned smoke (rust, amd64)	Run the exact publisher smoke with hostile source script	2026-10-09T12:50:08.6451370Z ^[[36;1mfor attempt in $(seq 1 30); do^[[0m
Publisher-owned smoke (rust, amd64)	Run the exact publisher smoke with hostile source script	2026-10-09T12:50:08.6451584Z ^[[36;1m  if curl --fail --silent http://127.0.0.1:5000/v2/ >/dev/null; then break; fi^[[0m
Publisher-owned smoke (rust, amd64)	Run the exact publisher smoke with hostile source script	2026-10-09T12:50:08.6451791Z ^[[36;1m  sleep 1^[[0m
Publisher-owned smoke (rust, amd64)	Run the exact publisher smoke with hostile source script	2026-10-09T12:50:08.6451897Z ^[[36;1mdone^[[0m
Publisher-owned smoke (rust, amd64)	Run the exact publisher smoke with hostile source script	2026-10-09T12:50:08.6452042Z ^[[36;1mcurl --fail --silent http://127.0.0.1:5000/v2/ >/dev/null^[[0m
Publisher-owned smoke (rust, amd64)	Run the exact publisher smoke with hostile source script	2026-10-09T12:50:08.6452511Z ^[[36;1mdocker tag lens-runtime-fixture localhost:5000/lens-runtime-fixture:ci^[[0m
Publisher-owned smoke (rust, amd64)	Run the exact publisher smoke with hostile source script	2026-10-09T12:50:08.6452750Z ^[[36;1mdocker push localhost:5000/lens-runtime-fixture:ci^[[0m
Publisher-owned smoke (rust, amd64)	Run the exact publisher smoke with hostile source script	2026-10-09T12:50:08.6453031Z ^[[36;1mIMAGE=$(docker image inspect --format '{{index .RepoDigests 0}}' localhost:5000/lens-runtime-fixture:ci)^[[0m
Publisher-owned smoke (rust, amd64)	Run the exact publisher smoke with hostile source script	2026-10-09T12:50:08.6453284Z ^[[36;1mexport IMAGE^[[0m
Publisher-owned smoke (rust, amd64)	Run the exact publisher smoke with hostile source script	2026-10-09T12:50:08.6453410Z ^[[36;1mbash ../publisher-smoke.sh^[[0m
Publisher-owned smoke (rust, amd64)	Run the exact publisher smoke with hostile source script	2026-10-09T12:50:08.6453621Z ^[[36;1mcosign generate-key-pair --output-key-prefix "${RUNNER_TEMP}/test-cosign"^[[0m
Publisher-owned smoke (rust, amd64)	Run the exact publisher smoke with hostile source script	2026-10-09T12:50:08.6453935Z ^[[36;1mif cosign verify --insecure-ignore-tlog --key "${RUNNER_TEMP}/test-cosign.pub" "${IMAGE}"; then^[[0m
Publisher-owned smoke (rust, amd64)	Run the exact publisher smoke with hostile source script	2026-10-09T12:50:08.6454212Z ^[[36;1m  echo "::error::Unsigned worker unexpectedly verified"^[[0m
Publisher-owned smoke (rust, amd64)	Run the exact publisher smoke with hostile source script	2026-10-09T12:50:08.6454519Z ^[[36;1m  exit 1^[[0m
Publisher-owned smoke (rust, amd64)	Run the exact publisher smoke with hostile source script	2026-10-09T12:50:08.6454624Z ^[[36;1mfi^[[0m
Publisher-owned smoke (rust, amd64)	Run the exact publisher smoke with hostile source script	2026-10-09T12:50:08.6454805Z ^[[36;1mcosign sign --yes --tlog-upload=false --key "${RUNNER_TEMP}/test-cosign.key" \^[[0m
Publisher-owned smoke (rust, amd64)	Run the exact publisher smoke with hostile source script	2026-10-09T12:50:08.6455079Z ^[[36;1m  -a "release-tag=${RELEASE_TAG}" -a "source-sha=${SOURCE_SHA}" "${IMAGE}"^[[0m
Publisher-owned smoke (rust, amd64)	Run the exact publisher smoke with hostile source script	2026-10-09T12:50:08.6455351Z ^[[36;1mcosign verify --insecure-ignore-tlog --key "${RUNNER_TEMP}/test-cosign.pub" \^[[0m
Publisher-owned smoke (rust, amd64)	Run the exact publisher smoke with hostile source script	2026-10-09T12:50:08.6455622Z ^[[36;1m  -a "release-tag=${RELEASE_TAG}" -a "source-sha=${SOURCE_SHA}" "${IMAGE}"^[[0m
Publisher-owned smoke (rust, amd64)	Run the exact publisher smoke with hostile source script	2026-10-09T12:50:08.6455896Z ^[[36;1mif cosign verify --insecure-ignore-tlog --key "${RUNNER_TEMP}/test-cosign.pub" \^[[0m
Publisher-owned smoke (rust, amd64)	Run the exact publisher smoke with hostile source script	2026-10-09T12:50:08.6456152Z ^[[36;1m  -a "release-tag=v0.0.0-wrong-release" "${IMAGE}"; then^[[0m
Publisher-owned smoke (rust, amd64)	Run the exact publisher smoke with hostile source script	2026-10-09T12:50:08.6456377Z ^[[36;1m  echo "::error::Worker from another release unexpectedly verified"^[[0m
Publisher-owned smoke (rust, amd64)	Run the exact publisher smoke with hostile source script	2026-10-09T12:50:08.6456565Z ^[[36;1m  exit 1^[[0m
Publisher-owned smoke (rust, amd64)	Run the exact publisher smoke with hostile source script	2026-10-09T12:50:08.6456667Z ^[[36;1mfi^[[0m
Publisher-owned smoke (rust, amd64)	Run the exact publisher smoke with hostile source script	2026-10-09T12:50:08.6456852Z ^[[36;1mif cosign verify --insecure-ignore-tlog --key "${RUNNER_TEMP}/test-cosign.pub" \^[[0m
Publisher-owned smoke (rust, amd64)	Run the exact publisher smoke with hostile source script	2026-10-09T12:50:08.6457181Z ^[[36;1m  -a "release-tag=${RELEASE_TAG}" -a "source-sha=0000000000000000000000000000000000000000" "${IMAGE}"; then^[[0m
Publisher-owned smoke (rust, amd64)	Run the exact publisher smoke with hostile source script	2026-10-09T12:50:08.6457593Z ^[[36;1m  echo "::error::Worker from another source commit unexpectedly verified"^[[0m
Publisher-owned smoke (rust, amd64)	Run the exact publisher smoke with hostile source script	2026-10-09T12:50:08.6457786Z ^[[36;1m  exit 1^[[0m
Publisher-owned smoke (rust, amd64)	Run the exact publisher smoke with hostile source script	2026-10-09T12:50:08.6457887Z ^[[36;1mfi^[[0m
Publisher-owned smoke (rust, amd64)	Run the exact publisher smoke with hostile source script	2026-10-09T12:50:08.6506757Z shell: /usr/bin/bash -e {0}
Publisher-owned smoke (rust, amd64)	Run the exact publisher smoke with hostile source script	2026-10-09T12:50:08.6506892Z env:
Publisher-owned smoke (rust, amd64)	Run the exact publisher smoke with hostile source script	2026-10-09T12:50:08.6507003Z   IMAGE: lens-runtime-fixture
Publisher-owned smoke (rust, amd64)	Run the exact publisher smoke with hostile source script	2026-10-09T12:50:08.6507139Z   RELEASE_TAG: v0.0.0-lens-ci
Publisher-owned smoke (rust, amd64)	Run the exact publisher smoke with hostile source script	2026-10-09T12:50:08.6507291Z   SOURCE_SHA: 890ffe54f62fca28ccbdb1ad95d317f3cd351b8c
Publisher-owned smoke (rust, amd64)	Run the exact publisher smoke with hostile source script	2026-10-09T12:50:08.6507461Z   COSIGN_PASSWORD: 
Publisher-owned smoke (rust, amd64)	Run the exact publisher smoke with hostile source script	2026-10-09T12:50:08.6507572Z ##[endgroup]
Publisher-owned smoke (rust, amd64)	Run the exact publisher smoke with hostile source script	2026-10-09T12:50:08.6853179Z Unable to find image 'registry:2@sha256:a3d8aaa63ed8681a604f1dea0aa03f100d5895b6a58ace528858a7b332415373' locally
Publisher-owned smoke (rust, amd64)	Run the exact publisher smoke with hostile source script	2026-10-09T12:50:09.0583456Z docker.io/library/registry@sha256:a3d8aaa63ed8681a604f1dea0aa03f100d5895b6a58ace528858a7b332415373: Pulling from library/registry
Publisher-owned smoke (rust, amd64)	Run the exact publisher smoke with hostile source script	2026-10-09T12:50:09.2130747Z 44cf07d57ee4: Pulling fs layer
Publisher-owned smoke (rust, amd64)	Run the exact publisher smoke with hostile source script	2026-10-09T12:50:09.2131220Z bbbdd6c6894b: Pulling fs layer
Publisher-owned smoke (rust, amd64)	Run the exact publisher smoke with hostile source script	2026-10-09T12:50:09.2131435Z 8e82f80af0de: Pulling fs layer
Publisher-owned smoke (rust, amd64)	Run the exact publisher smoke with hostile source script	2026-10-09T12:50:09.2131620Z 3493bf46cdec: Pulling fs layer
Publisher-owned smoke (rust, amd64)	Run the exact publisher smoke with hostile source script	2026-10-09T12:50:09.2131799Z 6d464ea18732: Pulling fs layer
Publisher-owned smoke (rust, amd64)	Run the exact publisher smoke with hostile source script	2026-10-09T12:50:09.2131987Z 3493bf46cdec: Waiting
Publisher-owned smoke (rust, amd64)	Run the exact publisher smoke with hostile source script	2026-10-09T12:50:09.2132152Z 6d464ea18732: Waiting
Publisher-owned smoke (rust, amd64)	Run the exact publisher smoke with hostile source script	2026-10-09T12:50:09.3875862Z bbbdd6c6894b: Verifying Checksum
Publisher-owned smoke (rust, amd64)	Run the exact publisher smoke with hostile source script	2026-10-09T12:50:09.3876227Z bbbdd6c6894b: Download complete
Publisher-owned smoke (rust, amd64)	Run the exact publisher smoke with hostile source script	2026-10-09T12:50:09.4660884Z 44cf07d57ee4: Verifying Checksum
Publisher-owned smoke (rust, amd64)	Run the exact publisher smoke with hostile source script	2026-10-09T12:50:09.4661426Z 44cf07d57ee4: Download complete
Publisher-owned smoke (rust, amd64)	Run the exact publisher smoke with hostile source script	2026-10-09T12:50:09.5103851Z 3493bf46cdec: Verifying Checksum
Publisher-owned smoke (rust, amd64)	Run the exact publisher smoke with hostile source script	2026-10-09T12:50:09.5116366Z 3493bf46cdec: Download complete
Publisher-owned smoke (rust, amd64)	Run the exact publisher smoke with hostile source script	2026-10-09T12:50:09.5257788Z 8e82f80af0de: Verifying Checksum
Publisher-owned smoke (rust, amd64)	Run the exact publisher smoke with hostile source script	2026-10-09T12:50:09.5258248Z 8e82f80af0de: Download complete
Publisher-owned smoke (rust, amd64)	Run the exact publisher smoke with hostile source script	2026-10-09T12:50:09.5438714Z 44cf07d57ee4: Pull complete
Publisher-owned smoke (rust, amd64)	Run the exact publisher smoke with hostile source script	2026-10-09T12:50:09.5932870Z 6d464ea18732: Verifying Checksum
Publisher-owned smoke (rust, amd64)	Run the exact publisher smoke with hostile source script	2026-10-09T12:50:09.5933126Z 6d464ea18732: Download complete
Publisher-owned smoke (rust, amd64)	Run the exact publisher smoke with hostile source script	2026-10-09T12:50:09.8004605Z bbbdd6c6894b: Pull complete
Publisher-owned smoke (rust, amd64)	Run the exact publisher smoke with hostile source script	2026-10-09T12:50:10.0440293Z 8e82f80af0de: Pull complete
Publisher-owned smoke (rust, amd64)	Run the exact publisher smoke with hostile source script	2026-10-09T12:50:10.0542715Z 3493bf46cdec: Pull complete
Publisher-owned smoke (rust, amd64)	Run the exact publisher smoke with hostile source script	2026-10-09T12:50:10.0645874Z 6d464ea18732: Pull complete
Publisher-owned smoke (rust, amd64)	Run the exact publisher smoke with hostile source script	2026-10-09T12:50:10.0675627Z Digest: sha256:a3d8aaa63ed8681a604f1dea0aa03f100d5895b6a58ace528858a7b332415373
Publisher-owned smoke (rust, amd64)	Run the exact publisher smoke with hostile source script	2026-10-09T12:50:10.0683497Z Status: Downloaded newer image for registry@sha256:a3d8aaa63ed8681a604f1dea0aa03f100d5895b6a58ace528858a7b332415373
Publisher-owned smoke (rust, amd64)	Run the exact publisher smoke with hostile source script	2026-10-09T12:50:10.0860135Z b5c2489672601a604780a28afb2d8b43597c0e95aa3f26d350829dca7f935d84
Publisher-owned smoke (rust, amd64)	Run the exact publisher smoke with hostile source script	2026-10-09T12:50:10.2697525Z The push refers to repository [localhost:5000/lens-runtime-fixture]
Publisher-owned smoke (rust, amd64)	Run the exact publisher smoke with hostile source script	2026-10-09T12:50:10.2725362Z 1ba7b1d9f0b2: Preparing
Publisher-owned smoke (rust, amd64)	Run the exact publisher smoke with hostile source script	2026-10-09T12:50:10.2725829Z f4af35132ff7: Preparing
Publisher-owned smoke (rust, amd64)	Run the exact publisher smoke with hostile source script	2026-10-09T12:50:10.2726770Z b0a6f4d1e9b4: Preparing
Publisher-owned smoke (rust, amd64)	Run the exact publisher smoke with hostile source script	2026-10-09T12:50:10.2726977Z acaac78bab4a: Preparing
Publisher-owned smoke (rust, amd64)	Run the exact publisher smoke with hostile source script	2026-10-09T12:50:10.2727482Z 4cb7b62cc0d5: Preparing
Publisher-owned smoke (rust, amd64)	Run the exact publisher smoke with hostile source script	2026-10-09T12:50:10.2727655Z 8601ac7f7f72: Preparing
Publisher-owned smoke (rust, amd64)	Run the exact publisher smoke with hostile source script	2026-10-09T12:50:10.2727846Z 5f70bf18a086: Preparing
Publisher-owned smoke (rust, amd64)	Run the exact publisher smoke with hostile source script	2026-10-09T12:50:10.2728031Z 82eee4c8993a: Preparing
Publisher-owned smoke (rust, amd64)	Run the exact publisher smoke with hostile source script	2026-10-09T12:50:10.2728203Z 33af4ac33fff: Preparing
Publisher-owned smoke (rust, amd64)	Run the exact publisher smoke with hostile source script	2026-10-09T12:50:10.2728374Z 4d95399cd589: Preparing
Publisher-owned smoke (rust, amd64)	Run the exact publisher smoke with hostile source script	2026-10-09T12:50:10.2728544Z 6a6e12f0d5f2: Preparing
Publisher-owned smoke (rust, amd64)	Run the exact publisher smoke with hostile source script	2026-10-09T12:50:10.2728726Z 1ab0a42ee020: Preparing
Publisher-owned smoke (rust, amd64)	Run the exact publisher smoke with hostile source script	2026-10-09T12:50:10.2728896Z 6a0c47c1ef4c: Preparing
Publisher-owned smoke (rust, amd64)	Run the exact publisher smoke with hostile source script	2026-10-09T12:50:10.2729069Z 808bba1f7ed0: Preparing
Publisher-owned smoke (rust, amd64)	Run the exact publisher smoke with hostile source script	2026-10-09T12:50:10.2729245Z b9165a4cb6cc: Preparing
Publisher-owned smoke (rust, amd64)	Run the exact publisher smoke with hostile source script	2026-10-09T12:50:10.2729425Z f853e0b8057a: Preparing
Publisher-owned smoke (rust, amd64)	Run the exact publisher smoke with hostile source script	2026-10-09T12:50:10.2729602Z 475ef483a00b: Preparing
Publisher-owned smoke (rust, amd64)	Run the exact publisher smoke with hostile source script	2026-10-09T12:50:10.2729772Z b76b7633da4f: Preparing
Publisher-owned smoke (rust, amd64)	Run the exact publisher smoke with hostile source script	2026-10-09T12:50:10.2729940Z 5f70bf18a086: Waiting
Publisher-owned smoke (rust, amd64)	Run the exact publisher smoke with hostile source script	2026-10-09T12:50:10.2730107Z 82eee4c8993a: Waiting
Publisher-owned smoke (rust, amd64)	Run the exact publisher smoke with hostile source script	2026-10-09T12:50:10.2730285Z 33af4ac33fff: Waiting
Publisher-owned smoke (rust, amd64)	Run the exact publisher smoke with hostile source script	2026-10-09T12:50:10.2730448Z 4d95399cd589: Waiting
Publisher-owned smoke (rust, amd64)	Run the exact publisher smoke with hostile source script	2026-10-09T12:50:10.2730609Z 6a6e12f0d5f2: Waiting
Publisher-owned smoke (rust, amd64)	Run the exact publisher smoke with hostile source script	2026-10-09T12:50:10.2730771Z 1ab0a42ee020: Waiting
Publisher-owned smoke (rust, amd64)	Run the exact publisher smoke with hostile source script	2026-10-09T12:50:10.2730943Z 6a0c47c1ef4c: Waiting
Publisher-owned smoke (rust, amd64)	Run the exact publisher smoke with hostile source script	2026-10-09T12:50:10.2731115Z 808bba1f7ed0: Waiting
Publisher-owned smoke (rust, amd64)	Run the exact publisher smoke with hostile source script	2026-10-09T12:50:10.2731431Z b9165a4cb6cc: Waiting
Publisher-owned smoke (rust, amd64)	Run the exact publisher smoke with hostile source script	2026-10-09T12:50:10.2731618Z f853e0b8057a: Waiting
Publisher-owned smoke (rust, amd64)	Run the exact publisher smoke with hostile source script	2026-10-09T12:50:10.2731783Z 475ef483a00b: Waiting
Publisher-owned smoke (rust, amd64)	Run the exact publisher smoke with hostile source script	2026-10-09T12:50:10.2731946Z b76b7633da4f: Waiting
Publisher-owned smoke (rust, amd64)	Run the exact publisher smoke with hostile source script	2026-10-09T12:50:10.2736686Z 8601ac7f7f72: Waiting
Publisher-owned smoke (rust, amd64)	Run the exact publisher smoke with hostile source script	2026-10-09T12:50:10.3409552Z b0a6f4d1e9b4: Pushed
Publisher-owned smoke (rust, amd64)	Run the exact publisher smoke with hostile source script	2026-10-09T12:50:10.3410002Z 1ba7b1d9f0b2: Pushed
Publisher-owned smoke (rust, amd64)	Run the exact publisher smoke with hostile source script	2026-10-09T12:50:10.3412612Z 4cb7b62cc0d5: Pushed
Publisher-owned smoke (rust, amd64)	Run the exact publisher smoke with hostile source script	2026-10-09T12:50:10.3432401Z f4af35132ff7: Pushed
Publisher-owned smoke (rust, amd64)	Run the exact publisher smoke with hostile source script	2026-10-09T12:50:10.7988944Z 5f70bf18a086: Pushed
Publisher-owned smoke (rust, amd64)	Run the exact publisher smoke with hostile source script	2026-10-09T12:50:10.7989461Z 33af4ac33fff: Pushed
Publisher-owned smoke (rust, amd64)	Run the exact publisher smoke with hostile source script	2026-10-09T12:50:10.7990316Z 82eee4c8993a: Pushed
Publisher-owned smoke (rust, amd64)	Run the exact publisher smoke with hostile source script	2026-10-09T12:50:10.8488883Z acaac78bab4a: Pushed
Publisher-owned smoke (rust, amd64)	Run the exact publisher smoke with hostile source script	2026-10-09T12:50:10.8987017Z 4d95399cd589: Pushed
Publisher-owned smoke (rust, amd64)	Run the exact publisher smoke with hostile source script	2026-10-09T12:50:10.8987439Z 6a6e12f0d5f2: Pushed
Publisher-owned smoke (rust, amd64)	Run the exact publisher smoke with hostile source script	2026-10-09T12:50:10.9022787Z 1ab0a42ee020: Pushed
Publisher-owned smoke (rust, amd64)	Run the exact publisher smoke with hostile source script	2026-10-09T12:50:10.9196793Z 6a0c47c1ef4c: Pushed
Publisher-owned smoke (rust, amd64)	Run the exact publisher smoke with hostile source script	2026-10-09T12:50:11.1856376Z 808bba1f7ed0: Pushed
Publisher-owned smoke (rust, amd64)	Run the exact publisher smoke with hostile source script	2026-10-09T12:50:11.2331537Z f853e0b8057a: Pushed
Publisher-owned smoke (rust, amd64)	Run the exact publisher smoke with hostile source script	2026-10-09T12:50:11.2350073Z b9165a4cb6cc: Pushed
Publisher-owned smoke (rust, amd64)	Run the exact publisher smoke with hostile source script	2026-10-09T12:50:11.4221434Z 475ef483a00b: Pushed
Publisher-owned smoke (rust, amd64)	Run the exact publisher smoke with hostile source script	2026-10-09T12:50:11.5602768Z b76b7633da4f: Pushed
Publisher-owned smoke (rust, amd64)	Run the exact publisher smoke with hostile source script	2026-10-09T12:50:12.3301007Z 8601ac7f7f72: Pushed
Publisher-owned smoke (rust, amd64)	Run the exact publisher smoke with hostile source script	2026-10-09T12:50:12.3435255Z ci: digest: sha256:e8aebddc606c079736017d0acdd2dbe46da5e07a5aecf4a69f68a63814533e17 size: 4081
Publisher-owned smoke (rust, amd64)	Run the exact publisher smoke with hostile source script	2026-10-09T12:50:12.3751345Z localhost:5000/lens-runtime-fixture@sha256:e8aebddc606c079736017d0acdd2dbe46da5e07a5aecf4a69f68a63814533e17: Pulling from lens-runtime-fixture
Publisher-owned smoke (rust, amd64)	Run the exact publisher smoke with hostile source script	2026-10-09T12:50:12.3760552Z Digest: sha256:e8aebddc606c079736017d0acdd2dbe46da5e07a5aecf4a69f68a63814533e17
Publisher-owned smoke (rust, amd64)	Run the exact publisher smoke with hostile source script	2026-10-09T12:50:12.3761212Z Status: Image is up to date for localhost:5000/lens-runtime-fixture@sha256:e8aebddc606c079736017d0acdd2dbe46da5e07a5aecf4a69f68a63814533e17
Publisher-owned smoke (rust, amd64)	Run the exact publisher smoke with hostile source script	2026-10-09T12:50:12.3772764Z localhost:5000/lens-runtime-fixture@sha256:e8aebddc606c079736017d0acdd2dbe46da5e07a5aecf4a69f68a63814533e17
Publisher-owned smoke (rust, amd64)	Run the exact publisher smoke with hostile source script	2026-10-09T12:50:12.8752149Z Private key written to /home/runner/work/_temp/test-cosign.key
Publisher-owned smoke (rust, amd64)	Run the exact publisher smoke with hostile source script	2026-10-09T12:50:12.8762969Z Public key written to /home/runner/work/_temp/test-cosign.pub
Publisher-owned smoke (rust, amd64)	Run the exact publisher smoke with hostile source script	2026-10-09T12:50:12.8931938Z WARNING: Skipping tlog verification is an insecure practice that lacks of transparency and auditability verification for the signature.
Publisher-owned smoke (rust, amd64)	Run the exact publisher smoke with hostile source script	2026-10-09T12:50:12.8968242Z Error: no signatures found
Publisher-owned smoke (rust, amd64)	Run the exact publisher smoke with hostile source script	2026-10-09T12:50:12.8968636Z error during command execution: no signatures found
Publisher-owned smoke (rust, amd64)	Run the exact publisher smoke with hostile source script	2026-10-09T12:50:13.0125583Z Pushing signature to: localhost:5000/lens-runtime-fixture
Publisher-owned smoke (rust, amd64)	Run the exact publisher smoke with hostile source script	2026-10-09T12:50:13.0473170Z WARNING: Skipping tlog verification is an insecure practice that lacks of transparency and auditability verification for the signature.
Publisher-owned smoke (rust, amd64)	Run the exact publisher smoke with hostile source script	2026-10-09T12:50:13.0526769Z 
Publisher-owned smoke (rust, amd64)	Run the exact publisher smoke with hostile source script	2026-10-09T12:50:13.0527228Z 
Publisher-owned smoke (rust, amd64)	Run the exact publisher smoke with hostile source script	2026-10-09T12:50:13.0528387Z Verification for localhost:5000/lens-runtime-fixture@sha256:e8aebddc606c079736017d0acdd2dbe46da5e07a5aecf4a69f68a63814533e17 --
Publisher-owned smoke (rust, amd64)	Run the exact publisher smoke with hostile source script	2026-10-09T12:50:13.0529887Z [{"critical":{"identity":{"docker-reference":"localhost:5000/lens-runtime-fixture"},"image":{"docker-manifest-digest":"sha256:e8aebddc606c079736017d0acdd2dbe46da5e07a5aecf4a69f68a63814533e17"},"type":"cosign container image signature"},"optional":{"release-tag":"v0.0.0-lens-ci","source-sha":"890ffe54f62fca28ccbdb1ad95d317f3cd351b8c"}}]
Publisher-owned smoke (rust, amd64)	Run the exact publisher smoke with hostile source script	2026-10-09T12:50:13.0531432Z The following checks were performed on each of these signatures:
Publisher-owned smoke (rust, amd64)	Run the exact publisher smoke with hostile source script	2026-10-09T12:50:13.0531936Z   - The specified annotations were verified.
Publisher-owned smoke (rust, amd64)	Run the exact publisher smoke with hostile source script	2026-10-09T12:50:13.0532399Z   - The cosign claims were validated
Publisher-owned smoke (rust, amd64)	Run the exact publisher smoke with hostile source script	2026-10-09T12:50:13.0532777Z   - The signatures were verified against the specified public key
Publisher-owned smoke (rust, amd64)	Run the exact publisher smoke with hostile source script	2026-10-09T12:50:13.0697814Z WARNING: Skipping tlog verification is an insecure practice that lacks of transparency and auditability verification for the signature.
Publisher-owned smoke (rust, amd64)	Run the exact publisher smoke with hostile source script	2026-10-09T12:50:13.0741815Z Error: no matching signatures: missing or incorrect annotation
Publisher-owned smoke (rust, amd64)	Run the exact publisher smoke with hostile source script	2026-10-09T12:50:13.0743444Z error during command execution: no matching signatures: missing or incorrect annotation
Publisher-owned smoke (rust, amd64)	Run the exact publisher smoke with hostile source script	2026-10-09T12:50:13.0910592Z WARNING: Skipping tlog verification is an insecure practice that lacks of transparency and auditability verification for the signature.
Publisher-owned smoke (rust, amd64)	Run the exact publisher smoke with hostile source script	2026-10-09T12:50:13.0963269Z Error: no matching signatures: missing or incorrect annotation
Publisher-owned smoke (rust, amd64)	Run the exact publisher smoke with hostile source script	2026-10-09T12:50:13.0963754Z error during command execution: no matching signatures: missing or incorrect annotation
Publisher-owned smoke (rust, amd64)	Post Checkout immutable worker fixture	﻿2026-10-09T12:50:13.2195350Z Post job cleanup.
Publisher-owned smoke (rust, amd64)	Post Checkout immutable worker fixture	2026-10-09T12:50:13.2790625Z [command]/usr/bin/git version
Publisher-owned smoke (rust, amd64)	Post Checkout immutable worker fixture	2026-10-09T12:50:13.2830932Z git version 2.55.0
Publisher-owned smoke (rust, amd64)	Post Checkout immutable worker fixture	2026-10-09T12:50:13.2855104Z Temporarily overriding HOME='/home/runner/work/_temp/995ca50f-bb3b-4fd2-bef6-5241732b0162' before making global git config changes
Publisher-owned smoke (rust, amd64)	Post Checkout immutable worker fixture	2026-10-09T12:50:13.2855981Z Adding repository directory to the temporary git global config as a safe directory
Publisher-owned smoke (rust, amd64)	Post Checkout immutable worker fixture	2026-10-09T12:50:13.2861037Z [command]/usr/bin/git config --global --add safe.directory /home/runner/work/project-releaser/project-releaser/source
Publisher-owned smoke (rust, amd64)	Post Checkout immutable worker fixture	2026-10-09T12:50:13.2895426Z Removing SSH command configuration
Publisher-owned smoke (rust, amd64)	Post Checkout immutable worker fixture	2026-10-09T12:50:13.2900069Z [command]/usr/bin/git config --local --name-only --get-regexp core\.sshCommand
Publisher-owned smoke (rust, amd64)	Post Checkout immutable worker fixture	2026-10-09T12:50:13.2929507Z [command]/usr/bin/git submodule foreach --recursive sh -c "git config --local --name-only --get-regexp 'core\.sshCommand' && git config --local --unset-all 'core.sshCommand' || :"
Publisher-owned smoke (rust, amd64)	Post Checkout immutable worker fixture	2026-10-09T12:50:13.3125329Z Removing HTTP extra header
Publisher-owned smoke (rust, amd64)	Post Checkout immutable worker fixture	2026-10-09T12:50:13.3129822Z [command]/usr/bin/git config --local --name-only --get-regexp http\.https\:\/\/github\.com\/\.extraheader
Publisher-owned smoke (rust, amd64)	Post Checkout immutable worker fixture	2026-10-09T12:50:13.3158969Z [command]/usr/bin/git submodule foreach --recursive sh -c "git config --local --name-only --get-regexp 'http\.https\:\/\/github\.com\/\.extraheader' && git config --local --unset-all 'http.https://github.com/.extraheader' || :"
Publisher-owned smoke (rust, amd64)	Post Checkout immutable worker fixture	2026-10-09T12:50:13.3357018Z Removing includeIf entries pointing to credentials config files
Publisher-owned smoke (rust, amd64)	Post Checkout immutable worker fixture	2026-10-09T12:50:13.3368296Z [command]/usr/bin/git config --local --name-only --get-regexp ^includeIf\.gitdir:
Publisher-owned smoke (rust, amd64)	Post Checkout immutable worker fixture	2026-10-09T12:50:13.3393860Z [command]/usr/bin/git submodule foreach --recursive git config --local --show-origin --name-only --get-regexp remote.origin.url
Publisher-owned smoke (rust, amd64)	Post Checkout publisher	﻿2026-10-09T12:50:13.3705914Z Post job cleanup.
Publisher-owned smoke (rust, amd64)	Post Checkout publisher	2026-10-09T12:50:13.4283391Z [command]/usr/bin/git version
Publisher-owned smoke (rust, amd64)	Post Checkout publisher	2026-10-09T12:50:13.4322043Z git version 2.55.0
Publisher-owned smoke (rust, amd64)	Post Checkout publisher	2026-10-09T12:50:13.4347358Z Temporarily overriding HOME='/home/runner/work/_temp/aef5aea5-1381-428a-830e-689819ade38b' before making global git config changes
Publisher-owned smoke (rust, amd64)	Post Checkout publisher	2026-10-09T12:50:13.4348254Z Adding repository directory to the temporary git global config as a safe directory
Publisher-owned smoke (rust, amd64)	Post Checkout publisher	2026-10-09T12:50:13.4349011Z [command]/usr/bin/git config --global --add safe.directory /home/runner/work/project-releaser/project-releaser/publisher
Publisher-owned smoke (rust, amd64)	Post Checkout publisher	2026-10-09T12:50:13.4377220Z Removing SSH command configuration
Publisher-owned smoke (rust, amd64)	Post Checkout publisher	2026-10-09T12:50:13.4381393Z [command]/usr/bin/git config --local --name-only --get-regexp core\.sshCommand
Publisher-owned smoke (rust, amd64)	Post Checkout publisher	2026-10-09T12:50:13.4410780Z [command]/usr/bin/git submodule foreach --recursive sh -c "git config --local --name-only --get-regexp 'core\.sshCommand' && git config --local --unset-all 'core.sshCommand' || :"
Publisher-owned smoke (rust, amd64)	Post Checkout publisher	2026-10-09T12:50:13.4588786Z Removing HTTP extra header
Publisher-owned smoke (rust, amd64)	Post Checkout publisher	2026-10-09T12:50:13.4592960Z [command]/usr/bin/git config --local --name-only --get-regexp http\.https\:\/\/github\.com\/\.extraheader
Publisher-owned smoke (rust, amd64)	Post Checkout publisher	2026-10-09T12:50:13.4618946Z [command]/usr/bin/git submodule foreach --recursive sh -c "git config --local --name-only --get-regexp 'http\.https\:\/\/github\.com\/\.extraheader' && git config --local --unset-all 'http.https://github.com/.extraheader' || :"
Publisher-owned smoke (rust, amd64)	Post Checkout publisher	2026-10-09T12:50:13.4783332Z Removing includeIf entries pointing to credentials config files
Publisher-owned smoke (rust, amd64)	Post Checkout publisher	2026-10-09T12:50:13.4787428Z [command]/usr/bin/git config --local --name-only --get-regexp ^includeIf\.gitdir:
Publisher-owned smoke (rust, amd64)	Post Checkout publisher	2026-10-09T12:50:13.4813795Z [command]/usr/bin/git submodule foreach --recursive git config --local --show-origin --name-only --get-regexp remote.origin.url
Publisher-owned smoke (rust, amd64)	Complete job	﻿2026-10-09T12:50:13.5096270Z Cleaning up orphan processes
Publisher-owned smoke (rust, arm64)	Set up job	﻿2026-10-09T12:41:54.1439009Z Current runner version: '2.337.0'
Publisher-owned smoke (rust, arm64)	Set up job	2026-10-09T12:41:54.1468177Z ##[group]Runner Image Provisioner
Publisher-owned smoke (rust, arm64)	Set up job	2026-10-09T12:41:54.1469122Z Hosted Compute Agent
Publisher-owned smoke (rust, arm64)	Set up job	2026-10-09T12:41:54.1469917Z Version: 20261002.596
Publisher-owned smoke (rust, arm64)	Set up job	2026-10-09T12:41:54.1470632Z Commit: c3d12f3313a95f25162a1503be624f3b0617f8c0
Publisher-owned smoke (rust, arm64)	Set up job	2026-10-09T12:41:54.1471454Z Build Date: 2026-10-02T22:28:27Z
Publisher-owned smoke (rust, arm64)	Set up job	2026-10-09T12:41:54.1472168Z Worker ID: {378b69f3-3a46-48f9-b6d7-07a977292683}
Publisher-owned smoke (rust, arm64)	Set up job	2026-10-09T12:41:54.1472865Z Region: westus3
Publisher-owned smoke (rust, arm64)	Set up job	2026-10-09T12:41:54.1473517Z Cloud: Azure
Publisher-owned smoke (rust, arm64)	Set up job	2026-10-09T12:41:54.1474058Z ##[endgroup]
Publisher-owned smoke (rust, arm64)	Set up job	2026-10-09T12:41:54.1475841Z ##[group]Operating System
Publisher-owned smoke (rust, arm64)	Set up job	2026-10-09T12:41:54.1476550Z Ubuntu
Publisher-owned smoke (rust, arm64)	Set up job	2026-10-09T12:41:54.1477534Z 24.04.5
Publisher-owned smoke (rust, arm64)	Set up job	2026-10-09T12:41:54.1478162Z LTS
Publisher-owned smoke (rust, arm64)	Set up job	2026-10-09T12:41:54.1478719Z ##[endgroup]
Publisher-owned smoke (rust, arm64)	Set up job	2026-10-09T12:41:54.1479365Z ##[group]Runner Image
Publisher-owned smoke (rust, arm64)	Set up job	2026-10-09T12:41:54.1479996Z Image: ubuntu-24.04-arm
Publisher-owned smoke (rust, arm64)	Set up job	2026-10-09T12:41:54.1480581Z Version: 20261004.142.1
Publisher-owned smoke (rust, arm64)	Set up job	2026-10-09T12:41:54.1481746Z Included Software: https://github.com/actions/runner-images/blob/ubuntu24-arm64/20261004.142/images/ubuntu/Ubuntu2404-Arm64-Readme.md
Publisher-owned smoke (rust, arm64)	Set up job	2026-10-09T12:41:54.1483638Z Image Release: https://github.com/actions/runner-images/releases/tag/ubuntu24-arm64%2F20261004.142
Publisher-owned smoke (rust, arm64)	Set up job	2026-10-09T12:41:54.1484621Z ##[endgroup]
Publisher-owned smoke (rust, arm64)	Set up job	2026-10-09T12:41:54.1485721Z ##[group]GITHUB_TOKEN Permissions
Publisher-owned smoke (rust, arm64)	Set up job	2026-10-09T12:41:54.1488436Z Contents: read
Publisher-owned smoke (rust, arm64)	Set up job	2026-10-09T12:41:54.1489105Z Metadata: read
Publisher-owned smoke (rust, arm64)	Set up job	2026-10-09T12:41:54.1489811Z ##[endgroup]
Publisher-owned smoke (rust, arm64)	Set up job	2026-10-09T12:41:54.1492175Z Secret source: Actions
Publisher-owned smoke (rust, arm64)	Set up job	2026-10-09T12:41:54.1493315Z Cache mode: write
Publisher-owned smoke (rust, arm64)	Set up job	2026-10-09T12:41:54.1494059Z Prepare workflow directory
Publisher-owned smoke (rust, arm64)	Set up job	2026-10-09T12:41:54.1852054Z Prepare all required actions
Publisher-owned smoke (rust, arm64)	Set up job	2026-10-09T12:41:54.1912713Z Getting action download info
Publisher-owned smoke (rust, arm64)	Set up job	2026-10-09T12:41:54.5208211Z Download action repository 'actions/checkout@9c091bb21b7c1c1d1991bb908d89e4e9dddfe3e0' (SHA:9c091bb21b7c1c1d1991bb908d89e4e9dddfe3e0)
Publisher-owned smoke (rust, arm64)	Set up job	2026-10-09T12:41:54.6331586Z Download action repository 'sigstore/cosign-installer@3454372f43399081ed03b604cb2d021dabca52bb' (SHA:3454372f43399081ed03b604cb2d021dabca52bb)
Publisher-owned smoke (rust, arm64)	Set up job	2026-10-09T12:41:55.0165181Z Complete job name: Publisher-owned smoke (rust, arm64)
Publisher-owned smoke (rust, arm64)	Checkout publisher	﻿2026-10-09T12:41:55.0995866Z ##[group]Run actions/checkout@9c091bb21b7c1c1d1991bb908d89e4e9dddfe3e0
Publisher-owned smoke (rust, arm64)	Checkout publisher	2026-10-09T12:41:55.0997803Z with:
Publisher-owned smoke (rust, arm64)	Checkout publisher	2026-10-09T12:41:55.0998479Z   persist-credentials: false
Publisher-owned smoke (rust, arm64)	Checkout publisher	2026-10-09T12:41:55.0999207Z   path: publisher
Publisher-owned smoke (rust, arm64)	Checkout publisher	2026-10-09T12:41:55.0999786Z   repository: BerriAI/project-releaser
Publisher-owned smoke (rust, arm64)	Checkout publisher	2026-10-09T12:41:55.1003784Z   token: ***
Publisher-owned smoke (rust, arm64)	Checkout publisher	2026-10-09T12:41:55.1004360Z   ssh-strict: true
Publisher-owned smoke (rust, arm64)	Checkout publisher	2026-10-09T12:41:55.1004872Z   ssh-user: git
Publisher-owned smoke (rust, arm64)	Checkout publisher	2026-10-09T12:41:55.1005449Z   clean: true
Publisher-owned smoke (rust, arm64)	Checkout publisher	2026-10-09T12:41:55.1006023Z   sparse-checkout-cone-mode: true
Publisher-owned smoke (rust, arm64)	Checkout publisher	2026-10-09T12:41:55.1006628Z   fetch-depth: 1
Publisher-owned smoke (rust, arm64)	Checkout publisher	2026-10-09T12:41:55.1007560Z   fetch-tags: false
Publisher-owned smoke (rust, arm64)	Checkout publisher	2026-10-09T12:41:55.1008158Z   show-progress: true
Publisher-owned smoke (rust, arm64)	Checkout publisher	2026-10-09T12:41:55.1008747Z   lfs: false
Publisher-owned smoke (rust, arm64)	Checkout publisher	2026-10-09T12:41:55.1009287Z   submodules: false
Publisher-owned smoke (rust, arm64)	Checkout publisher	2026-10-09T12:41:55.1009821Z   set-safe-directory: true
Publisher-owned smoke (rust, arm64)	Checkout publisher	2026-10-09T12:41:55.1010514Z   allow-unsafe-pr-checkout: false
Publisher-owned smoke (rust, arm64)	Checkout publisher	2026-10-09T12:41:55.1011641Z ##[endgroup]
Publisher-owned smoke (rust, arm64)	Checkout publisher	2026-10-09T12:41:55.2605608Z Syncing repository: BerriAI/project-releaser
Publisher-owned smoke (rust, arm64)	Checkout publisher	2026-10-09T12:41:55.2609767Z ##[group]Getting Git version info
Publisher-owned smoke (rust, arm64)	Checkout publisher	2026-10-09T12:41:55.2612427Z Working directory is '/home/runner/work/project-releaser/project-releaser/publisher'
Publisher-owned smoke (rust, arm64)	Checkout publisher	2026-10-09T12:41:55.2615183Z [command]/usr/bin/git version
Publisher-owned smoke (rust, arm64)	Checkout publisher	2026-10-09T12:41:55.2616335Z git version 2.55.0
Publisher-owned smoke (rust, arm64)	Checkout publisher	2026-10-09T12:41:55.2621435Z ##[endgroup]
Publisher-owned smoke (rust, arm64)	Checkout publisher	2026-10-09T12:41:55.2635696Z Temporarily overriding HOME='/home/runner/work/_temp/cc520be1-86a9-453b-ae2e-5017f14ed42a' before making global git config changes
Publisher-owned smoke (rust, arm64)	Checkout publisher	2026-10-09T12:41:55.2637889Z Adding repository directory to the temporary git global config as a safe directory
Publisher-owned smoke (rust, arm64)	Checkout publisher	2026-10-09T12:41:55.2640433Z [command]/usr/bin/git config --global --add safe.directory /home/runner/work/project-releaser/project-releaser/publisher
Publisher-owned smoke (rust, arm64)	Checkout publisher	2026-10-09T12:41:55.2649592Z ##[group]Determining repository object format
Publisher-owned smoke (rust, arm64)	Checkout publisher	2026-10-09T12:41:55.2651469Z ##[endgroup]
Publisher-owned smoke (rust, arm64)	Checkout publisher	2026-10-09T12:41:55.2652960Z ##[group]Initializing the repository
Publisher-owned smoke (rust, arm64)	Checkout publisher	2026-10-09T12:41:55.2655041Z [command]/usr/bin/git init /home/runner/work/project-releaser/project-releaser/publisher
Publisher-owned smoke (rust, arm64)	Checkout publisher	2026-10-09T12:41:55.2656648Z hint: Using 'master' as the name for the initial branch. This default branch name
Publisher-owned smoke (rust, arm64)	Checkout publisher	2026-10-09T12:41:55.2664843Z hint: will change to "main" in Git 3.0. To configure the initial branch name
Publisher-owned smoke (rust, arm64)	Checkout publisher	2026-10-09T12:41:55.2666994Z hint: to use in all of your new repositories, which will suppress this warning,
Publisher-owned smoke (rust, arm64)	Checkout publisher	2026-10-09T12:41:55.2669956Z hint: call:
Publisher-owned smoke (rust, arm64)	Checkout publisher	2026-10-09T12:41:55.2670977Z hint:
Publisher-owned smoke (rust, arm64)	Checkout publisher	2026-10-09T12:41:55.2672338Z hint: 	git config --global init.defaultBranch <name>
Publisher-owned smoke (rust, arm64)	Checkout publisher	2026-10-09T12:41:55.2673463Z hint:
Publisher-owned smoke (rust, arm64)	Checkout publisher	2026-10-09T12:41:55.2674760Z hint: Names commonly chosen instead of 'master' are 'main', 'trunk' and
Publisher-owned smoke (rust, arm64)	Checkout publisher	2026-10-09T12:41:55.2676302Z hint: 'development'. The just-created branch can be renamed via this command:
Publisher-owned smoke (rust, arm64)	Checkout publisher	2026-10-09T12:41:55.2678010Z hint:
Publisher-owned smoke (rust, arm64)	Checkout publisher	2026-10-09T12:41:55.2679060Z hint: 	git branch -m <name>
Publisher-owned smoke (rust, arm64)	Checkout publisher	2026-10-09T12:41:55.2680251Z hint:
Publisher-owned smoke (rust, arm64)	Checkout publisher	2026-10-09T12:41:55.2681397Z hint: Disable this message with "git config set advice.defaultBranchName false"
Publisher-owned smoke (rust, arm64)	Checkout publisher	2026-10-09T12:41:55.2683365Z Initialized empty Git repository in /home/runner/work/project-releaser/project-releaser/publisher/.git/
Publisher-owned smoke (rust, arm64)	Checkout publisher	2026-10-09T12:41:55.2689446Z [command]/usr/bin/git remote add origin https://github.com/BerriAI/project-releaser
Publisher-owned smoke (rust, arm64)	Checkout publisher	2026-10-09T12:41:55.2693586Z ##[endgroup]
Publisher-owned smoke (rust, arm64)	Checkout publisher	2026-10-09T12:41:55.2695146Z ##[group]Disabling automatic garbage collection
Publisher-owned smoke (rust, arm64)	Checkout publisher	2026-10-09T12:41:55.2696612Z [command]/usr/bin/git config --local gc.auto 0
Publisher-owned smoke (rust, arm64)	Checkout publisher	2026-10-09T12:41:55.2700065Z ##[endgroup]
Publisher-owned smoke (rust, arm64)	Checkout publisher	2026-10-09T12:41:55.2701603Z ##[group]Setting up auth
Publisher-owned smoke (rust, arm64)	Checkout publisher	2026-10-09T12:41:55.2703032Z Removing SSH command configuration
Publisher-owned smoke (rust, arm64)	Checkout publisher	2026-10-09T12:41:55.2704519Z [command]/usr/bin/git config --local --name-only --get-regexp core\.sshCommand
Publisher-owned smoke (rust, arm64)	Checkout publisher	2026-10-09T12:41:55.2711558Z [command]/usr/bin/git submodule foreach --recursive sh -c "git config --local --name-only --get-regexp 'core\.sshCommand' && git config --local --unset-all 'core.sshCommand' || :"
Publisher-owned smoke (rust, arm64)	Checkout publisher	2026-10-09T12:41:55.2722380Z Removing HTTP extra header
Publisher-owned smoke (rust, arm64)	Checkout publisher	2026-10-09T12:41:55.2723439Z [command]/usr/bin/git config --local --name-only --get-regexp http\.https\:\/\/github\.com\/\.extraheader
Publisher-owned smoke (rust, arm64)	Checkout publisher	2026-10-09T12:41:55.2726647Z [command]/usr/bin/git submodule foreach --recursive sh -c "git config --local --name-only --get-regexp 'http\.https\:\/\/github\.com\/\.extraheader' && git config --local --unset-all 'http.https://github.com/.extraheader' || :"
Publisher-owned smoke (rust, arm64)	Checkout publisher	2026-10-09T12:41:55.2822985Z Removing includeIf entries pointing to credentials config files
Publisher-owned smoke (rust, arm64)	Checkout publisher	2026-10-09T12:41:55.2829708Z [command]/usr/bin/git config --local --name-only --get-regexp ^includeIf\.gitdir:
Publisher-owned smoke (rust, arm64)	Checkout publisher	2026-10-09T12:41:55.2857489Z [command]/usr/bin/git submodule foreach --recursive git config --local --show-origin --name-only --get-regexp remote.origin.url
Publisher-owned smoke (rust, arm64)	Checkout publisher	2026-10-09T12:41:55.3057094Z [command]/usr/bin/git config --file /home/runner/work/_temp/git-credentials-89200460-cf92-401d-bbea-eaa5b5d5d0c2.config http.https://github.com/.extraheader AUTHORIZATION: basic ***
Publisher-owned smoke (rust, arm64)	Checkout publisher	2026-10-09T12:41:55.3097967Z [command]/usr/bin/git config --local includeIf.gitdir:/home/runner/work/project-releaser/project-releaser/publisher/.git.path /home/runner/work/_temp/git-credentials-89200460-cf92-401d-bbea-eaa5b5d5d0c2.config
Publisher-owned smoke (rust, arm64)	Checkout publisher	2026-10-09T12:41:55.3124281Z [command]/usr/bin/git config --local includeIf.gitdir:/home/runner/work/project-releaser/project-releaser/publisher/.git/worktrees/*.path /home/runner/work/_temp/git-credentials-89200460-cf92-401d-bbea-eaa5b5d5d0c2.config
Publisher-owned smoke (rust, arm64)	Checkout publisher	2026-10-09T12:41:55.3154413Z [command]/usr/bin/git config --local includeIf.gitdir:/github/workspace/publisher/.git.path /github/runner_temp/git-credentials-89200460-cf92-401d-bbea-eaa5b5d5d0c2.config
Publisher-owned smoke (rust, arm64)	Checkout publisher	2026-10-09T12:41:55.3186003Z [command]/usr/bin/git config --local includeIf.gitdir:/github/workspace/publisher/.git/worktrees/*.path /github/runner_temp/git-credentials-89200460-cf92-401d-bbea-eaa5b5d5d0c2.config
Publisher-owned smoke (rust, arm64)	Checkout publisher	2026-10-09T12:41:55.3235340Z ##[endgroup]
Publisher-owned smoke (rust, arm64)	Checkout publisher	2026-10-09T12:41:55.3236504Z ##[group]Fetching the repository
Publisher-owned smoke (rust, arm64)	Checkout publisher	2026-10-09T12:41:55.3238221Z [command]/usr/bin/git -c protocol.version=2 fetch --no-tags --prune --no-recurse-submodules --depth=1 origin +7564a9fc2221d9019dacdb3f947e62e25df55243:refs/remotes/pull/305/merge
Publisher-owned smoke (rust, arm64)	Checkout publisher	2026-10-09T12:41:56.2310161Z From https://github.com/BerriAI/project-releaser
Publisher-owned smoke (rust, arm64)	Checkout publisher	2026-10-09T12:41:56.2312196Z  * [new ref]         7564a9fc2221d9019dacdb3f947e62e25df55243 -> pull/305/merge
Publisher-owned smoke (rust, arm64)	Checkout publisher	2026-10-09T12:41:56.2316622Z ##[endgroup]
Publisher-owned smoke (rust, arm64)	Checkout publisher	2026-10-09T12:41:56.2318140Z ##[group]Determining the checkout info
Publisher-owned smoke (rust, arm64)	Checkout publisher	2026-10-09T12:41:56.2319369Z ##[endgroup]
Publisher-owned smoke (rust, arm64)	Checkout publisher	2026-10-09T12:41:56.2320143Z [command]/usr/bin/git sparse-checkout disable
Publisher-owned smoke (rust, arm64)	Checkout publisher	2026-10-09T12:41:56.2352909Z [command]/usr/bin/git config --local --unset-all extensions.worktreeConfig
Publisher-owned smoke (rust, arm64)	Checkout publisher	2026-10-09T12:41:56.2377437Z ##[group]Checking out the ref
Publisher-owned smoke (rust, arm64)	Checkout publisher	2026-10-09T12:41:56.2379355Z [command]/usr/bin/git checkout --progress --force refs/remotes/pull/305/merge
Publisher-owned smoke (rust, arm64)	Checkout publisher	2026-10-09T12:41:56.2539382Z Note: switching to 'refs/remotes/pull/305/merge'.
Publisher-owned smoke (rust, arm64)	Checkout publisher	2026-10-09T12:41:56.2540592Z 
Publisher-owned smoke (rust, arm64)	Checkout publisher	2026-10-09T12:41:56.2542112Z You are in 'detached HEAD' state. You can look around, make experimental
Publisher-owned smoke (rust, arm64)	Checkout publisher	2026-10-09T12:41:56.2544337Z changes and commit them, and you can discard any commits you make in this
Publisher-owned smoke (rust, arm64)	Checkout publisher	2026-10-09T12:41:56.2547301Z state without impacting any branches by switching back to a branch.
Publisher-owned smoke (rust, arm64)	Checkout publisher	2026-10-09T12:41:56.2548471Z 
Publisher-owned smoke (rust, arm64)	Checkout publisher	2026-10-09T12:41:56.2550207Z If you want to create a new branch to retain commits you create, you may
Publisher-owned smoke (rust, arm64)	Checkout publisher	2026-10-09T12:41:56.2551919Z do so (now or later) by using -c with the switch command. Example:
Publisher-owned smoke (rust, arm64)	Checkout publisher	2026-10-09T12:41:56.2553558Z 
Publisher-owned smoke (rust, arm64)	Checkout publisher	2026-10-09T12:41:56.2554286Z   git switch -c <new-branch-name>
Publisher-owned smoke (rust, arm64)	Checkout publisher	2026-10-09T12:41:56.2555963Z 
Publisher-owned smoke (rust, arm64)	Checkout publisher	2026-10-09T12:41:56.2556919Z Or undo this operation with:
Publisher-owned smoke (rust, arm64)	Checkout publisher	2026-10-09T12:41:56.2558688Z 
Publisher-owned smoke (rust, arm64)	Checkout publisher	2026-10-09T12:41:56.2559470Z   git switch -
Publisher-owned smoke (rust, arm64)	Checkout publisher	2026-10-09T12:41:56.2561057Z 
Publisher-owned smoke (rust, arm64)	Checkout publisher	2026-10-09T12:41:56.2562018Z Turn off this advice by setting config variable advice.detachedHead to false
Publisher-owned smoke (rust, arm64)	Checkout publisher	2026-10-09T12:41:56.2563791Z 
Publisher-owned smoke (rust, arm64)	Checkout publisher	2026-10-09T12:41:56.2582304Z HEAD is now at 7564a9f Merge 8ef5236c571c2c264a5a05696f2fe835a74ede6b into 0903cc12133d35144d33916efcd779db5d2e6e7a
Publisher-owned smoke (rust, arm64)	Checkout publisher	2026-10-09T12:41:56.2744677Z ##[endgroup]
Publisher-owned smoke (rust, arm64)	Checkout publisher	2026-10-09T12:41:56.2746636Z [command]/usr/bin/git log -1 --format=%H
Publisher-owned smoke (rust, arm64)	Checkout publisher	2026-10-09T12:41:56.2747896Z 7564a9fc2221d9019dacdb3f947e62e25df55243
Publisher-owned smoke (rust, arm64)	Checkout publisher	2026-10-09T12:41:56.2750893Z ##[group]Removing auth
Publisher-owned smoke (rust, arm64)	Checkout publisher	2026-10-09T12:41:56.2751778Z Removing SSH command configuration
Publisher-owned smoke (rust, arm64)	Checkout publisher	2026-10-09T12:41:56.2752874Z [command]/usr/bin/git config --local --name-only --get-regexp core\.sshCommand
Publisher-owned smoke (rust, arm64)	Checkout publisher	2026-10-09T12:41:56.2755887Z [command]/usr/bin/git submodule foreach --recursive sh -c "git config --local --name-only --get-regexp 'core\.sshCommand' && git config --local --unset-all 'core.sshCommand' || :"
Publisher-owned smoke (rust, arm64)	Checkout publisher	2026-10-09T12:41:56.2872140Z Removing HTTP extra header
Publisher-owned smoke (rust, arm64)	Checkout publisher	2026-10-09T12:41:56.2874213Z [command]/usr/bin/git config --local --name-only --get-regexp http\.https\:\/\/github\.com\/\.extraheader
Publisher-owned smoke (rust, arm64)	Checkout publisher	2026-10-09T12:41:56.2918159Z [command]/usr/bin/git submodule foreach --recursive sh -c "git config --local --name-only --get-regexp 'http\.https\:\/\/github\.com\/\.extraheader' && git config --local --unset-all 'http.https://github.com/.extraheader' || :"
Publisher-owned smoke (rust, arm64)	Checkout publisher	2026-10-09T12:41:56.3106367Z Removing includeIf entries pointing to credentials config files
Publisher-owned smoke (rust, arm64)	Checkout publisher	2026-10-09T12:41:56.3108387Z [command]/usr/bin/git config --local --name-only --get-regexp ^includeIf\.gitdir:
Publisher-owned smoke (rust, arm64)	Checkout publisher	2026-10-09T12:41:56.3140793Z includeif.gitdir:/home/runner/work/project-releaser/project-releaser/publisher/.git.path
Publisher-owned smoke (rust, arm64)	Checkout publisher	2026-10-09T12:41:56.3142877Z includeif.gitdir:/home/runner/work/project-releaser/project-releaser/publisher/.git/worktrees/*.path
Publisher-owned smoke (rust, arm64)	Checkout publisher	2026-10-09T12:41:56.3144546Z includeif.gitdir:/github/workspace/publisher/.git.path
Publisher-owned smoke (rust, arm64)	Checkout publisher	2026-10-09T12:41:56.3146047Z includeif.gitdir:/github/workspace/publisher/.git/worktrees/*.path
Publisher-owned smoke (rust, arm64)	Checkout publisher	2026-10-09T12:41:56.3151394Z [command]/usr/bin/git config --local --get-all includeif.gitdir:/home/runner/work/project-releaser/project-releaser/publisher/.git.path
Publisher-owned smoke (rust, arm64)	Checkout publisher	2026-10-09T12:41:56.3171798Z /home/runner/work/_temp/git-credentials-89200460-cf92-401d-bbea-eaa5b5d5d0c2.config
Publisher-owned smoke (rust, arm64)	Checkout publisher	2026-10-09T12:41:56.3182409Z [command]/usr/bin/git config --local --unset includeif.gitdir:/home/runner/work/project-releaser/project-releaser/publisher/.git.path /home/runner/work/_temp/git-credentials-89200460-cf92-401d-bbea-eaa5b5d5d0c2.config
Publisher-owned smoke (rust, arm64)	Checkout publisher	2026-10-09T12:41:56.3214256Z [command]/usr/bin/git config --local --get-all includeif.gitdir:/home/runner/work/project-releaser/project-releaser/publisher/.git/worktrees/*.path
Publisher-owned smoke (rust, arm64)	Checkout publisher	2026-10-09T12:41:56.3235207Z /home/runner/work/_temp/git-credentials-89200460-cf92-401d-bbea-eaa5b5d5d0c2.config
Publisher-owned smoke (rust, arm64)	Checkout publisher	2026-10-09T12:41:56.3244766Z [command]/usr/bin/git config --local --unset includeif.gitdir:/home/runner/work/project-releaser/project-releaser/publisher/.git/worktrees/*.path /home/runner/work/_temp/git-credentials-89200460-cf92-401d-bbea-eaa5b5d5d0c2.config
Publisher-owned smoke (rust, arm64)	Checkout publisher	2026-10-09T12:41:56.3278178Z [command]/usr/bin/git config --local --get-all includeif.gitdir:/github/workspace/publisher/.git.path
Publisher-owned smoke (rust, arm64)	Checkout publisher	2026-10-09T12:41:56.3302338Z /github/runner_temp/git-credentials-89200460-cf92-401d-bbea-eaa5b5d5d0c2.config
Publisher-owned smoke (rust, arm64)	Checkout publisher	2026-10-09T12:41:56.3308475Z [command]/usr/bin/git config --local --unset includeif.gitdir:/github/workspace/publisher/.git.path /github/runner_temp/git-credentials-89200460-cf92-401d-bbea-eaa5b5d5d0c2.config
Publisher-owned smoke (rust, arm64)	Checkout publisher	2026-10-09T12:41:56.3341836Z [command]/usr/bin/git config --local --get-all includeif.gitdir:/github/workspace/publisher/.git/worktrees/*.path
Publisher-owned smoke (rust, arm64)	Checkout publisher	2026-10-09T12:41:56.3385915Z /github/runner_temp/git-credentials-89200460-cf92-401d-bbea-eaa5b5d5d0c2.config
Publisher-owned smoke (rust, arm64)	Checkout publisher	2026-10-09T12:41:56.3415983Z [command]/usr/bin/git config --local --unset includeif.gitdir:/github/workspace/publisher/.git/worktrees/*.path /github/runner_temp/git-credentials-89200460-cf92-401d-bbea-eaa5b5d5d0c2.config
Publisher-owned smoke (rust, arm64)	Checkout publisher	2026-10-09T12:41:56.3427153Z [command]/usr/bin/git submodule foreach --recursive git config --local --show-origin --name-only --get-regexp remote.origin.url
Publisher-owned smoke (rust, arm64)	Checkout publisher	2026-10-09T12:41:56.3614788Z Removing credentials config '/home/runner/work/_temp/git-credentials-89200460-cf92-401d-bbea-eaa5b5d5d0c2.config'
Publisher-owned smoke (rust, arm64)	Checkout publisher	2026-10-09T12:41:56.3617504Z ##[endgroup]
Publisher-owned smoke (rust, arm64)	Checkout immutable worker fixture	﻿2026-10-09T12:41:56.4302600Z ##[group]Run actions/checkout@9c091bb21b7c1c1d1991bb908d89e4e9dddfe3e0
Publisher-owned smoke (rust, arm64)	Checkout immutable worker fixture	2026-10-09T12:41:56.4303701Z with:
Publisher-owned smoke (rust, arm64)	Checkout immutable worker fixture	2026-10-09T12:41:56.4304464Z   repository: BerriAI/litellm
Publisher-owned smoke (rust, arm64)	Checkout immutable worker fixture	2026-10-09T12:41:56.4305240Z   ref: 890ffe54f62fca28ccbdb1ad95d317f3cd351b8c
Publisher-owned smoke (rust, arm64)	Checkout immutable worker fixture	2026-10-09T12:41:56.4306052Z   persist-credentials: false
Publisher-owned smoke (rust, arm64)	Checkout immutable worker fixture	2026-10-09T12:41:56.4307152Z   path: source
Publisher-owned smoke (rust, arm64)	Checkout immutable worker fixture	2026-10-09T12:41:56.4311629Z   token: ***
Publisher-owned smoke (rust, arm64)	Checkout immutable worker fixture	2026-10-09T12:41:56.4312294Z   ssh-strict: true
Publisher-owned smoke (rust, arm64)	Checkout immutable worker fixture	2026-10-09T12:41:56.4312913Z   ssh-user: git
Publisher-owned smoke (rust, arm64)	Checkout immutable worker fixture	2026-10-09T12:41:56.4313525Z   clean: true
Publisher-owned smoke (rust, arm64)	Checkout immutable worker fixture	2026-10-09T12:41:56.4314179Z   sparse-checkout-cone-mode: true
Publisher-owned smoke (rust, arm64)	Checkout immutable worker fixture	2026-10-09T12:41:56.4314906Z   fetch-depth: 1
Publisher-owned smoke (rust, arm64)	Checkout immutable worker fixture	2026-10-09T12:41:56.4315558Z   fetch-tags: false
Publisher-owned smoke (rust, arm64)	Checkout immutable worker fixture	2026-10-09T12:41:56.4316169Z   show-progress: true
Publisher-owned smoke (rust, arm64)	Checkout immutable worker fixture	2026-10-09T12:41:56.4317112Z   lfs: false
Publisher-owned smoke (rust, arm64)	Checkout immutable worker fixture	2026-10-09T12:41:56.4317823Z   submodules: false
Publisher-owned smoke (rust, arm64)	Checkout immutable worker fixture	2026-10-09T12:41:56.4318453Z   set-safe-directory: true
Publisher-owned smoke (rust, arm64)	Checkout immutable worker fixture	2026-10-09T12:41:56.4319613Z   allow-unsafe-pr-checkout: false
Publisher-owned smoke (rust, arm64)	Checkout immutable worker fixture	2026-10-09T12:41:56.4320340Z ##[endgroup]
Publisher-owned smoke (rust, arm64)	Checkout immutable worker fixture	2026-10-09T12:41:56.5065907Z Syncing repository: BerriAI/litellm
Publisher-owned smoke (rust, arm64)	Checkout immutable worker fixture	2026-10-09T12:41:56.5068695Z ##[group]Getting Git version info
Publisher-owned smoke (rust, arm64)	Checkout immutable worker fixture	2026-10-09T12:41:56.5070332Z Working directory is '/home/runner/work/project-releaser/project-releaser/source'
Publisher-owned smoke (rust, arm64)	Checkout immutable worker fixture	2026-10-09T12:41:56.5111336Z [command]/usr/bin/git version
Publisher-owned smoke (rust, arm64)	Checkout immutable worker fixture	2026-10-09T12:41:56.5152855Z git version 2.55.0
Publisher-owned smoke (rust, arm64)	Checkout immutable worker fixture	2026-10-09T12:41:56.5171120Z ##[endgroup]
Publisher-owned smoke (rust, arm64)	Checkout immutable worker fixture	2026-10-09T12:41:56.5180955Z Temporarily overriding HOME='/home/runner/work/_temp/c171a5e9-f311-4a9f-8ef8-1f766d1dea35' before making global git config changes
Publisher-owned smoke (rust, arm64)	Checkout immutable worker fixture	2026-10-09T12:41:56.5183164Z Adding repository directory to the temporary git global config as a safe directory
Publisher-owned smoke (rust, arm64)	Checkout immutable worker fixture	2026-10-09T12:41:56.5187125Z [command]/usr/bin/git config --global --add safe.directory /home/runner/work/project-releaser/project-releaser/source
Publisher-owned smoke (rust, arm64)	Checkout immutable worker fixture	2026-10-09T12:41:56.5314460Z ##[group]Determining repository object format
Publisher-owned smoke (rust, arm64)	Checkout immutable worker fixture	2026-10-09T12:41:56.5316343Z ##[endgroup]
Publisher-owned smoke (rust, arm64)	Checkout immutable worker fixture	2026-10-09T12:41:56.5320682Z ##[group]Initializing the repository
Publisher-owned smoke (rust, arm64)	Checkout immutable worker fixture	2026-10-09T12:41:56.5322660Z [command]/usr/bin/git init /home/runner/work/project-releaser/project-releaser/source
Publisher-owned smoke (rust, arm64)	Checkout immutable worker fixture	2026-10-09T12:41:56.5495566Z hint: Using 'master' as the name for the initial branch. This default branch name
Publisher-owned smoke (rust, arm64)	Checkout immutable worker fixture	2026-10-09T12:41:56.5501442Z hint: will change to "main" in Git 3.0. To configure the initial branch name
Publisher-owned smoke (rust, arm64)	Checkout immutable worker fixture	2026-10-09T12:41:56.5503447Z hint: to use in all of your new repositories, which will suppress this warning,
Publisher-owned smoke (rust, arm64)	Checkout immutable worker fixture	2026-10-09T12:41:56.5505248Z hint: call:
Publisher-owned smoke (rust, arm64)	Checkout immutable worker fixture	2026-10-09T12:41:56.5506255Z hint:
Publisher-owned smoke (rust, arm64)	Checkout immutable worker fixture	2026-10-09T12:41:56.5508079Z hint: 	git config --global init.defaultBranch <name>
Publisher-owned smoke (rust, arm64)	Checkout immutable worker fixture	2026-10-09T12:41:56.5509368Z hint:
Publisher-owned smoke (rust, arm64)	Checkout immutable worker fixture	2026-10-09T12:41:56.5510897Z hint: Names commonly chosen instead of 'master' are 'main', 'trunk' and
Publisher-owned smoke (rust, arm64)	Checkout immutable worker fixture	2026-10-09T12:41:56.5512556Z hint: 'development'. The just-created branch can be renamed via this command:
Publisher-owned smoke (rust, arm64)	Checkout immutable worker fixture	2026-10-09T12:41:56.5514139Z hint:
Publisher-owned smoke (rust, arm64)	Checkout immutable worker fixture	2026-10-09T12:41:56.5515374Z hint: 	git branch -m <name>
Publisher-owned smoke (rust, arm64)	Checkout immutable worker fixture	2026-10-09T12:41:56.5516684Z hint:
Publisher-owned smoke (rust, arm64)	Checkout immutable worker fixture	2026-10-09T12:41:56.5519549Z hint: Disable this message with "git config set advice.defaultBranchName false"
Publisher-owned smoke (rust, arm64)	Checkout immutable worker fixture	2026-10-09T12:41:56.5521056Z Initialized empty Git repository in /home/runner/work/project-releaser/project-releaser/source/.git/
Publisher-owned smoke (rust, arm64)	Checkout immutable worker fixture	2026-10-09T12:41:56.5523539Z [command]/usr/bin/git remote add origin https://github.com/BerriAI/litellm
Publisher-owned smoke (rust, arm64)	Checkout immutable worker fixture	2026-10-09T12:41:56.5857995Z ##[endgroup]
Publisher-owned smoke (rust, arm64)	Checkout immutable worker fixture	2026-10-09T12:41:56.5859649Z ##[group]Disabling automatic garbage collection
Publisher-owned smoke (rust, arm64)	Checkout immutable worker fixture	2026-10-09T12:41:56.5862065Z [command]/usr/bin/git config --local gc.auto 0
Publisher-owned smoke (rust, arm64)	Checkout immutable worker fixture	2026-10-09T12:41:56.6104714Z ##[endgroup]
Publisher-owned smoke (rust, arm64)	Checkout immutable worker fixture	2026-10-09T12:41:56.6106627Z ##[group]Setting up auth
Publisher-owned smoke (rust, arm64)	Checkout immutable worker fixture	2026-10-09T12:41:56.6120495Z Removing SSH command configuration
Publisher-owned smoke (rust, arm64)	Checkout immutable worker fixture	2026-10-09T12:41:56.6133441Z [command]/usr/bin/git config --local --name-only --get-regexp core\.sshCommand
Publisher-owned smoke (rust, arm64)	Checkout immutable worker fixture	2026-10-09T12:41:56.6142466Z [command]/usr/bin/git submodule foreach --recursive sh -c "git config --local --name-only --get-regexp 'core\.sshCommand' && git config --local --unset-all 'core.sshCommand' || :"
Publisher-owned smoke (rust, arm64)	Checkout immutable worker fixture	2026-10-09T12:41:56.6332557Z Removing HTTP extra header
Publisher-owned smoke (rust, arm64)	Checkout immutable worker fixture	2026-10-09T12:41:56.6334939Z [command]/usr/bin/git config --local --name-only --get-regexp http\.https\:\/\/github\.com\/\.extraheader
Publisher-owned smoke (rust, arm64)	Checkout immutable worker fixture	2026-10-09T12:41:56.6361733Z [command]/usr/bin/git submodule foreach --recursive sh -c "git config --local --name-only --get-regexp 'http\.https\:\/\/github\.com\/\.extraheader' && git config --local --unset-all 'http.https://github.com/.extraheader' || :"
Publisher-owned smoke (rust, arm64)	Checkout immutable worker fixture	2026-10-09T12:41:56.6567922Z Removing includeIf entries pointing to credentials config files
Publisher-owned smoke (rust, arm64)	Checkout immutable worker fixture	2026-10-09T12:41:56.6570472Z [command]/usr/bin/git config --local --name-only --get-regexp ^includeIf\.gitdir:
Publisher-owned smoke (rust, arm64)	Checkout immutable worker fixture	2026-10-09T12:41:56.6592525Z [command]/usr/bin/git submodule foreach --recursive git config --local --show-origin --name-only --get-regexp remote.origin.url
Publisher-owned smoke (rust, arm64)	Checkout immutable worker fixture	2026-10-09T12:41:56.6805177Z [command]/usr/bin/git config --file /home/runner/work/_temp/git-credentials-4e43a8db-13af-4ce8-be94-e7db238d2170.config http.https://github.com/.extraheader AUTHORIZATION: basic ***
Publisher-owned smoke (rust, arm64)	Checkout immutable worker fixture	2026-10-09T12:41:56.7222699Z [command]/usr/bin/git config --local includeIf.gitdir:/home/runner/work/project-releaser/project-releaser/source/.git.path /home/runner/work/_temp/git-credentials-4e43a8db-13af-4ce8-be94-e7db238d2170.config
Publisher-owned smoke (rust, arm64)	Checkout immutable worker fixture	2026-10-09T12:41:56.7304935Z [command]/usr/bin/git config --local includeIf.gitdir:/home/runner/work/project-releaser/project-releaser/source/.git/worktrees/*.path /home/runner/work/_temp/git-credentials-4e43a8db-13af-4ce8-be94-e7db238d2170.config
Publisher-owned smoke (rust, arm64)	Checkout immutable worker fixture	2026-10-09T12:41:56.8153316Z [command]/usr/bin/git config --local includeIf.gitdir:/github/workspace/source/.git.path /github/runner_temp/git-credentials-4e43a8db-13af-4ce8-be94-e7db238d2170.config
Publisher-owned smoke (rust, arm64)	Checkout immutable worker fixture	2026-10-09T12:41:56.8393699Z [command]/usr/bin/git config --local includeIf.gitdir:/github/workspace/source/.git/worktrees/*.path /github/runner_temp/git-credentials-4e43a8db-13af-4ce8-be94-e7db238d2170.config
Publisher-owned smoke (rust, arm64)	Checkout immutable worker fixture	2026-10-09T12:41:56.8795340Z ##[endgroup]
Publisher-owned smoke (rust, arm64)	Checkout immutable worker fixture	2026-10-09T12:41:56.8797534Z ##[group]Fetching the repository
Publisher-owned smoke (rust, arm64)	Checkout immutable worker fixture	2026-10-09T12:41:56.8803356Z [command]/usr/bin/git -c protocol.version=2 fetch --no-tags --prune --no-recurse-submodules --depth=1 origin 890ffe54f62fca28ccbdb1ad95d317f3cd351b8c
Publisher-owned smoke (rust, arm64)	Checkout immutable worker fixture	2026-10-09T12:42:04.5915796Z From https://github.com/BerriAI/litellm
Publisher-owned smoke (rust, arm64)	Checkout immutable worker fixture	2026-10-09T12:42:04.5933571Z  * branch            890ffe54f62fca28ccbdb1ad95d317f3cd351b8c -> FETCH_HEAD
Publisher-owned smoke (rust, arm64)	Checkout immutable worker fixture	2026-10-09T12:42:04.5969025Z [command]/usr/bin/git rev-parse --verify --quiet 890ffe54f62fca28ccbdb1ad95d317f3cd351b8c^{object}
Publisher-owned smoke (rust, arm64)	Checkout immutable worker fixture	2026-10-09T12:42:04.5969993Z 890ffe54f62fca28ccbdb1ad95d317f3cd351b8c
Publisher-owned smoke (rust, arm64)	Checkout immutable worker fixture	2026-10-09T12:42:04.5971151Z ##[endgroup]
Publisher-owned smoke (rust, arm64)	Checkout immutable worker fixture	2026-10-09T12:42:04.5971688Z ##[group]Determining the checkout info
Publisher-owned smoke (rust, arm64)	Checkout immutable worker fixture	2026-10-09T12:42:04.5972262Z ##[endgroup]
Publisher-owned smoke (rust, arm64)	Checkout immutable worker fixture	2026-10-09T12:42:04.5972568Z [command]/usr/bin/git sparse-checkout disable
Publisher-owned smoke (rust, arm64)	Checkout immutable worker fixture	2026-10-09T12:42:04.5988988Z [command]/usr/bin/git config --local --unset-all extensions.worktreeConfig
Publisher-owned smoke (rust, arm64)	Checkout immutable worker fixture	2026-10-09T12:42:04.6013189Z ##[group]Checking out the ref
Publisher-owned smoke (rust, arm64)	Checkout immutable worker fixture	2026-10-09T12:42:04.6015190Z [command]/usr/bin/git checkout --progress --force 890ffe54f62fca28ccbdb1ad95d317f3cd351b8c
Publisher-owned smoke (rust, arm64)	Checkout immutable worker fixture	2026-10-09T12:42:05.3675892Z Note: switching to '890ffe54f62fca28ccbdb1ad95d317f3cd351b8c'.
Publisher-owned smoke (rust, arm64)	Checkout immutable worker fixture	2026-10-09T12:42:05.3678402Z 
Publisher-owned smoke (rust, arm64)	Checkout immutable worker fixture	2026-10-09T12:42:05.3698294Z You are in 'detached HEAD' state. You can look around, make experimental
Publisher-owned smoke (rust, arm64)	Checkout immutable worker fixture	2026-10-09T12:42:05.3704632Z changes and commit them, and you can discard any commits you make in this
Publisher-owned smoke (rust, arm64)	Checkout immutable worker fixture	2026-10-09T12:42:05.3706404Z state without impacting any branches by switching back to a branch.
Publisher-owned smoke (rust, arm64)	Checkout immutable worker fixture	2026-10-09T12:42:05.3707211Z 
Publisher-owned smoke (rust, arm64)	Checkout immutable worker fixture	2026-10-09T12:42:05.3707592Z If you want to create a new branch to retain commits you create, you may
Publisher-owned smoke (rust, arm64)	Checkout immutable worker fixture	2026-10-09T12:42:05.3708697Z do so (now or later) by using -c with the switch command. Example:
Publisher-owned smoke (rust, arm64)	Checkout immutable worker fixture	2026-10-09T12:42:05.3709098Z 
Publisher-owned smoke (rust, arm64)	Checkout immutable worker fixture	2026-10-09T12:42:05.3709214Z   git switch -c <new-branch-name>
Publisher-owned smoke (rust, arm64)	Checkout immutable worker fixture	2026-10-09T12:42:05.3709723Z 
Publisher-owned smoke (rust, arm64)	Checkout immutable worker fixture	2026-10-09T12:42:05.3710034Z Or undo this operation with:
Publisher-owned smoke (rust, arm64)	Checkout immutable worker fixture	2026-10-09T12:42:05.3710422Z 
Publisher-owned smoke (rust, arm64)	Checkout immutable worker fixture	2026-10-09T12:42:05.3710672Z   git switch -
Publisher-owned smoke (rust, arm64)	Checkout immutable worker fixture	2026-10-09T12:42:05.3711131Z 
Publisher-owned smoke (rust, arm64)	Checkout immutable worker fixture	2026-10-09T12:42:05.3711497Z Turn off this advice by setting config variable advice.detachedHead to false
Publisher-owned smoke (rust, arm64)	Checkout immutable worker fixture	2026-10-09T12:42:05.3711999Z 
Publisher-owned smoke (rust, arm64)	Checkout immutable worker fixture	2026-10-09T12:42:05.3712401Z HEAD is now at 890ffe5 test(lens): cover model tool and result contracts
Publisher-owned smoke (rust, arm64)	Checkout immutable worker fixture	2026-10-09T12:42:05.3714821Z ##[endgroup]
Publisher-owned smoke (rust, arm64)	Checkout immutable worker fixture	2026-10-09T12:42:05.3777674Z [command]/usr/bin/git log -1 --format=%H
Publisher-owned smoke (rust, arm64)	Checkout immutable worker fixture	2026-10-09T12:42:05.3797740Z 890ffe54f62fca28ccbdb1ad95d317f3cd351b8c
Publisher-owned smoke (rust, arm64)	Checkout immutable worker fixture	2026-10-09T12:42:05.3846030Z ##[group]Removing auth
Publisher-owned smoke (rust, arm64)	Checkout immutable worker fixture	2026-10-09T12:42:05.3846489Z Removing SSH command configuration
Publisher-owned smoke (rust, arm64)	Checkout immutable worker fixture	2026-10-09T12:42:05.3847480Z [command]/usr/bin/git config --local --name-only --get-regexp core\.sshCommand
Publisher-owned smoke (rust, arm64)	Checkout immutable worker fixture	2026-10-09T12:42:05.3850306Z [command]/usr/bin/git submodule foreach --recursive sh -c "git config --local --name-only --get-regexp 'core\.sshCommand' && git config --local --unset-all 'core.sshCommand' || :"
Publisher-owned smoke (rust, arm64)	Checkout immutable worker fixture	2026-10-09T12:42:05.4072498Z Removing HTTP extra header
Publisher-owned smoke (rust, arm64)	Checkout immutable worker fixture	2026-10-09T12:42:05.4087846Z [command]/usr/bin/git config --local --name-only --get-regexp http\.https\:\/\/github\.com\/\.extraheader
Publisher-owned smoke (rust, arm64)	Checkout immutable worker fixture	2026-10-09T12:42:05.4118330Z [command]/usr/bin/git submodule foreach --recursive sh -c "git config --local --name-only --get-regexp 'http\.https\:\/\/github\.com\/\.extraheader' && git config --local --unset-all 'http.https://github.com/.extraheader' || :"
Publisher-owned smoke (rust, arm64)	Checkout immutable worker fixture	2026-10-09T12:42:05.4323615Z Removing includeIf entries pointing to credentials config files
Publisher-owned smoke (rust, arm64)	Checkout immutable worker fixture	2026-10-09T12:42:05.4339172Z [command]/usr/bin/git config --local --name-only --get-regexp ^includeIf\.gitdir:
Publisher-owned smoke (rust, arm64)	Checkout immutable worker fixture	2026-10-09T12:42:05.4360972Z includeif.gitdir:/home/runner/work/project-releaser/project-releaser/source/.git.path
Publisher-owned smoke (rust, arm64)	Checkout immutable worker fixture	2026-10-09T12:42:05.4368172Z includeif.gitdir:/home/runner/work/project-releaser/project-releaser/source/.git/worktrees/*.path
Publisher-owned smoke (rust, arm64)	Checkout immutable worker fixture	2026-10-09T12:42:05.4369094Z includeif.gitdir:/github/workspace/source/.git.path
Publisher-owned smoke (rust, arm64)	Checkout immutable worker fixture	2026-10-09T12:42:05.4369614Z includeif.gitdir:/github/workspace/source/.git/worktrees/*.path
Publisher-owned smoke (rust, arm64)	Checkout immutable worker fixture	2026-10-09T12:42:05.4371546Z [command]/usr/bin/git config --local --get-all includeif.gitdir:/home/runner/work/project-releaser/project-releaser/source/.git.path
Publisher-owned smoke (rust, arm64)	Checkout immutable worker fixture	2026-10-09T12:42:05.4391339Z /home/runner/work/_temp/git-credentials-4e43a8db-13af-4ce8-be94-e7db238d2170.config
Publisher-owned smoke (rust, arm64)	Checkout immutable worker fixture	2026-10-09T12:42:05.4426533Z [command]/usr/bin/git config --local --unset includeif.gitdir:/home/runner/work/project-releaser/project-releaser/source/.git.path /home/runner/work/_temp/git-credentials-4e43a8db-13af-4ce8-be94-e7db238d2170.config
Publisher-owned smoke (rust, arm64)	Checkout immutable worker fixture	2026-10-09T12:42:05.4478774Z [command]/usr/bin/git config --local --get-all includeif.gitdir:/home/runner/work/project-releaser/project-releaser/source/.git/worktrees/*.path
Publisher-owned smoke (rust, arm64)	Checkout immutable worker fixture	2026-10-09T12:42:05.4489892Z /home/runner/work/_temp/git-credentials-4e43a8db-13af-4ce8-be94-e7db238d2170.config
Publisher-owned smoke (rust, arm64)	Checkout immutable worker fixture	2026-10-09T12:42:05.4497341Z [command]/usr/bin/git config --local --unset includeif.gitdir:/home/runner/work/project-releaser/project-releaser/source/.git/worktrees/*.path /home/runner/work/_temp/git-credentials-4e43a8db-13af-4ce8-be94-e7db238d2170.config
Publisher-owned smoke (rust, arm64)	Checkout immutable worker fixture	2026-10-09T12:42:05.4500579Z [command]/usr/bin/git config --local --get-all includeif.gitdir:/github/workspace/source/.git.path
Publisher-owned smoke (rust, arm64)	Checkout immutable worker fixture	2026-10-09T12:42:05.4522769Z /github/runner_temp/git-credentials-4e43a8db-13af-4ce8-be94-e7db238d2170.config
Publisher-owned smoke (rust, arm64)	Checkout immutable worker fixture	2026-10-09T12:42:05.4537845Z [command]/usr/bin/git config --local --unset includeif.gitdir:/github/workspace/source/.git.path /github/runner_temp/git-credentials-4e43a8db-13af-4ce8-be94-e7db238d2170.config
Publisher-owned smoke (rust, arm64)	Checkout immutable worker fixture	2026-10-09T12:42:05.4591301Z [command]/usr/bin/git config --local --get-all includeif.gitdir:/github/workspace/source/.git/worktrees/*.path
Publisher-owned smoke (rust, arm64)	Checkout immutable worker fixture	2026-10-09T12:42:05.4627887Z /github/runner_temp/git-credentials-4e43a8db-13af-4ce8-be94-e7db238d2170.config
Publisher-owned smoke (rust, arm64)	Checkout immutable worker fixture	2026-10-09T12:42:05.4638046Z [command]/usr/bin/git config --local --unset includeif.gitdir:/github/workspace/source/.git/worktrees/*.path /github/runner_temp/git-credentials-4e43a8db-13af-4ce8-be94-e7db238d2170.config
Publisher-owned smoke (rust, arm64)	Checkout immutable worker fixture	2026-10-09T12:42:05.4665965Z [command]/usr/bin/git submodule foreach --recursive git config --local --show-origin --name-only --get-regexp remote.origin.url
Publisher-owned smoke (rust, arm64)	Checkout immutable worker fixture	2026-10-09T12:42:05.4862610Z Removing credentials config '/home/runner/work/_temp/git-credentials-4e43a8db-13af-4ce8-be94-e7db238d2170.config'
Publisher-owned smoke (rust, arm64)	Checkout immutable worker fixture	2026-10-09T12:42:05.4872662Z ##[endgroup]
Publisher-owned smoke (rust, arm64)	Install pinned cosign	﻿2026-10-09T12:42:05.5133086Z ##[group]Run sigstore/cosign-installer@3454372f43399081ed03b604cb2d021dabca52bb
Publisher-owned smoke (rust, arm64)	Install pinned cosign	2026-10-09T12:42:05.5133605Z with:
Publisher-owned smoke (rust, arm64)	Install pinned cosign	2026-10-09T12:42:05.5133982Z   cosign-release: v2.4.3
Publisher-owned smoke (rust, arm64)	Install pinned cosign	2026-10-09T12:42:05.5134243Z   install-dir: $HOME/.cosign
Publisher-owned smoke (rust, arm64)	Install pinned cosign	2026-10-09T12:42:05.5134515Z   use-sudo: false
Publisher-owned smoke (rust, arm64)	Install pinned cosign	2026-10-09T12:42:05.5134785Z ##[endgroup]
Publisher-owned smoke (rust, arm64)	Install pinned cosign	2026-10-09T12:42:05.5248416Z ##[start-action display=Run #!/bin/bash;id=__sigstore_cosign-installer.__run]
Publisher-owned smoke (rust, arm64)	Install pinned cosign	2026-10-09T12:42:05.5311767Z ##[group]Run #!/bin/bash
Publisher-owned smoke (rust, arm64)	Install pinned cosign	2026-10-09T12:42:05.5313019Z ^[[36;1m#!/bin/bash^[[0m
Publisher-owned smoke (rust, arm64)	Install pinned cosign	2026-10-09T12:42:05.5313329Z ^[[36;1m# cosign install script^[[0m
Publisher-owned smoke (rust, arm64)	Install pinned cosign	2026-10-09T12:42:05.5313610Z ^[[36;1mshopt -s expand_aliases^[[0m
Publisher-owned smoke (rust, arm64)	Install pinned cosign	2026-10-09T12:42:05.5313948Z ^[[36;1mif [ -z "$NO_COLOR" ]; then^[[0m
Publisher-owned smoke (rust, arm64)	Install pinned cosign	2026-10-09T12:42:05.5314288Z ^[[36;1m  alias log_info="echo -e \"\033[1;32mINFO\033[0m:\""^[[0m
Publisher-owned smoke (rust, arm64)	Install pinned cosign	2026-10-09T12:42:05.5314682Z ^[[36;1m  alias log_error="echo -e \"\033[1;31mERROR\033[0m:\""^[[0m
Publisher-owned smoke (rust, arm64)	Install pinned cosign	2026-10-09T12:42:05.5315096Z ^[[36;1melse^[[0m
Publisher-owned smoke (rust, arm64)	Install pinned cosign	2026-10-09T12:42:05.5315328Z ^[[36;1m  alias log_info="echo \"INFO:\""^[[0m
Publisher-owned smoke (rust, arm64)	Install pinned cosign	2026-10-09T12:42:05.5315769Z ^[[36;1m  alias log_error="echo \"ERROR:\""^[[0m
Publisher-owned smoke (rust, arm64)	Install pinned cosign	2026-10-09T12:42:05.5316051Z ^[[36;1mfi^[[0m
Publisher-owned smoke (rust, arm64)	Install pinned cosign	2026-10-09T12:42:05.5316339Z ^[[36;1mset -e^[[0m
Publisher-owned smoke (rust, arm64)	Install pinned cosign	2026-10-09T12:42:05.5316552Z ^[[36;1m^[[0m
Publisher-owned smoke (rust, arm64)	Install pinned cosign	2026-10-09T12:42:05.5317177Z ^[[36;1mmkdir -p $HOME/.cosign^[[0m
Publisher-owned smoke (rust, arm64)	Install pinned cosign	2026-10-09T12:42:05.5317550Z ^[[36;1m^[[0m
Publisher-owned smoke (rust, arm64)	Install pinned cosign	2026-10-09T12:42:05.5317760Z ^[[36;1mif [[ v2.4.3 == "main" ]]; then^[[0m
Publisher-owned smoke (rust, arm64)	Install pinned cosign	2026-10-09T12:42:05.5318199Z ^[[36;1m  log_info "installing cosign via 'go install' from its main version"^[[0m
Publisher-owned smoke (rust, arm64)	Install pinned cosign	2026-10-09T12:42:05.5318610Z ^[[36;1m  GOBIN=$(go env GOPATH)/bin^[[0m
Publisher-owned smoke (rust, arm64)	Install pinned cosign	2026-10-09T12:42:05.5319020Z ^[[36;1m  go install github.com/sigstore/cosign/v2/cmd/cosign@main^[[0m
Publisher-owned smoke (rust, arm64)	Install pinned cosign	2026-10-09T12:42:05.5319525Z ^[[36;1m  ln -s $GOBIN/cosign $HOME/.cosign/cosign^[[0m
Publisher-owned smoke (rust, arm64)	Install pinned cosign	2026-10-09T12:42:05.5319828Z ^[[36;1m  exit 0^[[0m
Publisher-owned smoke (rust, arm64)	Install pinned cosign	2026-10-09T12:42:05.5320088Z ^[[36;1mfi^[[0m
Publisher-owned smoke (rust, arm64)	Install pinned cosign	2026-10-09T12:42:05.5320297Z ^[[36;1m^[[0m
Publisher-owned smoke (rust, arm64)	Install pinned cosign	2026-10-09T12:42:05.5320500Z ^[[36;1mshaprog() {^[[0m
Publisher-owned smoke (rust, arm64)	Install pinned cosign	2026-10-09T12:42:05.5320772Z ^[[36;1m  case Linux in^[[0m
Publisher-owned smoke (rust, arm64)	Install pinned cosign	2026-10-09T12:42:05.5321014Z ^[[36;1m    Linux|linux)^[[0m
Publisher-owned smoke (rust, arm64)	Install pinned cosign	2026-10-09T12:42:05.5321318Z ^[[36;1m      sha256sum $1 | cut -d' ' -f1^[[0m
Publisher-owned smoke (rust, arm64)	Install pinned cosign	2026-10-09T12:42:05.5321920Z ^[[36;1m      ;;^[[0m
Publisher-owned smoke (rust, arm64)	Install pinned cosign	2026-10-09T12:42:05.5322145Z ^[[36;1m    macOS|macos)^[[0m
Publisher-owned smoke (rust, arm64)	Install pinned cosign	2026-10-09T12:42:05.5322446Z ^[[36;1m      shasum -a256 $1 | cut -d' ' -f1^[[0m
Publisher-owned smoke (rust, arm64)	Install pinned cosign	2026-10-09T12:42:05.5322730Z ^[[36;1m      ;;^[[0m
Publisher-owned smoke (rust, arm64)	Install pinned cosign	2026-10-09T12:42:05.5322967Z ^[[36;1m    Windows|windows)^[[0m
Publisher-owned smoke (rust, arm64)	Install pinned cosign	2026-10-09T12:42:05.5323523Z ^[[36;1m      powershell -command "(Get-FileHash $1 -Algorithm SHA256 | Select-Object -ExpandProperty Hash).ToLower()"^[[0m
Publisher-owned smoke (rust, arm64)	Install pinned cosign	2026-10-09T12:42:05.5324099Z ^[[36;1m      ;;^[[0m
Publisher-owned smoke (rust, arm64)	Install pinned cosign	2026-10-09T12:42:05.5324349Z ^[[36;1m    *)^[[0m
Publisher-owned smoke (rust, arm64)	Install pinned cosign	2026-10-09T12:42:05.5324614Z ^[[36;1m      log_error "unsupported OS Linux"^[[0m
Publisher-owned smoke (rust, arm64)	Install pinned cosign	2026-10-09T12:42:05.5324901Z ^[[36;1m      exit 1^[[0m
Publisher-owned smoke (rust, arm64)	Install pinned cosign	2026-10-09T12:42:05.5325159Z ^[[36;1m      ;;^[[0m
Publisher-owned smoke (rust, arm64)	Install pinned cosign	2026-10-09T12:42:05.5325370Z ^[[36;1m  esac^[[0m
Publisher-owned smoke (rust, arm64)	Install pinned cosign	2026-10-09T12:42:05.5325595Z ^[[36;1m}^[[0m
Publisher-owned smoke (rust, arm64)	Install pinned cosign	2026-10-09T12:42:05.5325804Z ^[[36;1m^[[0m
Publisher-owned smoke (rust, arm64)	Install pinned cosign	2026-10-09T12:42:05.5326036Z ^[[36;1mbootstrap_version='v2.4.3'^[[0m
Publisher-owned smoke (rust, arm64)	Install pinned cosign	2026-10-09T12:42:05.5326582Z ^[[36;1mbootstrap_linux_amd64_sha='caaad125acef1cb81d58dcdc454a1e429d09a750d1e9e2b3ed1aed8964454708'^[[0m
Publisher-owned smoke (rust, arm64)	Install pinned cosign	2026-10-09T12:42:05.5327579Z ^[[36;1mbootstrap_linux_arm_sha='729d18ef31679dd2d6be1aaffcb122f31edb4ed04dedceb409e8104adf49507a'^[[0m
Publisher-owned smoke (rust, arm64)	Install pinned cosign	2026-10-09T12:42:05.5328324Z ^[[36;1mbootstrap_linux_arm64_sha='bd0f9763bca54de88699c3656ade2f39c9a1c7a2916ff35601caf23a79be0629'^[[0m
Publisher-owned smoke (rust, arm64)	Install pinned cosign	2026-10-09T12:42:05.5329044Z ^[[36;1mbootstrap_darwin_amd64_sha='98a3bfd691f42c6a5b721880116f89210d8fdff61cc0224cd3ef2f8e55a466fb'^[[0m
Publisher-owned smoke (rust, arm64)	Install pinned cosign	2026-10-09T12:42:05.5329734Z ^[[36;1mbootstrap_darwin_arm64_sha='edfc761b27ced77f0f9ca288ff4fac7caa898e1e9db38f4dfdf72160cdf8e638'^[[0m
Publisher-owned smoke (rust, arm64)	Install pinned cosign	2026-10-09T12:42:05.5330502Z ^[[36;1mbootstrap_windows_amd64_sha='a2ac24e197111c9430cb2a98f10a641164381afb83df036504868e4ea5720800'^[[0m
Publisher-owned smoke (rust, arm64)	Install pinned cosign	2026-10-09T12:42:05.5331021Z ^[[36;1mcosign_executable_name=cosign^[[0m
Publisher-owned smoke (rust, arm64)	Install pinned cosign	2026-10-09T12:42:05.5331319Z ^[[36;1m^[[0m
Publisher-owned smoke (rust, arm64)	Install pinned cosign	2026-10-09T12:42:05.5331568Z ^[[36;1mtrap "popd >/dev/null" EXIT^[[0m
Publisher-owned smoke (rust, arm64)	Install pinned cosign	2026-10-09T12:42:05.5331834Z ^[[36;1m^[[0m
Publisher-owned smoke (rust, arm64)	Install pinned cosign	2026-10-09T12:42:05.5332757Z ^[[36;1mpushd $HOME/.cosign > /dev/null^[[0m
Publisher-owned smoke (rust, arm64)	Install pinned cosign	2026-10-09T12:42:05.5333033Z ^[[36;1m^[[0m
Publisher-owned smoke (rust, arm64)	Install pinned cosign	2026-10-09T12:42:05.5333235Z ^[[36;1mcase Linux in^[[0m
Publisher-owned smoke (rust, arm64)	Install pinned cosign	2026-10-09T12:42:05.5333541Z ^[[36;1m  Linux|linux)^[[0m
Publisher-owned smoke (rust, arm64)	Install pinned cosign	2026-10-09T12:42:05.5333781Z ^[[36;1m    case ARM64 in^[[0m
Publisher-owned smoke (rust, arm64)	Install pinned cosign	2026-10-09T12:42:05.5334064Z ^[[36;1m      X64|amd64)^[[0m
Publisher-owned smoke (rust, arm64)	Install pinned cosign	2026-10-09T12:42:05.5334354Z ^[[36;1m        bootstrap_filename='cosign-linux-amd64'^[[0m
Publisher-owned smoke (rust, arm64)	Install pinned cosign	2026-10-09T12:42:05.5334725Z ^[[36;1m        bootstrap_sha=${bootstrap_linux_amd64_sha}^[[0m
Publisher-owned smoke (rust, arm64)	Install pinned cosign	2026-10-09T12:42:05.5335158Z ^[[36;1m        desired_cosign_filename='cosign-linux-amd64'^[[0m
Publisher-owned smoke (rust, arm64)	Install pinned cosign	2026-10-09T12:42:05.5335596Z ^[[36;1m        # v0.6.0 had different filename structures from all other releases^[[0m
Publisher-owned smoke (rust, arm64)	Install pinned cosign	2026-10-09T12:42:05.5336013Z ^[[36;1m        if [[ v2.4.3 == 'v0.6.0' ]]; then^[[0m
Publisher-owned smoke (rust, arm64)	Install pinned cosign	2026-10-09T12:42:05.5336412Z ^[[36;1m          desired_cosign_filename='cosign_linux_amd64_0.6.0_linux_amd64'^[[0m
Publisher-owned smoke (rust, arm64)	Install pinned cosign	2026-10-09T12:42:05.5337272Z ^[[36;1m          desired_cosign_v060_signature='cosign_linux_amd64_0.6.0_linux_amd64.sig'^[[0m
Publisher-owned smoke (rust, arm64)	Install pinned cosign	2026-10-09T12:42:05.5337786Z ^[[36;1m        fi^[[0m
Publisher-owned smoke (rust, arm64)	Install pinned cosign	2026-10-09T12:42:05.5338001Z ^[[36;1m        ;;^[[0m
Publisher-owned smoke (rust, arm64)	Install pinned cosign	2026-10-09T12:42:05.5338238Z ^[[36;1m^[[0m
Publisher-owned smoke (rust, arm64)	Install pinned cosign	2026-10-09T12:42:05.5338446Z ^[[36;1m      ARM|arm)^[[0m
Publisher-owned smoke (rust, arm64)	Install pinned cosign	2026-10-09T12:42:05.5338726Z ^[[36;1m        bootstrap_filename='cosign-linux-arm'^[[0m
Publisher-owned smoke (rust, arm64)	Install pinned cosign	2026-10-09T12:42:05.5339129Z ^[[36;1m        bootstrap_sha=${bootstrap_linux_arm_sha}^[[0m
Publisher-owned smoke (rust, arm64)	Install pinned cosign	2026-10-09T12:42:05.5339499Z ^[[36;1m        desired_cosign_filename='cosign-linux-arm'^[[0m
Publisher-owned smoke (rust, arm64)	Install pinned cosign	2026-10-09T12:42:05.5339877Z ^[[36;1m        if [[ v2.4.3 == 'v0.6.0' ]]; then^[[0m
Publisher-owned smoke (rust, arm64)	Install pinned cosign	2026-10-09T12:42:05.5340244Z ^[[36;1m          log_error "linux-arm build not available at v0.6.0"^[[0m
Publisher-owned smoke (rust, arm64)	Install pinned cosign	2026-10-09T12:42:05.5340608Z ^[[36;1m          exit 1^[[0m
Publisher-owned smoke (rust, arm64)	Install pinned cosign	2026-10-09T12:42:05.5340865Z ^[[36;1m        fi^[[0m
Publisher-owned smoke (rust, arm64)	Install pinned cosign	2026-10-09T12:42:05.5341081Z ^[[36;1m        ;;^[[0m
Publisher-owned smoke (rust, arm64)	Install pinned cosign	2026-10-09T12:42:05.5341292Z ^[[36;1m^[[0m
Publisher-owned smoke (rust, arm64)	Install pinned cosign	2026-10-09T12:42:05.5341530Z ^[[36;1m      ARM64|arm64)^[[0m
Publisher-owned smoke (rust, arm64)	Install pinned cosign	2026-10-09T12:42:05.5341823Z ^[[36;1m        bootstrap_filename='cosign-linux-arm64'^[[0m
Publisher-owned smoke (rust, arm64)	Install pinned cosign	2026-10-09T12:42:05.5342264Z ^[[36;1m        bootstrap_sha=${bootstrap_linux_arm64_sha}^[[0m
Publisher-owned smoke (rust, arm64)	Install pinned cosign	2026-10-09T12:42:05.5342644Z ^[[36;1m        desired_cosign_filename='cosign-linux-arm64'^[[0m
Publisher-owned smoke (rust, arm64)	Install pinned cosign	2026-10-09T12:42:05.5343242Z ^[[36;1m        if [[ v2.4.3 == 'v0.6.0' ]]; then^[[0m
Publisher-owned smoke (rust, arm64)	Install pinned cosign	2026-10-09T12:42:05.5343643Z ^[[36;1m          log_error "linux-arm64 build not available at v0.6.0"^[[0m
Publisher-owned smoke (rust, arm64)	Install pinned cosign	2026-10-09T12:42:05.5344018Z ^[[36;1m          exit 1^[[0m
Publisher-owned smoke (rust, arm64)	Install pinned cosign	2026-10-09T12:42:05.5344268Z ^[[36;1m        fi^[[0m
Publisher-owned smoke (rust, arm64)	Install pinned cosign	2026-10-09T12:42:05.5344494Z ^[[36;1m        ;;^[[0m
Publisher-owned smoke (rust, arm64)	Install pinned cosign	2026-10-09T12:42:05.5344712Z ^[[36;1m^[[0m
Publisher-owned smoke (rust, arm64)	Install pinned cosign	2026-10-09T12:42:05.5344927Z ^[[36;1m      *)^[[0m
Publisher-owned smoke (rust, arm64)	Install pinned cosign	2026-10-09T12:42:05.5345240Z ^[[36;1m        log_error "unsupported architecture ARM64"^[[0m
Publisher-owned smoke (rust, arm64)	Install pinned cosign	2026-10-09T12:42:05.5345580Z ^[[36;1m        exit 1^[[0m
Publisher-owned smoke (rust, arm64)	Install pinned cosign	2026-10-09T12:42:05.5345819Z ^[[36;1m        ;;^[[0m
Publisher-owned smoke (rust, arm64)	Install pinned cosign	2026-10-09T12:42:05.5346040Z ^[[36;1m    esac^[[0m
Publisher-owned smoke (rust, arm64)	Install pinned cosign	2026-10-09T12:42:05.5346289Z ^[[36;1m    ;;^[[0m
Publisher-owned smoke (rust, arm64)	Install pinned cosign	2026-10-09T12:42:05.5346516Z ^[[36;1m^[[0m
Publisher-owned smoke (rust, arm64)	Install pinned cosign	2026-10-09T12:42:05.5346712Z ^[[36;1m  macOS|macos)^[[0m
Publisher-owned smoke (rust, arm64)	Install pinned cosign	2026-10-09T12:42:05.5347306Z ^[[36;1m    case ARM64 in^[[0m
Publisher-owned smoke (rust, arm64)	Install pinned cosign	2026-10-09T12:42:05.5347565Z ^[[36;1m      X64|amd64)^[[0m
Publisher-owned smoke (rust, arm64)	Install pinned cosign	2026-10-09T12:42:05.5347894Z ^[[36;1m        bootstrap_filename='cosign-darwin-amd64'^[[0m
Publisher-owned smoke (rust, arm64)	Install pinned cosign	2026-10-09T12:42:05.5348298Z ^[[36;1m        bootstrap_sha=${bootstrap_darwin_amd64_sha}^[[0m
Publisher-owned smoke (rust, arm64)	Install pinned cosign	2026-10-09T12:42:05.5348677Z ^[[36;1m        desired_cosign_filename='cosign-darwin-amd64'^[[0m
Publisher-owned smoke (rust, arm64)	Install pinned cosign	2026-10-09T12:42:05.5349139Z ^[[36;1m        # v0.6.0 had different filename structures from all other releases^[[0m
Publisher-owned smoke (rust, arm64)	Install pinned cosign	2026-10-09T12:42:05.5349547Z ^[[36;1m        if [[ v2.4.3 == 'v0.6.0' ]]; then^[[0m
Publisher-owned smoke (rust, arm64)	Install pinned cosign	2026-10-09T12:42:05.5349956Z ^[[36;1m          desired_cosign_filename='cosign_darwin_amd64_0.6.0_darwin_amd64'^[[0m
Publisher-owned smoke (rust, arm64)	Install pinned cosign	2026-10-09T12:42:05.5350519Z ^[[36;1m          desired_cosign_v060_signature='cosign_darwin_amd64_0.6.0_darwin_amd64.sig'^[[0m
Publisher-owned smoke (rust, arm64)	Install pinned cosign	2026-10-09T12:42:05.5350949Z ^[[36;1m        fi^[[0m
Publisher-owned smoke (rust, arm64)	Install pinned cosign	2026-10-09T12:42:05.5351197Z ^[[36;1m        ;;^[[0m
Publisher-owned smoke (rust, arm64)	Install pinned cosign	2026-10-09T12:42:05.5351412Z ^[[36;1m^[[0m
Publisher-owned smoke (rust, arm64)	Install pinned cosign	2026-10-09T12:42:05.5351632Z ^[[36;1m      ARM64|arm64)^[[0m
Publisher-owned smoke (rust, arm64)	Install pinned cosign	2026-10-09T12:42:05.5352222Z ^[[36;1m        bootstrap_filename='cosign-darwin-arm64'^[[0m
Publisher-owned smoke (rust, arm64)	Install pinned cosign	2026-10-09T12:42:05.5352596Z ^[[36;1m        bootstrap_sha=${bootstrap_darwin_arm64_sha}^[[0m
Publisher-owned smoke (rust, arm64)	Install pinned cosign	2026-10-09T12:42:05.5353016Z ^[[36;1m        desired_cosign_filename='cosign-darwin-arm64'^[[0m
Publisher-owned smoke (rust, arm64)	Install pinned cosign	2026-10-09T12:42:05.5353451Z ^[[36;1m        # v0.6.0 had different filename structures from all other releases^[[0m
Publisher-owned smoke (rust, arm64)	Install pinned cosign	2026-10-09T12:42:05.5353894Z ^[[36;1m        if [[ v2.4.3 == 'v0.6.0' ]]; then^[[0m
Publisher-owned smoke (rust, arm64)	Install pinned cosign	2026-10-09T12:42:05.5354322Z ^[[36;1m          desired_cosign_filename='cosign_darwin_arm64_0.6.0_darwin_arm64'^[[0m
Publisher-owned smoke (rust, arm64)	Install pinned cosign	2026-10-09T12:42:05.5354853Z ^[[36;1m          desired_cosign_v060_signature='cosign_darwin_arm64_0.6.0_darwin_arm64.sig'^[[0m
Publisher-owned smoke (rust, arm64)	Install pinned cosign	2026-10-09T12:42:05.5355292Z ^[[36;1m        fi^[[0m
Publisher-owned smoke (rust, arm64)	Install pinned cosign	2026-10-09T12:42:05.5355511Z ^[[36;1m        ;;^[[0m
Publisher-owned smoke (rust, arm64)	Install pinned cosign	2026-10-09T12:42:05.5355720Z ^[[36;1m^[[0m
Publisher-owned smoke (rust, arm64)	Install pinned cosign	2026-10-09T12:42:05.5355972Z ^[[36;1m      *)^[[0m
Publisher-owned smoke (rust, arm64)	Install pinned cosign	2026-10-09T12:42:05.5356248Z ^[[36;1m        log_error "unsupported architecture ARM64"^[[0m
Publisher-owned smoke (rust, arm64)	Install pinned cosign	2026-10-09T12:42:05.5356612Z ^[[36;1m        exit 1^[[0m
Publisher-owned smoke (rust, arm64)	Install pinned cosign	2026-10-09T12:42:05.5357282Z ^[[36;1m        ;;^[[0m
Publisher-owned smoke (rust, arm64)	Install pinned cosign	2026-10-09T12:42:05.5357503Z ^[[36;1m    esac^[[0m
Publisher-owned smoke (rust, arm64)	Install pinned cosign	2026-10-09T12:42:05.5357827Z ^[[36;1m    ;;^[[0m
Publisher-owned smoke (rust, arm64)	Install pinned cosign	2026-10-09T12:42:05.5358043Z ^[[36;1m^[[0m
Publisher-owned smoke (rust, arm64)	Install pinned cosign	2026-10-09T12:42:05.5358271Z ^[[36;1m  Windows|windows)^[[0m
Publisher-owned smoke (rust, arm64)	Install pinned cosign	2026-10-09T12:42:05.5358532Z ^[[36;1m    case ARM64 in^[[0m
Publisher-owned smoke (rust, arm64)	Install pinned cosign	2026-10-09T12:42:05.5358778Z ^[[36;1m      X64|amd64)^[[0m
Publisher-owned smoke (rust, arm64)	Install pinned cosign	2026-10-09T12:42:05.5359129Z ^[[36;1m        bootstrap_filename='cosign-windows-amd64.exe'^[[0m
Publisher-owned smoke (rust, arm64)	Install pinned cosign	2026-10-09T12:42:05.5359542Z ^[[36;1m        bootstrap_sha=${bootstrap_windows_amd64_sha}^[[0m
Publisher-owned smoke (rust, arm64)	Install pinned cosign	2026-10-09T12:42:05.5359965Z ^[[36;1m        desired_cosign_filename='cosign-windows-amd64.exe'^[[0m
Publisher-owned smoke (rust, arm64)	Install pinned cosign	2026-10-09T12:42:05.5360354Z ^[[36;1m        cosign_executable_name=cosign.exe^[[0m
Publisher-owned smoke (rust, arm64)	Install pinned cosign	2026-10-09T12:42:05.5360787Z ^[[36;1m        # v0.6.0 had different filename structures from all other releases^[[0m
Publisher-owned smoke (rust, arm64)	Install pinned cosign	2026-10-09T12:42:05.5361239Z ^[[36;1m        if [[ v2.4.3 == 'v0.6.0' ]]; then^[[0m
Publisher-owned smoke (rust, arm64)	Install pinned cosign	2026-10-09T12:42:05.5361663Z ^[[36;1m          desired_cosign_filename='cosign_windows_amd64_0.6.0_windows_amd64.exe'^[[0m
Publisher-owned smoke (rust, arm64)	Install pinned cosign	2026-10-09T12:42:05.5362276Z ^[[36;1m          desired_cosign_v060_signature='cosign_windows_amd64_0.6.0_windows_amd64.exe.sig'^[[0m
Publisher-owned smoke (rust, arm64)	Install pinned cosign	2026-10-09T12:42:05.5362951Z ^[[36;1m        fi^[[0m
Publisher-owned smoke (rust, arm64)	Install pinned cosign	2026-10-09T12:42:05.5363197Z ^[[36;1m        ;;^[[0m
Publisher-owned smoke (rust, arm64)	Install pinned cosign	2026-10-09T12:42:05.5363471Z ^[[36;1m      *)^[[0m
Publisher-owned smoke (rust, arm64)	Install pinned cosign	2026-10-09T12:42:05.5363741Z ^[[36;1m        log_error "unsupported architecture ARM64"^[[0m
Publisher-owned smoke (rust, arm64)	Install pinned cosign	2026-10-09T12:42:05.5364059Z ^[[36;1m        exit 1^[[0m
Publisher-owned smoke (rust, arm64)	Install pinned cosign	2026-10-09T12:42:05.5364321Z ^[[36;1m        ;;^[[0m
Publisher-owned smoke (rust, arm64)	Install pinned cosign	2026-10-09T12:42:05.5364559Z ^[[36;1m    esac^[[0m
Publisher-owned smoke (rust, arm64)	Install pinned cosign	2026-10-09T12:42:05.5364783Z ^[[36;1m    ;;^[[0m
Publisher-owned smoke (rust, arm64)	Install pinned cosign	2026-10-09T12:42:05.5364996Z ^[[36;1m  *)^[[0m
Publisher-owned smoke (rust, arm64)	Install pinned cosign	2026-10-09T12:42:05.5365269Z ^[[36;1m    log_error "unsupported os Linux"^[[0m
Publisher-owned smoke (rust, arm64)	Install pinned cosign	2026-10-09T12:42:05.5365597Z ^[[36;1m    exit 1^[[0m
Publisher-owned smoke (rust, arm64)	Install pinned cosign	2026-10-09T12:42:05.5365839Z ^[[36;1m    ;;^[[0m
Publisher-owned smoke (rust, arm64)	Install pinned cosign	2026-10-09T12:42:05.5366062Z ^[[36;1mesac^[[0m
Publisher-owned smoke (rust, arm64)	Install pinned cosign	2026-10-09T12:42:05.5366293Z ^[[36;1m^[[0m
Publisher-owned smoke (rust, arm64)	Install pinned cosign	2026-10-09T12:42:05.5366486Z ^[[36;1mSUDO=^[[0m
Publisher-owned smoke (rust, arm64)	Install pinned cosign	2026-10-09T12:42:05.5367204Z ^[[36;1mif [[ "false" == "true" ]] && command -v sudo >/dev/null; then^[[0m
Publisher-owned smoke (rust, arm64)	Install pinned cosign	2026-10-09T12:42:05.5367628Z ^[[36;1m  SUDO=sudo^[[0m
Publisher-owned smoke (rust, arm64)	Install pinned cosign	2026-10-09T12:42:05.5367892Z ^[[36;1mfi^[[0m
Publisher-owned smoke (rust, arm64)	Install pinned cosign	2026-10-09T12:42:05.5368103Z ^[[36;1m^[[0m
Publisher-owned smoke (rust, arm64)	Install pinned cosign	2026-10-09T12:42:05.5368378Z ^[[36;1mexpected_bootstrap_version_digest=${bootstrap_sha}^[[0m
Publisher-owned smoke (rust, arm64)	Install pinned cosign	2026-10-09T12:42:05.5369328Z ^[[36;1mlog_info "Downloading bootstrap version '${bootstrap_version}' of cosign to verify version to be installed...\n      https://github.com/sigstore/cosign/releases/download/${bootstrap_version}/${bootstrap_filename}"^[[0m
Publisher-owned smoke (rust, arm64)	Install pinned cosign	2026-10-09T12:42:05.5370587Z ^[[36;1m$SUDO curl -fsL https://github.com/sigstore/cosign/releases/download/${bootstrap_version}/${bootstrap_filename} -o ${cosign_executable_name}^[[0m
Publisher-owned smoke (rust, arm64)	Install pinned cosign	2026-10-09T12:42:05.5371306Z ^[[36;1mshaBootstrap=$(shaprog ${cosign_executable_name});^[[0m
Publisher-owned smoke (rust, arm64)	Install pinned cosign	2026-10-09T12:42:05.5371771Z ^[[36;1mif [[ $shaBootstrap != ${expected_bootstrap_version_digest} ]]; then^[[0m
Publisher-owned smoke (rust, arm64)	Install pinned cosign	2026-10-09T12:42:05.5372232Z ^[[36;1m  log_error "Unable to validate cosign version: 'v2.4.3'"^[[0m
Publisher-owned smoke (rust, arm64)	Install pinned cosign	2026-10-09T12:42:05.5372600Z ^[[36;1m  exit 1^[[0m
Publisher-owned smoke (rust, arm64)	Install pinned cosign	2026-10-09T12:42:05.5373090Z ^[[36;1mfi^[[0m
Publisher-owned smoke (rust, arm64)	Install pinned cosign	2026-10-09T12:42:05.5373365Z ^[[36;1m$SUDO chmod +x ${cosign_executable_name}^[[0m
Publisher-owned smoke (rust, arm64)	Install pinned cosign	2026-10-09T12:42:05.5373679Z ^[[36;1m^[[0m
Publisher-owned smoke (rust, arm64)	Install pinned cosign	2026-10-09T12:42:05.5374014Z ^[[36;1m# If the bootstrap and specified `cosign` releases are the same, we're done.^[[0m
Publisher-owned smoke (rust, arm64)	Install pinned cosign	2026-10-09T12:42:05.5374517Z ^[[36;1mif [[ v2.4.3 == ${bootstrap_version} ]]; then^[[0m
Publisher-owned smoke (rust, arm64)	Install pinned cosign	2026-10-09T12:42:05.5375057Z ^[[36;1m  log_info "bootstrap version successfully verified and matches requested version so nothing else to do"^[[0m
Publisher-owned smoke (rust, arm64)	Install pinned cosign	2026-10-09T12:42:05.5375553Z ^[[36;1m  exit 0^[[0m
Publisher-owned smoke (rust, arm64)	Install pinned cosign	2026-10-09T12:42:05.5375799Z ^[[36;1mfi^[[0m
Publisher-owned smoke (rust, arm64)	Install pinned cosign	2026-10-09T12:42:05.5376009Z ^[[36;1m^[[0m
Publisher-owned smoke (rust, arm64)	Install pinned cosign	2026-10-09T12:42:05.5376325Z ^[[36;1msemver='^v([0-9]+\.){0,2}(\*|[0-9]+)(-?r?c?)(\.[0-9]+)$'^[[0m
Publisher-owned smoke (rust, arm64)	Install pinned cosign	2026-10-09T12:42:05.5376673Z ^[[36;1mif [[ v2.4.3 =~ $semver ]]; then^[[0m
Publisher-owned smoke (rust, arm64)	Install pinned cosign	2026-10-09T12:42:05.5377279Z ^[[36;1m  log_info "Custom cosign version 'v2.4.3' requested"^[[0m
Publisher-owned smoke (rust, arm64)	Install pinned cosign	2026-10-09T12:42:05.5377665Z ^[[36;1melse^[[0m
Publisher-owned smoke (rust, arm64)	Install pinned cosign	2026-10-09T12:42:05.5377978Z ^[[36;1m  log_error "Unable to validate requested cosign version: 'v2.4.3'"^[[0m
Publisher-owned smoke (rust, arm64)	Install pinned cosign	2026-10-09T12:42:05.5378405Z ^[[36;1m  exit 1^[[0m
Publisher-owned smoke (rust, arm64)	Install pinned cosign	2026-10-09T12:42:05.5378634Z ^[[36;1mfi^[[0m
Publisher-owned smoke (rust, arm64)	Install pinned cosign	2026-10-09T12:42:05.5378837Z ^[[36;1m^[[0m
Publisher-owned smoke (rust, arm64)	Install pinned cosign	2026-10-09T12:42:05.5379071Z ^[[36;1m# Download custom cosign^[[0m
Publisher-owned smoke (rust, arm64)	Install pinned cosign	2026-10-09T12:42:05.5379782Z ^[[36;1mlog_info "Downloading platform-specific version 'v2.4.3' of cosign...\n      https://github.com/sigstore/cosign/releases/download/v2.4.3/${desired_cosign_filename}"^[[0m
Publisher-owned smoke (rust, arm64)	Install pinned cosign	2026-10-09T12:42:05.5380811Z ^[[36;1m$SUDO curl -fsL https://github.com/sigstore/cosign/releases/download/v2.4.3/${desired_cosign_filename} -o cosign_v2.4.3^[[0m
Publisher-owned smoke (rust, arm64)	Install pinned cosign	2026-10-09T12:42:05.5381405Z ^[[36;1mshaCustom=$(shaprog cosign_v2.4.3);^[[0m
Publisher-owned smoke (rust, arm64)	Install pinned cosign	2026-10-09T12:42:05.5381693Z ^[[36;1m^[[0m
Publisher-owned smoke (rust, arm64)	Install pinned cosign	2026-10-09T12:42:05.5381950Z ^[[36;1m# same hash means it is the same release^[[0m
Publisher-owned smoke (rust, arm64)	Install pinned cosign	2026-10-09T12:42:05.5382291Z ^[[36;1mif [[ $shaCustom != $shaBootstrap ]]; then^[[0m
Publisher-owned smoke (rust, arm64)	Install pinned cosign	2026-10-09T12:42:05.5382707Z ^[[36;1m  if [[ v2.4.3 == 'v0.6.0' && Linux == 'Linux' ]]; then^[[0m
Publisher-owned smoke (rust, arm64)	Install pinned cosign	2026-10-09T12:42:05.5383254Z ^[[36;1m    # v0.6.0's linux release has a dependency on `libpcsclite1`^[[0m
Publisher-owned smoke (rust, arm64)	Install pinned cosign	2026-10-09T12:42:05.5383715Z ^[[36;1m    log_info "Installing libpcsclite1 package if necessary..."^[[0m
Publisher-owned smoke (rust, arm64)	Install pinned cosign	2026-10-09T12:42:05.5384369Z ^[[36;1m    set +e^[[0m
Publisher-owned smoke (rust, arm64)	Install pinned cosign	2026-10-09T12:42:05.5384615Z ^[[36;1m    sudo dpkg -s libpcsclite1^[[0m
Publisher-owned smoke (rust, arm64)	Install pinned cosign	2026-10-09T12:42:05.5384917Z ^[[36;1m    if [ $? -eq 0 ]; then^[[0m
Publisher-owned smoke (rust, arm64)	Install pinned cosign	2026-10-09T12:42:05.5385290Z ^[[36;1m        log_info "libpcsclite1 package is already installed"^[[0m
Publisher-owned smoke (rust, arm64)	Install pinned cosign	2026-10-09T12:42:05.5385636Z ^[[36;1m    else^[[0m
Publisher-owned smoke (rust, arm64)	Install pinned cosign	2026-10-09T12:42:05.5386025Z ^[[36;1m         log_info "libpcsclite1 package is not installed, installing it now."^[[0m
Publisher-owned smoke (rust, arm64)	Install pinned cosign	2026-10-09T12:42:05.5386458Z ^[[36;1m         sudo apt-get update -q -q^[[0m
Publisher-owned smoke (rust, arm64)	Install pinned cosign	2026-10-09T12:42:05.5387091Z ^[[36;1m         sudo apt-get install -yq libpcsclite1^[[0m
Publisher-owned smoke (rust, arm64)	Install pinned cosign	2026-10-09T12:42:05.5387495Z ^[[36;1m    fi^[[0m
Publisher-owned smoke (rust, arm64)	Install pinned cosign	2026-10-09T12:42:05.5387705Z ^[[36;1m    set -e^[[0m
Publisher-owned smoke (rust, arm64)	Install pinned cosign	2026-10-09T12:42:05.5387948Z ^[[36;1m  fi^[[0m
Publisher-owned smoke (rust, arm64)	Install pinned cosign	2026-10-09T12:42:05.5388164Z ^[[36;1m^[[0m
Publisher-owned smoke (rust, arm64)	Install pinned cosign	2026-10-09T12:42:05.5388403Z ^[[36;1m  if [[ v2.4.3 == 'v0.6.0' ]]; then^[[0m
Publisher-owned smoke (rust, arm64)	Install pinned cosign	2026-10-09T12:42:05.5389231Z ^[[36;1m    log_info "Downloading detached signature for platform-specific 'v2.4.3' of cosign...\n      https://github.com/sigstore/cosign/releases/download/v2.4.3/${desired_cosign_v060_signature}"^[[0m
Publisher-owned smoke (rust, arm64)	Install pinned cosign	2026-10-09T12:42:05.5390356Z ^[[36;1m    $SUDO curl -fsL https://github.com/sigstore/cosign/releases/download/v2.4.3/${desired_cosign_v060_signature} -o ${desired_cosign_filename}.sig^[[0m
Publisher-owned smoke (rust, arm64)	Install pinned cosign	2026-10-09T12:42:05.5390992Z ^[[36;1m  else^[[0m
Publisher-owned smoke (rust, arm64)	Install pinned cosign	2026-10-09T12:42:05.5391687Z ^[[36;1m    log_info "Downloading detached signature for platform-specific 'v2.4.3' of cosign...\n      https://github.com/sigstore/cosign/releases/download/v2.4.3/${desired_cosign_filename}.sig"^[[0m
Publisher-owned smoke (rust, arm64)	Install pinned cosign	2026-10-09T12:42:05.5392722Z ^[[36;1m    $SUDO curl -fsLO https://github.com/sigstore/cosign/releases/download/v2.4.3/${desired_cosign_filename}.sig^[[0m
Publisher-owned smoke (rust, arm64)	Install pinned cosign	2026-10-09T12:42:05.5393305Z ^[[36;1m  fi^[[0m
Publisher-owned smoke (rust, arm64)	Install pinned cosign	2026-10-09T12:42:05.5393512Z ^[[36;1m^[[0m
Publisher-owned smoke (rust, arm64)	Install pinned cosign	2026-10-09T12:42:05.5393747Z ^[[36;1m  if [[ v2.4.3 < 'v0.6.0' ]]; then^[[0m
Publisher-owned smoke (rust, arm64)	Install pinned cosign	2026-10-09T12:42:05.5394708Z ^[[36;1m    log_info "Downloading cosign public key 'v2.4.3' of cosign...\n    https://raw.githubusercontent.com/sigstore/cosign/v2.4.3/.github/workflows/cosign.pub"^[[0m
Publisher-owned smoke (rust, arm64)	Install pinned cosign	2026-10-09T12:42:05.5395638Z ^[[36;1m    RELEASE_COSIGN_PUB_KEY=https://raw.githubusercontent.com/sigstore/cosign/v2.4.3/.github/workflows/cosign.pub^[[0m
Publisher-owned smoke (rust, arm64)	Install pinned cosign	2026-10-09T12:42:05.5396415Z ^[[36;1m    RELEASE_COSIGN_PUB_KEY_SHA='4aa4bd19530a4929d758a9896255aef2c82f1a3a9f4b000034c6df4307c14f9e'^[[0m
Publisher-owned smoke (rust, arm64)	Install pinned cosign	2026-10-09T12:42:05.5397281Z ^[[36;1m  else^[[0m
Publisher-owned smoke (rust, arm64)	Install pinned cosign	2026-10-09T12:42:05.5398020Z ^[[36;1m    log_info "Downloading cosign public key 'v2.4.3' of cosign...\n    https://raw.githubusercontent.com/sigstore/cosign/v2.4.3/release/release-cosign.pub"^[[0m
Publisher-owned smoke (rust, arm64)	Install pinned cosign	2026-10-09T12:42:05.5398977Z ^[[36;1m    RELEASE_COSIGN_PUB_KEY=https://raw.githubusercontent.com/sigstore/cosign/v2.4.3/release/release-cosign.pub^[[0m
Publisher-owned smoke (rust, arm64)	Install pinned cosign	2026-10-09T12:42:05.5399711Z ^[[36;1m    RELEASE_COSIGN_PUB_KEY_SHA='f4cea466e5e887a45da5031757fa1d32655d83420639dc1758749b744179f126'^[[0m
Publisher-owned smoke (rust, arm64)	Install pinned cosign	2026-10-09T12:42:05.5400221Z ^[[36;1m  fi^[[0m
Publisher-owned smoke (rust, arm64)	Install pinned cosign	2026-10-09T12:42:05.5400427Z ^[[36;1m^[[0m
Publisher-owned smoke (rust, arm64)	Install pinned cosign	2026-10-09T12:42:05.5400734Z ^[[36;1m  log_info "Verifying public key matches expected value"^[[0m
Publisher-owned smoke (rust, arm64)	Install pinned cosign	2026-10-09T12:42:05.5401190Z ^[[36;1m  $SUDO curl -fsL $RELEASE_COSIGN_PUB_KEY -o public.key^[[0m
Publisher-owned smoke (rust, arm64)	Install pinned cosign	2026-10-09T12:42:05.5401567Z ^[[36;1m  sha_fetched_key=$(shaprog public.key)^[[0m
Publisher-owned smoke (rust, arm64)	Install pinned cosign	2026-10-09T12:42:05.5401967Z ^[[36;1m  if [[ $sha_fetched_key != $RELEASE_COSIGN_PUB_KEY_SHA ]]; then^[[0m
Publisher-owned smoke (rust, arm64)	Install pinned cosign	2026-10-09T12:42:05.5402443Z ^[[36;1m    log_error "Fetched public key does not match expected digest, exiting"^[[0m
Publisher-owned smoke (rust, arm64)	Install pinned cosign	2026-10-09T12:42:05.5402833Z ^[[36;1m    exit 1^[[0m
Publisher-owned smoke (rust, arm64)	Install pinned cosign	2026-10-09T12:42:05.5403099Z ^[[36;1m  fi^[[0m
Publisher-owned smoke (rust, arm64)	Install pinned cosign	2026-10-09T12:42:05.5403304Z ^[[36;1m^[[0m
Publisher-owned smoke (rust, arm64)	Install pinned cosign	2026-10-09T12:42:05.5403701Z ^[[36;1m  log_info "Using bootstrap cosign to verify signature of desired cosign version"^[[0m
Publisher-owned smoke (rust, arm64)	Install pinned cosign	2026-10-09T12:42:05.5404327Z ^[[36;1m  ./cosign verify-blob --key public.key --signature ${desired_cosign_filename}.sig cosign_v2.4.3^[[0m
Publisher-owned smoke (rust, arm64)	Install pinned cosign	2026-10-09T12:42:05.5404792Z ^[[36;1m^[[0m
Publisher-owned smoke (rust, arm64)	Install pinned cosign	2026-10-09T12:42:05.5405062Z ^[[36;1m  $SUDO rm cosign^[[0m
Publisher-owned smoke (rust, arm64)	Install pinned cosign	2026-10-09T12:42:05.5405363Z ^[[36;1m  $SUDO mv cosign_v2.4.3 ${cosign_executable_name}^[[0m
Publisher-owned smoke (rust, arm64)	Install pinned cosign	2026-10-09T12:42:05.5405997Z ^[[36;1m  $SUDO chmod +x ${cosign_executable_name}^[[0m
Publisher-owned smoke (rust, arm64)	Install pinned cosign	2026-10-09T12:42:05.5406338Z ^[[36;1m  log_info "Installation complete!"^[[0m
Publisher-owned smoke (rust, arm64)	Install pinned cosign	2026-10-09T12:42:05.5406626Z ^[[36;1mfi^[[0m
Publisher-owned smoke (rust, arm64)	Install pinned cosign	2026-10-09T12:42:05.5511487Z shell: /usr/bin/bash --noprofile --norc -e -o pipefail {0}
Publisher-owned smoke (rust, arm64)	Install pinned cosign	2026-10-09T12:42:05.5512163Z ##[endgroup]
Publisher-owned smoke (rust, arm64)	Install pinned cosign	2026-10-09T12:42:05.5621098Z ^[[1;32mINFO^[[0m: Downloading bootstrap version 'v2.4.3' of cosign to verify version to be installed...
Publisher-owned smoke (rust, arm64)	Install pinned cosign	2026-10-09T12:42:05.5622125Z       https://github.com/sigstore/cosign/releases/download/v2.4.3/cosign-linux-arm64
Publisher-owned smoke (rust, arm64)	Install pinned cosign	2026-10-09T12:42:06.3165549Z ^[[1;32mINFO^[[0m: bootstrap version successfully verified and matches requested version so nothing else to do
Publisher-owned smoke (rust, arm64)	Install pinned cosign	2026-10-09T12:42:06.3187701Z ##[end-action id=__sigstore_cosign-installer.__run;outcome=success;conclusion=success;duration_ms=793]
Publisher-owned smoke (rust, arm64)	Install pinned cosign	2026-10-09T12:42:06.3194032Z ##[start-action display=Run echo "$HOME/.cosign" >> $GITHUB_PATH;id=__sigstore_cosign-installer.__run_2]
Publisher-owned smoke (rust, arm64)	Install pinned cosign	2026-10-09T12:42:06.3247870Z ##[group]Run echo "$HOME/.cosign" >> $GITHUB_PATH
Publisher-owned smoke (rust, arm64)	Install pinned cosign	2026-10-09T12:42:06.3248409Z ^[[36;1mecho "$HOME/.cosign" >> $GITHUB_PATH^[[0m
Publisher-owned smoke (rust, arm64)	Install pinned cosign	2026-10-09T12:42:06.3301129Z shell: /usr/bin/bash --noprofile --norc -e -o pipefail {0}
Publisher-owned smoke (rust, arm64)	Install pinned cosign	2026-10-09T12:42:06.3301536Z ##[endgroup]
Publisher-owned smoke (rust, arm64)	Install pinned cosign	2026-10-09T12:42:06.3383673Z ##[end-action id=__sigstore_cosign-installer.__run_2;outcome=success;conclusion=success;duration_ms=18]
Publisher-owned smoke (rust, arm64)	Install pinned cosign	2026-10-09T12:42:06.3388559Z ##[start-action display=Run echo "$HOME/.cosign" | Out-File -FilePath $env:GITHUB_PATH -Encoding utf8 -Append;id=__sigstore_cosign-installer.__run_3]
Publisher-owned smoke (rust, arm64)	Install pinned cosign	2026-10-09T12:42:06.3396356Z ##[end-action id=__sigstore_cosign-installer.__run_3;outcome=skipped;conclusion=skipped;duration_ms=0]
Publisher-owned smoke (rust, arm64)	Build local worker without publishing	﻿2026-10-09T12:42:06.3441396Z ##[group]Run docker build --build-arg LITELLM_RELEASE_TAG=v0.0.0-lens-ci -f deploy/lens/Dockerfile -t lens-runtime-fixture .
Publisher-owned smoke (rust, arm64)	Build local worker without publishing	2026-10-09T12:42:06.3442319Z ^[[36;1mdocker build --build-arg LITELLM_RELEASE_TAG=v0.0.0-lens-ci -f deploy/lens/Dockerfile -t lens-runtime-fixture .^[[0m
Publisher-owned smoke (rust, arm64)	Build local worker without publishing	2026-10-09T12:42:06.3497119Z shell: /usr/bin/bash -e {0}
Publisher-owned smoke (rust, arm64)	Build local worker without publishing	2026-10-09T12:42:06.3497569Z ##[endgroup]
Publisher-owned smoke (rust, arm64)	Build local worker without publishing	2026-10-09T12:42:06.8591080Z #0 building with "default" instance using docker driver
Publisher-owned smoke (rust, arm64)	Build local worker without publishing	2026-10-09T12:42:06.8591771Z 
Publisher-owned smoke (rust, arm64)	Build local worker without publishing	2026-10-09T12:42:06.8592307Z #1 [internal] load build definition from Dockerfile
Publisher-owned smoke (rust, arm64)	Build local worker without publishing	2026-10-09T12:42:06.8592758Z #1 transferring dockerfile: 2.70kB done
Publisher-owned smoke (rust, arm64)	Build local worker without publishing	2026-10-09T12:42:06.8593251Z #1 DONE 0.0s
Publisher-owned smoke (rust, arm64)	Build local worker without publishing	2026-10-09T12:42:06.8593494Z 
Publisher-owned smoke (rust, arm64)	Build local worker without publishing	2026-10-09T12:42:06.8593991Z #2 [internal] load metadata for cgr.dev/chainguard/wolfi-base@sha256:1d95114038f76513a9ace6fca107d5582b08c65981f81f61cb56bf7fd2ef216d
Publisher-owned smoke (rust, arm64)	Build local worker without publishing	2026-10-09T12:42:07.4701488Z #2 DONE 0.8s
Publisher-owned smoke (rust, arm64)	Build local worker without publishing	2026-10-09T12:42:07.5839072Z 
Publisher-owned smoke (rust, arm64)	Build local worker without publishing	2026-10-09T12:42:07.5840120Z #3 [builder  1/10] FROM cgr.dev/chainguard/wolfi-base@sha256:1d95114038f76513a9ace6fca107d5582b08c65981f81f61cb56bf7fd2ef216d
Publisher-owned smoke (rust, arm64)	Build local worker without publishing	2026-10-09T12:42:07.5842835Z #3 resolve cgr.dev/chainguard/wolfi-base@sha256:1d95114038f76513a9ace6fca107d5582b08c65981f81f61cb56bf7fd2ef216d done
Publisher-owned smoke (rust, arm64)	Build local worker without publishing	2026-10-09T12:42:07.5843585Z #3 sha256:29c5c9258c8e88ada504d23ec15963a3d70efe582de484a7814ad63db4431acf 2.50kB / 2.50kB done
Publisher-owned smoke (rust, arm64)	Build local worker without publishing	2026-10-09T12:42:07.5844277Z #3 sha256:44eb6a4c017a8fa06623109ffbc2293257995d3ccf50377283a3e0e0fbfc30db 2.86kB / 2.86kB done
Publisher-owned smoke (rust, arm64)	Build local worker without publishing	2026-10-09T12:42:07.5845013Z #3 sha256:48e40e3adc96c260e355ec5255b9330f7cc4e9923b2177881aef694ef967853d 0B / 2.66MB 0.1s
Publisher-owned smoke (rust, arm64)	Build local worker without publishing	2026-10-09T12:42:07.5845873Z #3 sha256:1d95114038f76513a9ace6fca107d5582b08c65981f81f61cb56bf7fd2ef216d 1.14kB / 1.14kB done
Publisher-owned smoke (rust, arm64)	Build local worker without publishing	2026-10-09T12:42:07.5847154Z #3 sha256:538c7e5ed418e0104ed15ba918956eccc830800660efb33218ec31e399f8e761 0B / 2.50MB 0.1s
Publisher-owned smoke (rust, arm64)	Build local worker without publishing	2026-10-09T12:42:07.5849123Z #3 sha256:ac5779d72c0938f1cb3ee53a68135af2cbf78099632c31a6ab28484f0adcd315 0B / 426.81kB 0.1s
Publisher-owned smoke (rust, arm64)	Build local worker without publishing	2026-10-09T12:42:07.6830680Z #3 ...
Publisher-owned smoke (rust, arm64)	Build local worker without publishing	2026-10-09T12:42:07.6832426Z 
Publisher-owned smoke (rust, arm64)	Build local worker without publishing	2026-10-09T12:42:07.6832923Z #4 [internal] load build context
Publisher-owned smoke (rust, arm64)	Build local worker without publishing	2026-10-09T12:42:07.6834170Z #4 transferring context: 11.82MB 0.1s done
Publisher-owned smoke (rust, arm64)	Build local worker without publishing	2026-10-09T12:42:07.6835003Z #4 DONE 0.2s
Publisher-owned smoke (rust, arm64)	Build local worker without publishing	2026-10-09T12:42:07.6835806Z 
Publisher-owned smoke (rust, arm64)	Build local worker without publishing	2026-10-09T12:42:07.6836502Z #3 [builder  1/10] FROM cgr.dev/chainguard/wolfi-base@sha256:1d95114038f76513a9ace6fca107d5582b08c65981f81f61cb56bf7fd2ef216d
Publisher-owned smoke (rust, arm64)	Build local worker without publishing	2026-10-09T12:42:07.6837897Z #3 sha256:48e40e3adc96c260e355ec5255b9330f7cc4e9923b2177881aef694ef967853d 1.05MB / 2.66MB 0.2s
Publisher-owned smoke (rust, arm64)	Build local worker without publishing	2026-10-09T12:42:07.7860826Z #3 sha256:48e40e3adc96c260e355ec5255b9330f7cc4e9923b2177881aef694ef967853d 2.66MB / 2.66MB 0.2s done
Publisher-owned smoke (rust, arm64)	Build local worker without publishing	2026-10-09T12:42:07.7865162Z #3 sha256:538c7e5ed418e0104ed15ba918956eccc830800660efb33218ec31e399f8e761 2.50MB / 2.50MB 0.3s done
Publisher-owned smoke (rust, arm64)	Build local worker without publishing	2026-10-09T12:42:07.7866261Z #3 sha256:ac5779d72c0938f1cb3ee53a68135af2cbf78099632c31a6ab28484f0adcd315 426.81kB / 426.81kB 0.2s done
Publisher-owned smoke (rust, arm64)	Build local worker without publishing	2026-10-09T12:42:07.7869233Z #3 extracting sha256:48e40e3adc96c260e355ec5255b9330f7cc4e9923b2177881aef694ef967853d 0.0s done
Publisher-owned smoke (rust, arm64)	Build local worker without publishing	2026-10-09T12:42:07.7870355Z #3 sha256:0f5c1acc319ba5423c773004bc887959733967b41f2d1b02020e636e2094223f 0B / 171.11kB 0.3s
Publisher-owned smoke (rust, arm64)	Build local worker without publishing	2026-10-09T12:42:07.7871229Z #3 sha256:35d4108703105088a046ada0ba0ba6593be2a40a8ab9445631deec27df914461 0B / 120.95kB 0.3s
Publisher-owned smoke (rust, arm64)	Build local worker without publishing	2026-10-09T12:42:07.7872048Z #3 extracting sha256:538c7e5ed418e0104ed15ba918956eccc830800660efb33218ec31e399f8e761
Publisher-owned smoke (rust, arm64)	Build local worker without publishing	2026-10-09T12:42:07.9818921Z #3 sha256:0f5c1acc319ba5423c773004bc887959733967b41f2d1b02020e636e2094223f 171.11kB / 171.11kB 0.3s done
Publisher-owned smoke (rust, arm64)	Build local worker without publishing	2026-10-09T12:42:07.9820156Z #3 extracting sha256:538c7e5ed418e0104ed15ba918956eccc830800660efb33218ec31e399f8e761 0.0s done
Publisher-owned smoke (rust, arm64)	Build local worker without publishing	2026-10-09T12:42:07.9820953Z #3 sha256:0a153062968a79c64b469dd36a2e14fe4165db15c60498537d5598b329469667 95.98kB / 95.98kB 0.5s
Publisher-owned smoke (rust, arm64)	Build local worker without publishing	2026-10-09T12:42:07.9821712Z #3 sha256:f8b42eb065a4c02eb481a87e0684c73c74d7a54434a14d5b5198ca7edaae260c 108.11kB / 108.11kB 0.5s
Publisher-owned smoke (rust, arm64)	Build local worker without publishing	2026-10-09T12:42:08.1822134Z #3 sha256:35d4108703105088a046ada0ba0ba6593be2a40a8ab9445631deec27df914461 120.95kB / 120.95kB 0.7s
Publisher-owned smoke (rust, arm64)	Build local worker without publishing	2026-10-09T12:42:08.1823244Z #3 sha256:0a153062968a79c64b469dd36a2e14fe4165db15c60498537d5598b329469667 95.98kB / 95.98kB 0.6s done
Publisher-owned smoke (rust, arm64)	Build local worker without publishing	2026-10-09T12:42:08.1824379Z #3 sha256:f8b42eb065a4c02eb481a87e0684c73c74d7a54434a14d5b5198ca7edaae260c 108.11kB / 108.11kB 0.7s done
Publisher-owned smoke (rust, arm64)	Build local worker without publishing	2026-10-09T12:42:08.2886049Z #3 sha256:cb5586a85f193886b63b18b0aae1a72a4678568b5e3f9ae25cd329e9a87eed7b 0B / 52.16kB 0.8s
Publisher-owned smoke (rust, arm64)	Build local worker without publishing	2026-10-09T12:42:08.4817494Z #3 sha256:35d4108703105088a046ada0ba0ba6593be2a40a8ab9445631deec27df914461 120.95kB / 120.95kB 0.9s done
Publisher-owned smoke (rust, arm64)	Build local worker without publishing	2026-10-09T12:42:08.4818709Z #3 sha256:cb5586a85f193886b63b18b0aae1a72a4678568b5e3f9ae25cd329e9a87eed7b 52.16kB / 52.16kB 1.0s
Publisher-owned smoke (rust, arm64)	Build local worker without publishing	2026-10-09T12:42:08.4819514Z #3 sha256:5d31da5b55952d023f34bf449eccb28f898540e397bbf662c7447879fa420f80 76.82kB / 76.82kB 1.0s
Publisher-owned smoke (rust, arm64)	Build local worker without publishing	2026-10-09T12:42:08.7823649Z #3 sha256:cb5586a85f193886b63b18b0aae1a72a4678568b5e3f9ae25cd329e9a87eed7b 52.16kB / 52.16kB 1.1s done
Publisher-owned smoke (rust, arm64)	Build local worker without publishing	2026-10-09T12:42:08.7824483Z #3 sha256:5d31da5b55952d023f34bf449eccb28f898540e397bbf662c7447879fa420f80 76.82kB / 76.82kB 1.2s done
Publisher-owned smoke (rust, arm64)	Build local worker without publishing	2026-10-09T12:42:08.7825461Z #3 sha256:af5eeeb426904f942e71f345f0e65dc09fd932f29a5f56f08fe1cc8659477385 14.39kB / 14.39kB 1.3s done
Publisher-owned smoke (rust, arm64)	Build local worker without publishing	2026-10-09T12:42:08.7826147Z #3 sha256:405730c6bc6b98de2a65c3eee2c62499d10c054890d7601d2ab962f69df04685 14.39kB / 14.39kB 1.3s
Publisher-owned smoke (rust, arm64)	Build local worker without publishing	2026-10-09T12:42:09.1815121Z #3 sha256:405730c6bc6b98de2a65c3eee2c62499d10c054890d7601d2ab962f69df04685 14.39kB / 14.39kB 1.6s done
Publisher-owned smoke (rust, arm64)	Build local worker without publishing	2026-10-09T12:42:12.7240794Z #3 extracting sha256:ac5779d72c0938f1cb3ee53a68135af2cbf78099632c31a6ab28484f0adcd315
Publisher-owned smoke (rust, arm64)	Build local worker without publishing	2026-10-09T12:42:12.8430871Z #3 extracting sha256:ac5779d72c0938f1cb3ee53a68135af2cbf78099632c31a6ab28484f0adcd315 0.0s done
Publisher-owned smoke (rust, arm64)	Build local worker without publishing	2026-10-09T12:42:12.8432774Z #3 extracting sha256:0f5c1acc319ba5423c773004bc887959733967b41f2d1b02020e636e2094223f done
Publisher-owned smoke (rust, arm64)	Build local worker without publishing	2026-10-09T12:42:12.8433400Z #3 extracting sha256:35d4108703105088a046ada0ba0ba6593be2a40a8ab9445631deec27df914461 done
Publisher-owned smoke (rust, arm64)	Build local worker without publishing	2026-10-09T12:42:12.8433999Z #3 extracting sha256:0a153062968a79c64b469dd36a2e14fe4165db15c60498537d5598b329469667 done
Publisher-owned smoke (rust, arm64)	Build local worker without publishing	2026-10-09T12:42:12.8434640Z #3 extracting sha256:f8b42eb065a4c02eb481a87e0684c73c74d7a54434a14d5b5198ca7edaae260c done
Publisher-owned smoke (rust, arm64)	Build local worker without publishing	2026-10-09T12:42:12.8435325Z #3 extracting sha256:5d31da5b55952d023f34bf449eccb28f898540e397bbf662c7447879fa420f80
Publisher-owned smoke (rust, arm64)	Build local worker without publishing	2026-10-09T12:42:12.9925431Z #3 extracting sha256:5d31da5b55952d023f34bf449eccb28f898540e397bbf662c7447879fa420f80 done
Publisher-owned smoke (rust, arm64)	Build local worker without publishing	2026-10-09T12:42:12.9927230Z #3 extracting sha256:cb5586a85f193886b63b18b0aae1a72a4678568b5e3f9ae25cd329e9a87eed7b done
Publisher-owned smoke (rust, arm64)	Build local worker without publishing	2026-10-09T12:42:12.9927901Z #3 extracting sha256:af5eeeb426904f942e71f345f0e65dc09fd932f29a5f56f08fe1cc8659477385 done
Publisher-owned smoke (rust, arm64)	Build local worker without publishing	2026-10-09T12:42:12.9928595Z #3 extracting sha256:405730c6bc6b98de2a65c3eee2c62499d10c054890d7601d2ab962f69df04685 done
Publisher-owned smoke (rust, arm64)	Build local worker without publishing	2026-10-09T12:42:12.9929034Z #3 DONE 5.5s
Publisher-owned smoke (rust, arm64)	Build local worker without publishing	2026-10-09T12:42:13.1448634Z 
Publisher-owned smoke (rust, arm64)	Build local worker without publishing	2026-10-09T12:42:13.1449497Z #5 [service 2/8] RUN : "v0.0.0-lens-ci"
Publisher-owned smoke (rust, arm64)	Build local worker without publishing	2026-10-09T12:42:13.1486239Z #5 DONE 0.2s
Publisher-owned smoke (rust, arm64)	Build local worker without publishing	2026-10-09T12:42:13.1487135Z 
Publisher-owned smoke (rust, arm64)	Build local worker without publishing	2026-10-09T12:42:13.1487593Z #6 [builder  2/10] RUN apk add --no-cache rust build-base cmake perl pkgconf openssl-dev libseccomp-dev python-3.13
Publisher-owned smoke (rust, arm64)	Build local worker without publishing	2026-10-09T12:42:13.1488297Z #6 0.155 fetch https://apk.cgr.dev/chainguard/aarch64/APKINDEX.tar.gz
Publisher-owned smoke (rust, arm64)	Build local worker without publishing	2026-10-09T12:42:13.9623375Z #6 0.969 (1/68) Installing libstdc++ (16.2.0-r1)
Publisher-owned smoke (rust, arm64)	Build local worker without publishing	2026-10-09T12:42:14.3282870Z #6 1.335 (2/68) Installing libzstd1 (1.5.7-r10)
Publisher-owned smoke (rust, arm64)	Build local worker without publishing	2026-10-09T12:42:14.5309153Z #6 1.538 (3/68) Installing binutils (2.47-r1)
Publisher-owned smoke (rust, arm64)	Build local worker without publishing	2026-10-09T12:42:15.1161767Z #6 1.980 (4/68) Installing libxcrypt-dev (4.5.2-r5)
Publisher-owned smoke (rust, arm64)	Build local worker without publishing	2026-10-09T12:42:15.2987301Z #6 2.168 (5/68) Installing linux-headers (7.2.9-r0)
Publisher-owned smoke (rust, arm64)	Build local worker without publishing	2026-10-09T12:42:15.4083820Z #6 2.415 (6/68) Installing glibc-2.44-dev (2.44-r6)
Publisher-owned smoke (rust, arm64)	Build local worker without publishing	2026-10-09T12:42:16.1871631Z #6 3.050 (7/68) Installing libquadmath (16.2.0-r1)
Publisher-owned smoke (rust, arm64)	Build local worker without publishing	2026-10-09T12:42:16.3592230Z #6 3.215 (8/68) Installing libstdc++-dev (16.2.0-r1)
Publisher-owned smoke (rust, arm64)	Build local worker without publishing	2026-10-09T12:42:16.5999160Z #6 3.607 (9/68) Installing openssf-compiler-options (20250904-r11)
Publisher-owned smoke (rust, arm64)	Build local worker without publishing	2026-10-09T12:42:16.7916334Z #6 3.798 (10/68) Installing posix-cc-wrappers (2-r10)
Publisher-owned smoke (rust, arm64)	Build local worker without publishing	2026-10-09T12:42:16.9480936Z #6 3.955 (11/68) Installing libatomic (16.2.0-r1)
Publisher-owned smoke (rust, arm64)	Build local worker without publishing	2026-10-09T12:42:17.2939782Z #6 4.150 (12/68) Installing gmp (6.3.0-r10)
Publisher-owned smoke (rust, arm64)	Build local worker without publishing	2026-10-09T12:42:17.4816524Z #6 4.338 (13/68) Installing libgomp (16.2.0-r1)
Publisher-owned smoke (rust, arm64)	Build local worker without publishing	2026-10-09T12:42:17.7260544Z #6 4.582 (14/68) Installing isl (0.28-r3)
Publisher-owned smoke (rust, arm64)	Build local worker without publishing	2026-10-09T12:42:17.8978497Z #6 4.769 (15/68) Installing mpfr (4.2.2-r3)
Publisher-owned smoke (rust, arm64)	Build local worker without publishing	2026-10-09T12:42:18.0852180Z #6 4.941 (16/68) Installing mpc (1.4.1-r1)
Publisher-owned smoke (rust, arm64)	Build local worker without publishing	2026-10-09T12:42:18.0967453Z #6 5.104 (17/68) Installing gcc (16.2.0-r1)
Publisher-owned smoke (rust, arm64)	Build local worker without publishing	2026-10-09T12:42:20.0979765Z #6 7.105 (18/68) Installing make (4.4.1-r15)
Publisher-owned smoke (rust, arm64)	Build local worker without publishing	2026-10-09T12:42:20.2855921Z #6 7.293 (19/68) Installing pkgconf (3.0.8-r0)
Publisher-owned smoke (rust, arm64)	Build local worker without publishing	2026-10-09T12:42:20.6096531Z #6 7.616 (20/68) Installing build-base (1-r10)
Publisher-owned smoke (rust, arm64)	Build local worker without publishing	2026-10-09T12:42:20.7791496Z #6 7.786 (21/68) Installing libacl1 (2.4.0-r4)
Publisher-owned smoke (rust, arm64)	Build local worker without publishing	2026-10-09T12:42:20.9609372Z #6 7.968 (22/68) Installing libbz2-1 (1.0.8-r25)
Publisher-owned smoke (rust, arm64)	Build local worker without publishing	2026-10-09T12:42:21.1234632Z #6 8.130 (23/68) Installing libbrotlicommon1 (1.2.0-r5)
Publisher-owned smoke (rust, arm64)	Build local worker without publishing	2026-10-09T12:42:21.2751883Z #6 8.282 (24/68) Installing libbrotlidec1 (1.2.0-r5)
Publisher-owned smoke (rust, arm64)	Build local worker without publishing	2026-10-09T12:42:21.4733045Z #6 8.480 (25/68) Installing libbrotlienc1 (1.2.0-r5)
Publisher-owned smoke (rust, arm64)	Build local worker without publishing	2026-10-09T12:42:21.6593559Z #6 8.666 (26/68) Installing openssl-4.0-libcrypto (4.0.3-r5)
Publisher-owned smoke (rust, arm64)	Build local worker without publishing	2026-10-09T12:42:21.9148243Z #6 8.922 (27/68) Installing libexpat1 (2.9.0-r0)
Publisher-owned smoke (rust, arm64)	Build local worker without publishing	2026-10-09T12:42:22.0988596Z #6 9.106 (28/68) Installing liblz4-1 (1.10.0-r10)
Publisher-owned smoke (rust, arm64)	Build local worker without publishing	2026-10-09T12:42:22.2861585Z #6 9.293 (29/68) Installing xz (5.8.4-r0)
Publisher-owned smoke (rust, arm64)	Build local worker without publishing	2026-10-09T12:42:22.4645087Z #6 9.471 (30/68) Installing libarchive (3.8.9-r3)
Publisher-owned smoke (rust, arm64)	Build local worker without publishing	2026-10-09T12:42:22.7096436Z #6 9.717 (31/68) Installing krb5-conf (1.0-r10)
Publisher-owned smoke (rust, arm64)	Build local worker without publishing	2026-10-09T12:42:22.8825977Z #6 ...
Publisher-owned smoke (rust, arm64)	Build local worker without publishing	2026-10-09T12:42:22.8826303Z 
Publisher-owned smoke (rust, arm64)	Build local worker without publishing	2026-10-09T12:42:22.8826665Z #7 [service 3/8] RUN apk add --no-cache python-3.13 setpriv libgcc libstdc++ openssl ca-certificates
Publisher-owned smoke (rust, arm64)	Build local worker without publishing	2026-10-09T12:42:22.8827462Z #7 0.095 fetch https://apk.cgr.dev/chainguard/aarch64/APKINDEX.tar.gz
Publisher-owned smoke (rust, arm64)	Build local worker without publishing	2026-10-09T12:42:22.8827962Z #7 0.910 (1/24) Installing libbrotlicommon1 (1.2.0-r5)
Publisher-owned smoke (rust, arm64)	Build local worker without publishing	2026-10-09T12:42:22.8828314Z #7 1.225 (2/24) Installing libbrotlidec1 (1.2.0-r5)
Publisher-owned smoke (rust, arm64)	Build local worker without publishing	2026-10-09T12:42:22.8828711Z #7 1.385 (3/24) Installing libbrotlienc1 (1.2.0-r5)
Publisher-owned smoke (rust, arm64)	Build local worker without publishing	2026-10-09T12:42:22.8829108Z #7 1.557 (4/24) Installing openssl-4.0-libcrypto (4.0.3-r5)
Publisher-owned smoke (rust, arm64)	Build local worker without publishing	2026-10-09T12:42:22.8829479Z #7 1.774 (5/24) Installing ca-certificates (20260909-r2)
Publisher-owned smoke (rust, arm64)	Build local worker without publishing	2026-10-09T12:42:22.8829850Z #7 1.967 (6/24) Installing libstdc++ (16.2.0-r1)
Publisher-owned smoke (rust, arm64)	Build local worker without publishing	2026-10-09T12:42:22.8830210Z #7 2.150 (7/24) Installing openssl-4.0-libssl (4.0.3-r5)
Publisher-owned smoke (rust, arm64)	Build local worker without publishing	2026-10-09T12:42:22.8830959Z #7 2.347 (8/24) Installing openssl-4.0 (4.0.3-r5)
Publisher-owned smoke (rust, arm64)	Build local worker without publishing	2026-10-09T12:42:22.8831311Z #7 2.520 (9/24) Installing py3-pip-wheel (26.2.1-r3)
Publisher-owned smoke (rust, arm64)	Build local worker without publishing	2026-10-09T12:42:22.8831642Z #7 2.737 (10/24) Installing libbz2-1 (1.0.8-r25)
Publisher-owned smoke (rust, arm64)	Build local worker without publishing	2026-10-09T12:42:22.8831990Z #7 2.881 (11/24) Installing libexpat1 (2.9.0-r0)
Publisher-owned smoke (rust, arm64)	Build local worker without publishing	2026-10-09T12:42:22.8832373Z #7 3.038 (12/24) Installing libffi (3.8.0-r1)
Publisher-owned smoke (rust, arm64)	Build local worker without publishing	2026-10-09T12:42:22.8832671Z #7 3.245 (13/24) Installing gdbm (1.26-r6)
Publisher-owned smoke (rust, arm64)	Build local worker without publishing	2026-10-09T12:42:22.8833001Z #7 3.500 (14/24) Installing xz (5.8.4-r0)
Publisher-owned smoke (rust, arm64)	Build local worker without publishing	2026-10-09T12:42:22.8833327Z #7 3.660 (15/24) Installing mpdecimal (4.0.1-r4)
Publisher-owned smoke (rust, arm64)	Build local worker without publishing	2026-10-09T12:42:22.8833720Z #7 3.812 (16/24) Installing ncurses-terminfo-base (6.6.20260926-r0)
Publisher-owned smoke (rust, arm64)	Build local worker without publishing	2026-10-09T12:42:22.8834133Z #7 3.986 (17/24) Installing ncurses (6.6.20260926-r0)
Publisher-owned smoke (rust, arm64)	Build local worker without publishing	2026-10-09T12:42:22.8834455Z #7 4.162 (18/24) Installing readline (8.3-r3)
Publisher-owned smoke (rust, arm64)	Build local worker without publishing	2026-10-09T12:42:22.8834809Z #7 4.372 (19/24) Installing sqlite-libs (3.53.4-r2)
Publisher-owned smoke (rust, arm64)	Build local worker without publishing	2026-10-09T12:42:22.8835143Z #7 4.602 (20/24) Installing libuuid (2.42.4-r0)
Publisher-owned smoke (rust, arm64)	Build local worker without publishing	2026-10-09T12:42:22.8835520Z #7 4.749 (21/24) Installing python-3.13-base (3.13.16_git20261002-r3)
Publisher-owned smoke (rust, arm64)	Build local worker without publishing	2026-10-09T12:42:22.8835956Z #7 5.256 (22/24) Installing python-3.13 (3.13.16_git20261002-r3)
Publisher-owned smoke (rust, arm64)	Build local worker without publishing	2026-10-09T12:42:22.8836311Z #7 5.407 (23/24) Installing libcap-ng (0.9.6-r0)
Publisher-owned smoke (rust, arm64)	Build local worker without publishing	2026-10-09T12:42:22.8836668Z #7 5.599 (24/24) Installing setpriv (2.42.4-r0)
Publisher-owned smoke (rust, arm64)	Build local worker without publishing	2026-10-09T12:42:22.8837262Z #7 5.810 Executing busybox-1.38.0-r2.trigger
Publisher-owned smoke (rust, arm64)	Build local worker without publishing	2026-10-09T12:42:22.8837612Z #7 5.934 OK: 73 MiB in 40 packages
Publisher-owned smoke (rust, arm64)	Build local worker without publishing	2026-10-09T12:42:22.8837900Z #7 DONE 9.7s
Publisher-owned smoke (rust, arm64)	Build local worker without publishing	2026-10-09T12:42:22.8838028Z 
Publisher-owned smoke (rust, arm64)	Build local worker without publishing	2026-10-09T12:42:22.8838122Z #8 [service 4/8] WORKDIR /app
Publisher-owned smoke (rust, arm64)	Build local worker without publishing	2026-10-09T12:42:22.8838393Z #8 DONE 0.1s
Publisher-owned smoke (rust, arm64)	Build local worker without publishing	2026-10-09T12:42:23.0601066Z 
Publisher-owned smoke (rust, arm64)	Build local worker without publishing	2026-10-09T12:42:23.0602418Z #6 [builder  2/10] RUN apk add --no-cache rust build-base cmake perl pkgconf openssl-dev libseccomp-dev python-3.13
Publisher-owned smoke (rust, arm64)	Build local worker without publishing	2026-10-09T12:42:23.0603054Z #6 9.917 (32/68) Installing libcom_err (1.47.4-r2)
Publisher-owned smoke (rust, arm64)	Build local worker without publishing	2026-10-09T12:42:23.0760433Z #6 10.08 (33/68) Installing keyutils-libs (1.6.3-r40)
Publisher-owned smoke (rust, arm64)	Build local worker without publishing	2026-10-09T12:42:23.2418840Z #6 10.25 (34/68) Installing openssl-4.0-libssl (4.0.3-r5)
Publisher-owned smoke (rust, arm64)	Build local worker without publishing	2026-10-09T12:42:23.4114094Z #6 10.42 (35/68) Installing libverto (0.3.2-r8)
Publisher-owned smoke (rust, arm64)	Build local worker without publishing	2026-10-09T12:42:23.5694836Z #6 10.58 (36/68) Installing krb5-libs (1.22.2-r5)
Publisher-owned smoke (rust, arm64)	Build local worker without publishing	2026-10-09T12:42:23.7447801Z #6 10.75 (37/68) Installing libunistring (1.4.2-r3)
Publisher-owned smoke (rust, arm64)	Build local worker without publishing	2026-10-09T12:42:23.9320265Z #6 10.94 (38/68) Installing libidn2 (2.3.8-r9)
Publisher-owned smoke (rust, arm64)	Build local worker without publishing	2026-10-09T12:42:24.1023967Z #6 11.11 (39/68) Installing gdbm (1.26-r6)
Publisher-owned smoke (rust, arm64)	Build local worker without publishing	2026-10-09T12:42:24.2818870Z #6 11.29 (40/68) Installing ncurses-terminfo-base (6.6.20260926-r0)
Publisher-owned smoke (rust, arm64)	Build local worker without publishing	2026-10-09T12:42:24.4660314Z #6 11.47 (41/68) Installing ncurses (6.6.20260926-r0)
Publisher-owned smoke (rust, arm64)	Build local worker without publishing	2026-10-09T12:42:24.6372492Z #6 11.64 (42/68) Installing readline (8.3-r3)
Publisher-owned smoke (rust, arm64)	Build local worker without publishing	2026-10-09T12:42:24.8611839Z #6 11.87 (43/68) Installing sqlite-libs (3.53.4-r2)
Publisher-owned smoke (rust, arm64)	Build local worker without publishing	2026-10-09T12:42:25.0575676Z #6 12.06 (44/68) Installing heimdal-libs (7.8.0-r52)
Publisher-owned smoke (rust, arm64)	Build local worker without publishing	2026-10-09T12:42:25.2439642Z #6 12.25 (45/68) Installing cyrus-sasl-heimdal-libs (2.1.28-r58)
Publisher-owned smoke (rust, arm64)	Build local worker without publishing	2026-10-09T12:42:25.4227932Z #6 12.43 (46/68) Installing libldap (2.6.10-r5)
Publisher-owned smoke (rust, arm64)	Build local worker without publishing	2026-10-09T12:42:25.5842397Z #6 12.59 (47/68) Installing libnghttp2-14 (1.70.0-r5)
Publisher-owned smoke (rust, arm64)	Build local worker without publishing	2026-10-09T12:42:25.7659267Z #6 12.77 (48/68) Installing nghttp3 (1.18.0-r1)
Publisher-owned smoke (rust, arm64)	Build local worker without publishing	2026-10-09T12:42:25.9492853Z #6 12.96 (49/68) Installing ngtcp2 (1.25.0-r5)
Publisher-owned smoke (rust, arm64)	Build local worker without publishing	2026-10-09T12:42:26.1124843Z #6 13.12 (50/68) Installing libpsl (0.23.3-r1)
Publisher-owned smoke (rust, arm64)	Build local worker without publishing	2026-10-09T12:42:26.2888287Z #6 13.30 (51/68) Installing libcurl-openssl4 (8.22.0-r4)
Publisher-owned smoke (rust, arm64)	Build local worker without publishing	2026-10-09T12:42:26.4787085Z #6 13.49 (52/68) Installing jsoncpp (1.9.8-r3)
Publisher-owned smoke (rust, arm64)	Build local worker without publishing	2026-10-09T12:42:26.6942080Z #6 13.70 (53/68) Installing librhash0 (1.4.6-r8)
Publisher-owned smoke (rust, arm64)	Build local worker without publishing	2026-10-09T12:42:26.9760708Z #6 13.98 (54/68) Installing libuv (1.53.0-r0)
Publisher-owned smoke (rust, arm64)	Build local worker without publishing	2026-10-09T12:42:27.1600047Z #6 14.17 (55/68) Installing cmake (4.4.4-r0)
Publisher-owned smoke (rust, arm64)	Build local worker without publishing	2026-10-09T12:42:27.9541467Z #6 14.96 (56/68) Installing libseccomp (2.6.1-r1)
Publisher-owned smoke (rust, arm64)	Build local worker without publishing	2026-10-09T12:42:28.1354483Z #6 15.14 (57/68) Installing libseccomp-dev (2.6.1-r1)
Publisher-owned smoke (rust, arm64)	Build local worker without publishing	2026-10-09T12:42:28.5330662Z #6 15.54 (58/68) Installing openssl-4.0-dev (4.0.3-r5)
Publisher-owned smoke (rust, arm64)	Build local worker without publishing	2026-10-09T12:42:29.1055262Z #6 16.11 (59/68) Installing perl (5.44.0-r1)
Publisher-owned smoke (rust, arm64)	Build local worker without publishing	2026-10-09T12:42:29.5101776Z #6 16.52 (60/68) Installing py3-pip-wheel (26.2.1-r3)
Publisher-owned smoke (rust, arm64)	Build local worker without publishing	2026-10-09T12:42:29.6877174Z #6 16.69 (61/68) Installing libffi (3.8.0-r1)
Publisher-owned smoke (rust, arm64)	Build local worker without publishing	2026-10-09T12:42:29.8738162Z #6 16.88 (62/68) Installing mpdecimal (4.0.1-r4)
Publisher-owned smoke (rust, arm64)	Build local worker without publishing	2026-10-09T12:42:30.1297427Z #6 17.14 (63/68) Installing libuuid (2.42.4-r0)
Publisher-owned smoke (rust, arm64)	Build local worker without publishing	2026-10-09T12:42:30.3039859Z #6 17.31 (64/68) Installing python-3.13-base (3.13.16_git20261002-r3)
Publisher-owned smoke (rust, arm64)	Build local worker without publishing	2026-10-09T12:42:30.6904202Z #6 17.70 (65/68) Installing python-3.13 (3.13.16_git20261002-r3)
Publisher-owned smoke (rust, arm64)	Build local worker without publishing	2026-10-09T12:42:30.8737533Z #6 17.88 (66/68) Installing libxml2 (2.15.0-r0)
Publisher-owned smoke (rust, arm64)	Build local worker without publishing	2026-10-09T12:42:31.0472966Z #6 18.05 (67/68) Installing libLLVM-22 (22.1.8-r4)
Publisher-owned smoke (rust, arm64)	Build local worker without publishing	2026-10-09T12:42:32.6281937Z #6 19.64 (68/68) Installing rust-1.99 (1.99.0-r1)
Publisher-owned smoke (rust, arm64)	Build local worker without publishing	2026-10-09T12:42:34.8591927Z #6 21.86 Executing busybox-1.38.0-r2.trigger
Publisher-owned smoke (rust, arm64)	Build local worker without publishing	2026-10-09T12:42:35.0619134Z #6 21.92 OK: 1339 MiB in 84 packages
Publisher-owned smoke (rust, arm64)	Build local worker without publishing	2026-10-09T12:42:39.9882815Z #6 DONE 27.0s
Publisher-owned smoke (rust, arm64)	Build local worker without publishing	2026-10-09T12:42:40.1658184Z 
Publisher-owned smoke (rust, arm64)	Build local worker without publishing	2026-10-09T12:42:40.1659408Z #9 [builder  3/10] WORKDIR /src
Publisher-owned smoke (rust, arm64)	Build local worker without publishing	2026-10-09T12:42:40.1660325Z #9 DONE 0.0s
Publisher-owned smoke (rust, arm64)	Build local worker without publishing	2026-10-09T12:42:40.1660811Z 
Publisher-owned smoke (rust, arm64)	Build local worker without publishing	2026-10-09T12:42:40.1661054Z #10 [builder  4/10] COPY .cargo/ .cargo/
Publisher-owned smoke (rust, arm64)	Build local worker without publishing	2026-10-09T12:42:40.1661462Z #10 DONE 0.0s
Publisher-owned smoke (rust, arm64)	Build local worker without publishing	2026-10-09T12:42:40.1661775Z 
Publisher-owned smoke (rust, arm64)	Build local worker without publishing	2026-10-09T12:42:40.1662031Z #11 [builder  5/10] COPY litellm-rust/ litellm-rust/
Publisher-owned smoke (rust, arm64)	Build local worker without publishing	2026-10-09T12:42:40.2979729Z #11 DONE 0.3s
Publisher-owned smoke (rust, arm64)	Build local worker without publishing	2026-10-09T12:42:40.4591576Z 
Publisher-owned smoke (rust, arm64)	Build local worker without publishing	2026-10-09T12:42:40.4592927Z #12 [builder  6/10] COPY litellm/proxy/lens/prompts/ litellm/proxy/lens/prompts/
Publisher-owned smoke (rust, arm64)	Build local worker without publishing	2026-10-09T12:42:40.4594146Z #12 DONE 0.0s
Publisher-owned smoke (rust, arm64)	Build local worker without publishing	2026-10-09T12:42:40.4594498Z 
Publisher-owned smoke (rust, arm64)	Build local worker without publishing	2026-10-09T12:42:40.4594733Z #13 [builder  7/10] WORKDIR /src/litellm-rust
Publisher-owned smoke (rust, arm64)	Build local worker without publishing	2026-10-09T12:42:40.4595335Z #13 DONE 0.0s
Publisher-owned smoke (rust, arm64)	Build local worker without publishing	2026-10-09T12:42:40.4596271Z 
Publisher-owned smoke (rust, arm64)	Build local worker without publishing	2026-10-09T12:42:40.4596957Z #14 [builder  8/10] RUN cargo build --locked --release -p litellm-lens
Publisher-owned smoke (rust, arm64)	Build local worker without publishing	2026-10-09T12:42:40.4597565Z #14 0.142     Updating crates.io index
Publisher-owned smoke (rust, arm64)	Build local worker without publishing	2026-10-09T12:42:43.6539035Z #14 3.336  Downloading crates ...
Publisher-owned smoke (rust, arm64)	Build local worker without publishing	2026-10-09T12:42:43.7592516Z #14 3.372   Downloaded adler2 v2.0.1
Publisher-owned smoke (rust, arm64)	Build local worker without publishing	2026-10-09T12:42:43.7593435Z #14 3.379   Downloaded atoi v2.0.0
Publisher-owned smoke (rust, arm64)	Build local worker without publishing	2026-10-09T12:42:43.7593891Z #14 3.384   Downloaded atomic-waker v1.1.2
Publisher-owned smoke (rust, arm64)	Build local worker without publishing	2026-10-09T12:42:43.7595403Z #14 3.395   Downloaded axum-core v0.5.6
Publisher-owned smoke (rust, arm64)	Build local worker without publishing	2026-10-09T12:42:43.7595869Z #14 3.397   Downloaded bit-vec v0.8.0
Publisher-owned smoke (rust, arm64)	Build local worker without publishing	2026-10-09T12:42:43.7601256Z #14 3.406   Downloaded block-buffer v0.12.1
Publisher-owned smoke (rust, arm64)	Build local worker without publishing	2026-10-09T12:42:43.7602311Z #14 3.409   Downloaded byteorder v1.5.0
Publisher-owned smoke (rust, arm64)	Build local worker without publishing	2026-10-09T12:42:43.7602895Z #14 3.418   Downloaded cfg-if v1.0.4
Publisher-owned smoke (rust, arm64)	Build local worker without publishing	2026-10-09T12:42:43.7724294Z #14 3.431   Downloaded cpufeatures v0.2.17
Publisher-owned smoke (rust, arm64)	Build local worker without publishing	2026-10-09T12:42:43.7725338Z #14 3.442   Downloaded chrono v0.4.45
Publisher-owned smoke (rust, arm64)	Build local worker without publishing	2026-10-09T12:42:43.8650315Z #14 3.446   Downloaded crc-catalog v2.5.0
Publisher-owned smoke (rust, arm64)	Build local worker without publishing	2026-10-09T12:42:43.8651018Z #14 3.453   Downloaded crossbeam-epoch v0.9.20
Publisher-owned smoke (rust, arm64)	Build local worker without publishing	2026-10-09T12:42:43.8652166Z #14 3.455   Downloaded crypto-common v0.1.7
Publisher-owned smoke (rust, arm64)	Build local worker without publishing	2026-10-09T12:42:43.8652901Z #14 3.464   Downloaded darling v0.21.3
Publisher-owned smoke (rust, arm64)	Build local worker without publishing	2026-10-09T12:42:43.8653487Z #14 3.470   Downloaded data-encoding v2.11.0
Publisher-owned smoke (rust, arm64)	Build local worker without publishing	2026-10-09T12:42:43.8653889Z #14 3.477   Downloaded digest v0.11.3
Publisher-owned smoke (rust, arm64)	Build local worker without publishing	2026-10-09T12:42:43.8654536Z #14 3.481   Downloaded dyn-clone v1.0.20
Publisher-owned smoke (rust, arm64)	Build local worker without publishing	2026-10-09T12:42:43.8655151Z #14 3.495   Downloaded event-listener v5.4.2
Publisher-owned smoke (rust, arm64)	Build local worker without publishing	2026-10-09T12:42:43.8655510Z #14 3.508   Downloaded fastrand v2.5.0
Publisher-owned smoke (rust, arm64)	Build local worker without publishing	2026-10-09T12:42:43.8656326Z #14 3.523   Downloaded fluent-uri v0.4.1
Publisher-owned smoke (rust, arm64)	Build local worker without publishing	2026-10-09T12:42:43.8656599Z #14 3.526   Downloaded encoding_rs v0.8.35
Publisher-owned smoke (rust, arm64)	Build local worker without publishing	2026-10-09T12:42:43.8657003Z #14 3.541   Downloaded foldhash v0.2.0
Publisher-owned smoke (rust, arm64)	Build local worker without publishing	2026-10-09T12:42:43.8658075Z #14 3.542   Downloaded fraction v0.17.0
Publisher-owned smoke (rust, arm64)	Build local worker without publishing	2026-10-09T12:42:43.8658379Z #14 3.548   Downloaded futures-sink v0.3.33
Publisher-owned smoke (rust, arm64)	Build local worker without publishing	2026-10-09T12:42:43.9711085Z #14 3.550   Downloaded futures-intrusive v0.5.0
Publisher-owned smoke (rust, arm64)	Build local worker without publishing	2026-10-09T12:42:43.9715538Z #14 3.560   Downloaded generic-array v0.14.7
Publisher-owned smoke (rust, arm64)	Build local worker without publishing	2026-10-09T12:42:43.9717756Z #14 3.563   Downloaded getrandom v0.4.3
Publisher-owned smoke (rust, arm64)	Build local worker without publishing	2026-10-09T12:42:43.9718270Z #14 3.572   Downloaded hashbrown v0.16.1
Publisher-owned smoke (rust, arm64)	Build local worker without publishing	2026-10-09T12:42:43.9718552Z #14 3.575   Downloaded heck v0.5.0
Publisher-owned smoke (rust, arm64)	Build local worker without publishing	2026-10-09T12:42:43.9718889Z #14 3.584   Downloaded hmac v0.12.1
Publisher-owned smoke (rust, arm64)	Build local worker without publishing	2026-10-09T12:42:43.9721177Z #14 3.587   Downloaded http-body v1.1.0
Publisher-owned smoke (rust, arm64)	Build local worker without publishing	2026-10-09T12:42:43.9722147Z #14 3.595   Downloaded httpdate v1.0.3
Publisher-owned smoke (rust, arm64)	Build local worker without publishing	2026-10-09T12:42:43.9722780Z #14 3.599   Downloaded hyper-rustls v0.27.9
Publisher-owned smoke (rust, arm64)	Build local worker without publishing	2026-10-09T12:42:43.9723185Z #14 3.606   Downloaded iana-time-zone v0.1.65
Publisher-owned smoke (rust, arm64)	Build local worker without publishing	2026-10-09T12:42:43.9723564Z #14 3.613   Downloaded icu_normalizer v2.2.0
Publisher-owned smoke (rust, arm64)	Build local worker without publishing	2026-10-09T12:42:43.9724599Z #14 3.618   Downloaded icu_properties_data v2.2.0
Publisher-owned smoke (rust, arm64)	Build local worker without publishing	2026-10-09T12:42:43.9725050Z #14 3.628   Downloaded idna v1.1.0
Publisher-owned smoke (rust, arm64)	Build local worker without publishing	2026-10-09T12:42:43.9726180Z #14 3.631   Downloaded indexmap v2.14.0
Publisher-owned smoke (rust, arm64)	Build local worker without publishing	2026-10-09T12:42:43.9727240Z #14 3.641   Downloaded itoa v1.0.18
Publisher-owned smoke (rust, arm64)	Build local worker without publishing	2026-10-09T12:42:43.9727698Z #14 3.642   Downloaded jsonschema-value v0.55.1
Publisher-owned smoke (rust, arm64)	Build local worker without publishing	2026-10-09T12:42:43.9728508Z #14 3.654   Downloaded lock_api v0.4.14
Publisher-owned smoke (rust, arm64)	Build local worker without publishing	2026-10-09T12:42:44.0709111Z #14 3.666   Downloaded macro_rules_attribute v0.2.3
Publisher-owned smoke (rust, arm64)	Build local worker without publishing	2026-10-09T12:42:44.0709887Z #14 3.678   Downloaded md-5 v0.11.0
Publisher-owned smoke (rust, arm64)	Build local worker without publishing	2026-10-09T12:42:44.0710772Z #14 3.689   Downloaded mime v0.3.17
Publisher-owned smoke (rust, arm64)	Build local worker without publishing	2026-10-09T12:42:44.0711232Z #14 3.701   Downloaded libsqlite3-sys v0.37.0
Publisher-owned smoke (rust, arm64)	Build local worker without publishing	2026-10-09T12:42:44.0712121Z #14 3.750   Downloaded mio v1.2.2
Publisher-owned smoke (rust, arm64)	Build local worker without publishing	2026-10-09T12:42:44.0712555Z #14 3.754   Downloaded num v0.4.3
Publisher-owned smoke (rust, arm64)	Build local worker without publishing	2026-10-09T12:42:44.1729830Z #14 3.755   Downloaded num-cmp v0.1.0
Publisher-owned smoke (rust, arm64)	Build local worker without publishing	2026-10-09T12:42:44.1730492Z #14 3.756   Downloaded num-iter v0.1.46
Publisher-owned smoke (rust, arm64)	Build local worker without publishing	2026-10-09T12:42:44.1731444Z #14 3.757   Downloaded num-rational v0.4.2
Publisher-owned smoke (rust, arm64)	Build local worker without publishing	2026-10-09T12:42:44.1731929Z #14 3.758   Downloaded opentelemetry-proto v0.33.0
Publisher-owned smoke (rust, arm64)	Build local worker without publishing	2026-10-09T12:42:44.1732823Z #14 3.760   Downloaded parking v2.2.1
Publisher-owned smoke (rust, arm64)	Build local worker without publishing	2026-10-09T12:42:44.1733265Z #14 3.762   Downloaded pastey v0.2.3
Publisher-owned smoke (rust, arm64)	Build local worker without publishing	2026-10-09T12:42:44.1734106Z #14 3.763   Downloaded pin-project v1.1.13
Publisher-owned smoke (rust, arm64)	Build local worker without publishing	2026-10-09T12:42:44.1734560Z #14 3.771   Downloaded portable-atomic v1.14.0
Publisher-owned smoke (rust, arm64)	Build local worker without publishing	2026-10-09T12:42:44.1735948Z #14 3.777   Downloaded ppv-lite86 v0.2.21
Publisher-owned smoke (rust, arm64)	Build local worker without publishing	2026-10-09T12:42:44.1736404Z #14 3.778   Downloaded proptest v1.11.0
Publisher-owned smoke (rust, arm64)	Build local worker without publishing	2026-10-09T12:42:44.1737427Z #14 3.784   Downloaded prost v0.14.4
Publisher-owned smoke (rust, arm64)	Build local worker without publishing	2026-10-09T12:42:44.1737867Z #14 3.786   Downloaded quote v1.0.47
Publisher-owned smoke (rust, arm64)	Build local worker without publishing	2026-10-09T12:42:44.1738740Z #14 3.788   Downloaded rand v0.10.2
Publisher-owned smoke (rust, arm64)	Build local worker without publishing	2026-10-09T12:42:44.1739144Z #14 3.797   Downloaded rand_core v0.6.4
Publisher-owned smoke (rust, arm64)	Build local worker without publishing	2026-10-09T12:42:44.1739953Z #14 3.800   Downloaded rand_pcg v0.10.2
Publisher-owned smoke (rust, arm64)	Build local worker without publishing	2026-10-09T12:42:44.1740393Z #14 3.808   Downloaded ref-cast-impl v1.0.27
Publisher-owned smoke (rust, arm64)	Build local worker without publishing	2026-10-09T12:42:44.1741251Z #14 3.813   Downloaded regex-automata v0.4.18
Publisher-owned smoke (rust, arm64)	Build local worker without publishing	2026-10-09T12:42:44.1741704Z #14 3.824   Downloaded reqwest v0.12.28
Publisher-owned smoke (rust, arm64)	Build local worker without publishing	2026-10-09T12:42:44.1742527Z #14 3.828   Downloaded rustix v1.1.5
Publisher-owned smoke (rust, arm64)	Build local worker without publishing	2026-10-09T12:42:44.1742965Z #14 3.846   Downloaded rustls-pki-types v1.15.0
Publisher-owned smoke (rust, arm64)	Build local worker without publishing	2026-10-09T12:42:44.1743824Z #14 3.848   Downloaded schemars v0.8.22
Publisher-owned smoke (rust, arm64)	Build local worker without publishing	2026-10-09T12:42:44.2784577Z #14 3.856   Downloaded schemars_derive v0.8.22
Publisher-owned smoke (rust, arm64)	Build local worker without publishing	2026-10-09T12:42:44.2784930Z #14 3.858   Downloaded serde v1.0.229
Publisher-owned smoke (rust, arm64)	Build local worker without publishing	2026-10-09T12:42:44.2785208Z #14 3.861   Downloaded serde_derive_internals v0.29.1
Publisher-owned smoke (rust, arm64)	Build local worker without publishing	2026-10-09T12:42:44.2785509Z #14 3.863   Downloaded serde_urlencoded v0.7.1
Publisher-owned smoke (rust, arm64)	Build local worker without publishing	2026-10-09T12:42:44.2785786Z #14 3.867   Downloaded sha1 v0.10.7
Publisher-owned smoke (rust, arm64)	Build local worker without publishing	2026-10-09T12:42:44.2786032Z #14 3.876   Downloaded sha2 v0.11.0
Publisher-owned smoke (rust, arm64)	Build local worker without publishing	2026-10-09T12:42:44.2786295Z #14 3.879   Downloaded signal-hook-registry v1.4.8
Publisher-owned smoke (rust, arm64)	Build local worker without publishing	2026-10-09T12:42:44.2786573Z #14 3.888   Downloaded smallvec v1.15.2
Publisher-owned smoke (rust, arm64)	Build local worker without publishing	2026-10-09T12:42:44.2787773Z #14 3.892   Downloaded sqlx v0.9.0
Publisher-owned smoke (rust, arm64)	Build local worker without publishing	2026-10-09T12:42:44.2788051Z #14 3.902   Downloaded sqlx-macros-core v0.9.0
Publisher-owned smoke (rust, arm64)	Build local worker without publishing	2026-10-09T12:42:44.2788325Z #14 3.907   Downloaded sqlx-sqlite v0.9.0
Publisher-owned smoke (rust, arm64)	Build local worker without publishing	2026-10-09T12:42:44.2788574Z #14 3.913   Downloaded strsim v0.11.1
Publisher-owned smoke (rust, arm64)	Build local worker without publishing	2026-10-09T12:42:44.2788809Z #14 3.917   Downloaded subtle v2.6.1
Publisher-owned smoke (rust, arm64)	Build local worker without publishing	2026-10-09T12:42:44.2789059Z #14 3.925   Downloaded sync_wrapper v1.0.2
Publisher-owned smoke (rust, arm64)	Build local worker without publishing	2026-10-09T12:42:44.2789314Z #14 3.932   Downloaded tempfile v3.27.0
Publisher-owned smoke (rust, arm64)	Build local worker without publishing	2026-10-09T12:42:44.2789574Z #14 3.937   Downloaded thiserror-impl v1.0.69
Publisher-owned smoke (rust, arm64)	Build local worker without publishing	2026-10-09T12:42:44.2789848Z #14 3.946   Downloaded time v0.3.53
Publisher-owned smoke (rust, arm64)	Build local worker without publishing	2026-10-09T12:42:44.2790078Z #14 3.955   Downloaded tinystr v0.8.3
Publisher-owned smoke (rust, arm64)	Build local worker without publishing	2026-10-09T12:42:44.2790325Z #14 3.961   Downloaded tokio-stream v0.1.19
Publisher-owned smoke (rust, arm64)	Build local worker without publishing	2026-10-09T12:42:44.3814167Z #14 3.969   Downloaded tokio v1.53.0
Publisher-owned smoke (rust, arm64)	Build local worker without publishing	2026-10-09T12:42:44.3815279Z #14 3.999   Downloaded tonic v0.14.6
Publisher-owned smoke (rust, arm64)	Build local worker without publishing	2026-10-09T12:42:44.3815610Z #14 4.004   Downloaded tower-http v0.6.11
Publisher-owned smoke (rust, arm64)	Build local worker without publishing	2026-10-09T12:42:44.3815876Z #14 4.010   Downloaded tracing v0.1.44
Publisher-owned smoke (rust, arm64)	Build local worker without publishing	2026-10-09T12:42:44.3816145Z #14 4.021   Downloaded tracing-subscriber v0.3.23
Publisher-owned smoke (rust, arm64)	Build local worker without publishing	2026-10-09T12:42:44.3816431Z #14 4.027   Downloaded typenum v1.20.1
Publisher-owned smoke (rust, arm64)	Build local worker without publishing	2026-10-09T12:42:44.3816675Z #14 4.030   Downloaded unarray v0.1.4
Publisher-owned smoke (rust, arm64)	Build local worker without publishing	2026-10-09T12:42:44.3817129Z #14 4.031   Downloaded unicode-casefold v0.2.0
Publisher-owned smoke (rust, arm64)	Build local worker without publishing	2026-10-09T12:42:44.3817438Z #14 4.031   Downloaded unicode-normalization v0.1.25
Publisher-owned smoke (rust, arm64)	Build local worker without publishing	2026-10-09T12:42:44.3817716Z #14 4.034   Downloaded url v2.5.8
Publisher-owned smoke (rust, arm64)	Build local worker without publishing	2026-10-09T12:42:44.3817940Z #14 4.036   Downloaded uuid v1.24.0
Publisher-owned smoke (rust, arm64)	Build local worker without publishing	2026-10-09T12:42:44.3818176Z #14 4.038   Downloaded veil v0.3.0
Publisher-owned smoke (rust, arm64)	Build local worker without publishing	2026-10-09T12:42:44.3818425Z #14 4.041   Downloaded vsimd v0.8.0
Publisher-owned smoke (rust, arm64)	Build local worker without publishing	2026-10-09T12:42:44.3818656Z #14 4.048   Downloaded whoami v2.1.3
Publisher-owned smoke (rust, arm64)	Build local worker without publishing	2026-10-09T12:42:44.3818886Z #14 4.053   Downloaded yoke v0.8.3
Publisher-owned smoke (rust, arm64)	Build local worker without publishing	2026-10-09T12:42:44.3819119Z #14 4.059   Downloaded zerofrom v0.1.8
Publisher-owned smoke (rust, arm64)	Build local worker without publishing	2026-10-09T12:42:44.3819370Z #14 4.065   Downloaded zerotrie v0.2.4
Publisher-owned smoke (rust, arm64)	Build local worker without publishing	2026-10-09T12:42:44.4899086Z #14 4.073   Downloaded zlib-rs v0.6.7
Publisher-owned smoke (rust, arm64)	Build local worker without publishing	2026-10-09T12:42:44.4900106Z #14 4.077   Downloaded aho-corasick v1.1.5
Publisher-owned smoke (rust, arm64)	Build local worker without publishing	2026-10-09T12:42:44.4901997Z #14 4.087   Downloaded askama v0.16.1
Publisher-owned smoke (rust, arm64)	Build local worker without publishing	2026-10-09T12:42:44.4902935Z #14 4.089   Downloaded askama_parser v0.16.1
Publisher-owned smoke (rust, arm64)	Build local worker without publishing	2026-10-09T12:42:44.4904585Z #14 4.099   Downloaded autocfg v1.5.1
Publisher-owned smoke (rust, arm64)	Build local worker without publishing	2026-10-09T12:42:44.4905185Z #14 4.100   Downloaded bit-set v0.8.0
Publisher-owned smoke (rust, arm64)	Build local worker without publishing	2026-10-09T12:42:44.4906139Z #14 4.111   Downloaded borrow-or-share v0.2.4
Publisher-owned smoke (rust, arm64)	Build local worker without publishing	2026-10-09T12:42:44.4907756Z #14 4.113   Downloaded cc v1.3.0
Publisher-owned smoke (rust, arm64)	Build local worker without publishing	2026-10-09T12:42:44.4908348Z #14 4.123   Downloaded cmov v0.5.4
Publisher-owned smoke (rust, arm64)	Build local worker without publishing	2026-10-09T12:42:44.4909577Z #14 4.125   Downloaded crc v3.4.0
Publisher-owned smoke (rust, arm64)	Build local worker without publishing	2026-10-09T12:42:44.4910851Z #14 4.136   Downloaded crossbeam-queue v0.3.14
Publisher-owned smoke (rust, arm64)	Build local worker without publishing	2026-10-09T12:42:44.4911420Z #14 4.137   Downloaded ctutils v0.4.2
Publisher-owned smoke (rust, arm64)	Build local worker without publishing	2026-10-09T12:42:44.4911874Z #14 4.148   Downloaded deranged v0.5.8
Publisher-owned smoke (rust, arm64)	Build local worker without publishing	2026-10-09T12:42:44.4912373Z #14 4.149   Downloaded dotenvy v0.15.7
Publisher-owned smoke (rust, arm64)	Build local worker without publishing	2026-10-09T12:42:44.4912789Z #14 4.160   Downloaded equivalent v1.0.2
Publisher-owned smoke (rust, arm64)	Build local worker without publishing	2026-10-09T12:42:44.4913336Z #14 4.162   Downloaded fancy-regex v0.19.2
Publisher-owned smoke (rust, arm64)	Build local worker without publishing	2026-10-09T12:42:44.4913835Z #14 4.173   Downloaded flume v0.12.0
Publisher-owned smoke (rust, arm64)	Build local worker without publishing	2026-10-09T12:42:44.5912942Z #14 4.175   Downloaded futures-channel v0.3.33
Publisher-owned smoke (rust, arm64)	Build local worker without publishing	2026-10-09T12:42:44.5914201Z #14 4.185   Downloaded futures-io v0.3.33
Publisher-owned smoke (rust, arm64)	Build local worker without publishing	2026-10-09T12:42:44.5914706Z #14 4.187   Downloaded futures-util v0.3.33
Publisher-owned smoke (rust, arm64)	Build local worker without publishing	2026-10-09T12:42:44.5915115Z #14 4.198   Downloaded h2 v0.4.15
Publisher-owned smoke (rust, arm64)	Build local worker without publishing	2026-10-09T12:42:44.5915481Z #14 4.203   Downloaded hashlink v0.11.1
Publisher-owned smoke (rust, arm64)	Build local worker without publishing	2026-10-09T12:42:44.5915864Z #14 4.211   Downloaded hmac v0.13.0
Publisher-owned smoke (rust, arm64)	Build local worker without publishing	2026-10-09T12:42:44.5916228Z #14 4.212   Downloaded httparse v1.10.1
Publisher-owned smoke (rust, arm64)	Build local worker without publishing	2026-10-09T12:42:44.5916621Z #14 4.225   Downloaded icu_locale_core v2.2.0
Publisher-owned smoke (rust, arm64)	Build local worker without publishing	2026-10-09T12:42:44.5917378Z #14 4.228   Downloaded hyper-timeout v0.5.2
Publisher-owned smoke (rust, arm64)	Build local worker without publishing	2026-10-09T12:42:44.5917759Z #14 4.235   Downloaded icu_provider v2.2.0
Publisher-owned smoke (rust, arm64)	Build local worker without publishing	2026-10-09T12:42:44.5918126Z #14 4.237   Downloaded idna_adapter v1.2.2
Publisher-owned smoke (rust, arm64)	Build local worker without publishing	2026-10-09T12:42:44.5918477Z #14 4.247   Downloaded lazy_static v1.5.0
Publisher-owned smoke (rust, arm64)	Build local worker without publishing	2026-10-09T12:42:44.5918856Z #14 4.251   Downloaded jsonschema v0.55.1
Publisher-owned smoke (rust, arm64)	Build local worker without publishing	2026-10-09T12:42:44.5919231Z #14 4.265   Downloaded log v0.4.33
Publisher-owned smoke (rust, arm64)	Build local worker without publishing	2026-10-09T12:42:44.5919563Z #14 4.266   Downloaded matchit v0.8.4
Publisher-owned smoke (rust, arm64)	Build local worker without publishing	2026-10-09T12:42:44.5919908Z #14 4.272   Downloaded mime_guess v2.0.5
Publisher-owned smoke (rust, arm64)	Build local worker without publishing	2026-10-09T12:42:44.5920249Z #14 4.274   Downloaded multer v3.1.0
Publisher-owned smoke (rust, arm64)	Build local worker without publishing	2026-10-09T12:42:44.7022035Z #14 4.284   Downloaded num-conv v0.2.2
Publisher-owned smoke (rust, arm64)	Build local worker without publishing	2026-10-09T12:42:44.7023436Z #14 4.287   Downloaded once_cell v1.21.4
Publisher-owned smoke (rust, arm64)	Build local worker without publishing	2026-10-09T12:42:44.7024024Z #14 4.298   Downloaded opentelemetry_sdk v0.33.0
Publisher-owned smoke (rust, arm64)	Build local worker without publishing	2026-10-09T12:42:44.7024474Z #14 4.305   Downloaded parking_lot_core v0.9.12
Publisher-owned smoke (rust, arm64)	Build local worker without publishing	2026-10-09T12:42:44.7024890Z #14 4.310   Downloaded powerfmt v0.2.0
Publisher-owned smoke (rust, arm64)	Build local worker without publishing	2026-10-09T12:42:44.7025318Z #14 4.311   Downloaded pin-project-lite v0.2.17
Publisher-owned smoke (rust, arm64)	Build local worker without publishing	2026-10-09T12:42:44.7025716Z #14 4.323   Downloaded quinn-proto v0.11.16
Publisher-owned smoke (rust, arm64)	Build local worker without publishing	2026-10-09T12:42:44.7026087Z #14 4.328   Downloaded prost-derive v0.14.4
Publisher-owned smoke (rust, arm64)	Build local worker without publishing	2026-10-09T12:42:44.7026461Z #14 4.335   Downloaded rand_chacha v0.3.1
Publisher-owned smoke (rust, arm64)	Build local worker without publishing	2026-10-09T12:42:44.7027449Z #14 4.336   Downloaded rand_core v0.9.5
Publisher-owned smoke (rust, arm64)	Build local worker without publishing	2026-10-09T12:42:44.7027839Z #14 4.347   Downloaded referencing v0.55.1
Publisher-owned smoke (rust, arm64)	Build local worker without publishing	2026-10-09T12:42:44.7028218Z #14 4.351   Downloaded regress v0.11.1
Publisher-owned smoke (rust, arm64)	Build local worker without publishing	2026-10-09T12:42:44.7028569Z #14 4.361   Downloaded ryu v1.0.23
Publisher-owned smoke (rust, arm64)	Build local worker without publishing	2026-10-09T12:42:44.7028906Z #14 4.363   Downloaded rustls v0.23.42
Publisher-owned smoke (rust, arm64)	Build local worker without publishing	2026-10-09T12:42:44.7029254Z #14 4.372   Downloaded scopeguard v1.2.0
Publisher-owned smoke (rust, arm64)	Build local worker without publishing	2026-10-09T12:42:44.7029612Z #14 4.373   Downloaded serde_derive v1.0.229
Publisher-owned smoke (rust, arm64)	Build local worker without publishing	2026-10-09T12:42:44.7029969Z #14 4.385   Downloaded sha2 v0.10.9
Publisher-owned smoke (rust, arm64)	Build local worker without publishing	2026-10-09T12:42:44.8112501Z #14 4.387   Downloaded serde_with v3.16.1
Publisher-owned smoke (rust, arm64)	Build local worker without publishing	2026-10-09T12:42:44.8114399Z #14 4.397   Downloaded simd-adler32 v0.3.10
Publisher-owned smoke (rust, arm64)	Build local worker without publishing	2026-10-09T12:42:44.8114672Z #14 4.398   Downloaded socket2 v0.6.5
Publisher-owned smoke (rust, arm64)	Build local worker without publishing	2026-10-09T12:42:44.8114986Z #14 4.409   Downloaded stable_deref_trait v1.2.1
Publisher-owned smoke (rust, arm64)	Build local worker without publishing	2026-10-09T12:42:44.8115263Z #14 4.410   Downloaded sqlx-mysql v0.9.0
Publisher-owned smoke (rust, arm64)	Build local worker without publishing	2026-10-09T12:42:44.8115508Z #14 4.421   Downloaded syn v2.0.119
Publisher-owned smoke (rust, arm64)	Build local worker without publishing	2026-10-09T12:42:44.8115739Z #14 4.428   Downloaded tagptr v0.2.0
Publisher-owned smoke (rust, arm64)	Build local worker without publishing	2026-10-09T12:42:44.8116013Z #14 4.433   Downloaded thiserror-impl v2.0.19
Publisher-owned smoke (rust, arm64)	Build local worker without publishing	2026-10-09T12:42:44.8116283Z #14 4.435   Downloaded time-macros v0.2.31
Publisher-owned smoke (rust, arm64)	Build local worker without publishing	2026-10-09T12:42:44.8116556Z #14 4.446   Downloaded tokio-macros v2.7.1
Publisher-owned smoke (rust, arm64)	Build local worker without publishing	2026-10-09T12:42:44.8117150Z #14 4.447   Downloaded tokio-util v0.7.18
Publisher-owned smoke (rust, arm64)	Build local worker without publishing	2026-10-09T12:42:44.8117512Z #14 4.458   Downloaded tower-layer v0.3.3
Publisher-owned smoke (rust, arm64)	Build local worker without publishing	2026-10-09T12:42:44.8117773Z #14 4.459   Downloaded tracing-core v0.1.36
Publisher-owned smoke (rust, arm64)	Build local worker without publishing	2026-10-09T12:42:44.8118027Z #14 4.470   Downloaded typify v0.6.1
Publisher-owned smoke (rust, arm64)	Build local worker without publishing	2026-10-09T12:42:44.8118271Z #14 4.473   Downloaded unicode-bidi v0.3.18
Publisher-owned smoke (rust, arm64)	Build local worker without publishing	2026-10-09T12:42:44.8118521Z #14 4.482   Downloaded utf-8 v0.7.6
Publisher-owned smoke (rust, arm64)	Build local worker without publishing	2026-10-09T12:42:44.8118781Z #14 4.483   Downloaded unicode-properties v0.1.4
Publisher-owned smoke (rust, arm64)	Build local worker without publishing	2026-10-09T12:42:44.8119385Z #14 4.494   Downloaded want v0.3.1
Publisher-owned smoke (rust, arm64)	Build local worker without publishing	2026-10-09T12:42:44.9161309Z #14 4.496   Downloaded veil-macros v0.3.0
Publisher-owned smoke (rust, arm64)	Build local worker without publishing	2026-10-09T12:42:44.9163078Z #14 4.506   Downloaded yoke-derive v0.8.2
Publisher-owned smoke (rust, arm64)	Build local worker without publishing	2026-10-09T12:42:44.9163576Z #14 4.507   Downloaded zeroize v1.9.0
Publisher-owned smoke (rust, arm64)	Build local worker without publishing	2026-10-09T12:42:44.9163989Z #14 4.517   Downloaded zmij v1.0.23
Publisher-owned smoke (rust, arm64)	Build local worker without publishing	2026-10-09T12:42:44.9164336Z #14 4.520   Downloaded anyhow v1.0.104
Publisher-owned smoke (rust, arm64)	Build local worker without publishing	2026-10-09T12:42:44.9164697Z #14 4.529   Downloaded async-lock v3.4.2
Publisher-owned smoke (rust, arm64)	Build local worker without publishing	2026-10-09T12:42:44.9165060Z #14 4.532   Downloaded base64 v0.22.1
Publisher-owned smoke (rust, arm64)	Build local worker without publishing	2026-10-09T12:42:44.9165418Z #14 4.540   Downloaded bytecount v0.6.9
Publisher-owned smoke (rust, arm64)	Build local worker without publishing	2026-10-09T12:42:44.9165787Z #14 4.544   Downloaded chacha20 v0.10.1
Publisher-owned smoke (rust, arm64)	Build local worker without publishing	2026-10-09T12:42:44.9166148Z #14 4.553   Downloaded crc32fast v1.5.1
Publisher-owned smoke (rust, arm64)	Build local worker without publishing	2026-10-09T12:42:44.9166525Z #14 4.555   Downloaded crypto-common v0.2.2
Publisher-owned smoke (rust, arm64)	Build local worker without publishing	2026-10-09T12:42:44.9167095Z #14 4.565   Downloaded digest v0.10.7
Publisher-owned smoke (rust, arm64)	Build local worker without publishing	2026-10-09T12:42:44.9167486Z #14 4.567   Downloaded email_address v0.2.9
Publisher-owned smoke (rust, arm64)	Build local worker without publishing	2026-10-09T12:42:44.9168089Z #14 4.576   Downloaded find-msvc-tools v0.1.9
Publisher-owned smoke (rust, arm64)	Build local worker without publishing	2026-10-09T12:42:44.9168544Z #14 4.579   Downloaded form_urlencoded v1.2.2
Publisher-owned smoke (rust, arm64)	Build local worker without publishing	2026-10-09T12:42:44.9168957Z #14 4.588   Downloaded futures-macro v0.3.33
Publisher-owned smoke (rust, arm64)	Build local worker without publishing	2026-10-09T12:42:44.9169339Z #14 4.591   Downloaded getrandom v0.3.4
Publisher-owned smoke (rust, arm64)	Build local worker without publishing	2026-10-09T12:42:44.9169687Z #14 4.599   Downloaded hex v0.4.3
Publisher-owned smoke (rust, arm64)	Build local worker without publishing	2026-10-09T12:42:45.0169706Z #14 4.605   Downloaded http-body-util v0.1.4
Publisher-owned smoke (rust, arm64)	Build local worker without publishing	2026-10-09T12:42:45.0170788Z #14 4.611   Downloaded hyper-util v0.1.20
Publisher-owned smoke (rust, arm64)	Build local worker without publishing	2026-10-09T12:42:45.0171299Z #14 4.617   Downloaded icu_properties v2.2.0
Publisher-owned smoke (rust, arm64)	Build local worker without publishing	2026-10-09T12:42:45.0171769Z #14 4.623   Downloaded ipnet v2.12.0
Publisher-owned smoke (rust, arm64)	Build local worker without publishing	2026-10-09T12:42:45.0172141Z #14 4.633   Downloaded libc v0.2.186
Publisher-owned smoke (rust, arm64)	Build local worker without publishing	2026-10-09T12:42:45.0172498Z #14 4.658   Downloaded lru-slab v0.1.2
Publisher-owned smoke (rust, arm64)	Build local worker without publishing	2026-10-09T12:42:45.0172868Z #14 4.659   Downloaded micromap v0.3.0
Publisher-owned smoke (rust, arm64)	Build local worker without publishing	2026-10-09T12:42:45.0173237Z #14 4.662   Downloaded num-bigint v0.4.8
Publisher-owned smoke (rust, arm64)	Build local worker without publishing	2026-10-09T12:42:45.0173609Z #14 4.665   Downloaded num-traits v0.2.19
Publisher-owned smoke (rust, arm64)	Build local worker without publishing	2026-10-09T12:42:45.0173984Z #14 4.667   Downloaded outref v0.5.2
Publisher-owned smoke (rust, arm64)	Build local worker without publishing	2026-10-09T12:42:45.0174361Z #14 4.670   Downloaded pin-project-internal v1.1.13
Publisher-owned smoke (rust, arm64)	Build local worker without publishing	2026-10-09T12:42:45.0174794Z #14 4.672   Downloaded prettyplease v0.2.37
Publisher-owned smoke (rust, arm64)	Build local worker without publishing	2026-10-09T12:42:45.0175166Z #14 4.683   Downloaded quinn-udp v0.5.15
Publisher-owned smoke (rust, arm64)	Build local worker without publishing	2026-10-09T12:42:45.0175533Z #14 4.684   Downloaded rand_chacha v0.9.0
Publisher-owned smoke (rust, arm64)	Build local worker without publishing	2026-10-09T12:42:45.0176310Z #14 4.695   Downloaded regex-syntax v0.8.11
Publisher-owned smoke (rust, arm64)	Build local worker without publishing	2026-10-09T12:42:45.0176701Z #14 4.700   Downloaded ref-cast v1.0.27
Publisher-owned smoke (rust, arm64)	Build local worker without publishing	2026-10-09T12:42:45.1398695Z #14 4.707   Downloaded rustls-webpki v0.103.13
Publisher-owned smoke (rust, arm64)	Build local worker without publishing	2026-10-09T12:42:45.1406168Z #14 4.709   Downloaded semver v1.0.28
Publisher-owned smoke (rust, arm64)	Build local worker without publishing	2026-10-09T12:42:45.1406986Z #14 4.719   Downloaded serde_path_to_error v0.1.20
Publisher-owned smoke (rust, arm64)	Build local worker without publishing	2026-10-09T12:42:45.1407610Z #14 4.722   Downloaded sharded-slab v0.1.7
Publisher-owned smoke (rust, arm64)	Build local worker without publishing	2026-10-09T12:42:45.1407990Z #14 4.730   Downloaded spin v0.9.9
Publisher-owned smoke (rust, arm64)	Build local worker without publishing	2026-10-09T12:42:45.1408344Z #14 4.735   Downloaded sqlx-postgres v0.9.0
Publisher-owned smoke (rust, arm64)	Build local worker without publishing	2026-10-09T12:42:45.1408720Z #14 4.743   Downloaded strum_macros v0.28.0
Publisher-owned smoke (rust, arm64)	Build local worker without publishing	2026-10-09T12:42:45.1409105Z #14 4.746   Downloaded thiserror v1.0.69
Publisher-owned smoke (rust, arm64)	Build local worker without publishing	2026-10-09T12:42:45.1409467Z #14 4.755   Downloaded time-core v0.1.9
Publisher-owned smoke (rust, arm64)	Build local worker without publishing	2026-10-09T12:42:45.1409868Z #14 4.759   Downloaded tokio-rustls v0.26.4
Publisher-owned smoke (rust, arm64)	Build local worker without publishing	2026-10-09T12:42:45.1410231Z #14 4.767   Downloaded tower v0.5.3
Publisher-owned smoke (rust, arm64)	Build local worker without publishing	2026-10-09T12:42:45.1410587Z #14 4.773   Downloaded try-lock v0.2.5
Publisher-owned smoke (rust, arm64)	Build local worker without publishing	2026-10-09T12:42:45.1410953Z #14 4.779   Downloaded unicase v2.9.0
Publisher-owned smoke (rust, arm64)	Build local worker without publishing	2026-10-09T12:42:45.1411325Z #14 4.782   Downloaded untrusted v0.9.0
Publisher-owned smoke (rust, arm64)	Build local worker without publishing	2026-10-09T12:42:45.1411682Z #14 4.791   Downloaded vcpkg v0.2.15
Publisher-owned smoke (rust, arm64)	Build local worker without publishing	2026-10-09T12:42:45.1412034Z #14 4.823   Downloaded winnow v1.0.4
Publisher-owned smoke (rust, arm64)	Build local worker without publishing	2026-10-09T12:42:45.2407612Z #14 4.830   Downloaded zerofrom-derive v0.1.7
Publisher-owned smoke (rust, arm64)	Build local worker without publishing	2026-10-09T12:42:45.2410323Z #14 4.831   Downloaded ahash v0.8.12
Publisher-owned smoke (rust, arm64)	Build local worker without publishing	2026-10-09T12:42:45.2410610Z #14 4.832   Downloaded askama_macros v0.16.1
Publisher-owned smoke (rust, arm64)	Build local worker without publishing	2026-10-09T12:42:45.2410874Z #14 4.833   Downloaded bitflags v2.13.1
Publisher-owned smoke (rust, arm64)	Build local worker without publishing	2026-10-09T12:42:45.2411139Z #14 4.836   Downloaded cfg_aliases v0.2.2
Publisher-owned smoke (rust, arm64)	Build local worker without publishing	2026-10-09T12:42:45.2411411Z #14 4.837   Downloaded crossbeam-channel v0.5.17
Publisher-owned smoke (rust, arm64)	Build local worker without publishing	2026-10-09T12:42:45.2411693Z #14 4.840   Downloaded darling_macro v0.21.3
Publisher-owned smoke (rust, arm64)	Build local worker without publishing	2026-10-09T12:42:45.2412311Z #14 4.844   Downloaded errno v0.3.14
Publisher-owned smoke (rust, arm64)	Build local worker without publishing	2026-10-09T12:42:45.2412544Z #14 4.850   Downloaded fnv v1.0.7
Publisher-owned smoke (rust, arm64)	Build local worker without publishing	2026-10-09T12:42:45.2412781Z #14 4.857   Downloaded futures-task v0.3.33
Publisher-owned smoke (rust, arm64)	Build local worker without publishing	2026-10-09T12:42:45.2413038Z #14 4.863   Downloaded hashbrown v0.17.1
Publisher-owned smoke (rust, arm64)	Build local worker without publishing	2026-10-09T12:42:45.2413293Z #14 4.869   Downloaded hybrid-array v0.4.13
Publisher-owned smoke (rust, arm64)	Build local worker without publishing	2026-10-09T12:42:45.2413585Z #14 4.875   Downloaded icu_normalizer_data v2.2.0
Publisher-owned smoke (rust, arm64)	Build local worker without publishing	2026-10-09T12:42:45.2413865Z #14 4.881   Downloaded itertools v0.14.0
Publisher-owned smoke (rust, arm64)	Build local worker without publishing	2026-10-09T12:42:45.2414112Z #14 4.887   Downloaded litemap v0.8.2
Publisher-owned smoke (rust, arm64)	Build local worker without publishing	2026-10-09T12:42:45.2414355Z #14 4.894   Downloaded miniz_oxide v0.9.1
Publisher-owned smoke (rust, arm64)	Build local worker without publishing	2026-10-09T12:42:45.2414609Z #14 4.900   Downloaded num-integer v0.1.46
Publisher-owned smoke (rust, arm64)	Build local worker without publishing	2026-10-09T12:42:45.2414867Z #14 4.906   Downloaded parking_lot v0.12.5
Publisher-owned smoke (rust, arm64)	Build local worker without publishing	2026-10-09T12:42:45.2415127Z #14 4.912   Downloaded potential_utf v0.1.5
Publisher-owned smoke (rust, arm64)	Build local worker without publishing	2026-10-09T12:42:45.2415382Z #14 4.917   Downloaded rand v0.8.7
Publisher-owned smoke (rust, arm64)	Build local worker without publishing	2026-10-09T12:42:45.2415621Z #14 4.924   Downloaded rand_xorshift v0.4.0
Publisher-owned smoke (rust, arm64)	Build local worker without publishing	2026-10-09T12:42:45.3434364Z #14 4.929   Downloaded rustc-hash v2.1.3
Publisher-owned smoke (rust, arm64)	Build local worker without publishing	2026-10-09T12:42:45.3434736Z #14 4.937   Downloaded schemars v1.2.2
Publisher-owned smoke (rust, arm64)	Build local worker without publishing	2026-10-09T12:42:45.3435103Z #14 4.947   Downloaded serde_with_macros v3.16.1
Publisher-owned smoke (rust, arm64)	Build local worker without publishing	2026-10-09T12:42:45.3435476Z #14 4.949   Downloaded slab v0.4.12
Publisher-owned smoke (rust, arm64)	Build local worker without publishing	2026-10-09T12:42:45.3435805Z #14 4.953   Downloaded stringprep v0.1.5
Publisher-owned smoke (rust, arm64)	Build local worker without publishing	2026-10-09T12:42:45.3436179Z #14 4.961   Downloaded synstructure v0.13.2
Publisher-owned smoke (rust, arm64)	Build local worker without publishing	2026-10-09T12:42:45.3436525Z #14 4.966   Downloaded tinyvec v1.12.0
Publisher-owned smoke (rust, arm64)	Build local worker without publishing	2026-10-09T12:42:45.3437549Z #14 4.973   Downloaded tonic-prost v0.14.6
Publisher-owned smoke (rust, arm64)	Build local worker without publishing	2026-10-09T12:42:45.3438238Z #14 4.978   Downloaded tungstenite v0.24.0
Publisher-owned smoke (rust, arm64)	Build local worker without publishing	2026-10-09T12:42:45.3438809Z #14 4.984   Downloaded unicode-ident v1.0.24
Publisher-owned smoke (rust, arm64)	Build local worker without publishing	2026-10-09T12:42:45.3439278Z #14 4.989   Downloaded version_check v0.9.5
Publisher-owned smoke (rust, arm64)	Build local worker without publishing	2026-10-09T12:42:45.3440068Z #14 4.998   Downloaded zerocopy v0.8.54
Publisher-owned smoke (rust, arm64)	Build local worker without publishing	2026-10-09T12:42:45.3440633Z #14 5.010   Downloaded allocator-api2 v0.2.21
Publisher-owned smoke (rust, arm64)	Build local worker without publishing	2026-10-09T12:42:45.3441107Z #14 5.012   Downloaded axum v0.8.9
Publisher-owned smoke (rust, arm64)	Build local worker without publishing	2026-10-09T12:42:45.3441752Z #14 5.018   Downloaded const-hex v1.19.3
Publisher-owned smoke (rust, arm64)	Build local worker without publishing	2026-10-09T12:42:45.3442324Z #14 5.023   Downloaded darling_core v0.21.3
Publisher-owned smoke (rust, arm64)	Build local worker without publishing	2026-10-09T12:42:45.3442925Z #14 5.026   Downloaded event-listener-strategy v0.5.4
Publisher-owned smoke (rust, arm64)	Build local worker without publishing	2026-10-09T12:42:45.4494554Z #14 5.036   Downloaded futures-executor v0.3.33
Publisher-owned smoke (rust, arm64)	Build local worker without publishing	2026-10-09T12:42:45.4495164Z #14 5.039   Downloaded hkdf v0.13.0
Publisher-owned smoke (rust, arm64)	Build local worker without publishing	2026-10-09T12:42:45.4496974Z #14 5.046   Downloaded icu_collections v2.2.0
Publisher-owned smoke (rust, arm64)	Build local worker without publishing	2026-10-09T12:42:45.4497323Z #14 5.051   Downloaded jsonschema-regex v0.55.1
Publisher-owned smoke (rust, arm64)	Build local worker without publishing	2026-10-09T12:42:45.4497593Z #14 5.059   Downloaded memchr v2.8.3
Publisher-owned smoke (rust, arm64)	Build local worker without publishing	2026-10-09T12:42:45.4497843Z #14 5.062   Downloaded openssl-probe v0.2.1
Publisher-owned smoke (rust, arm64)	Build local worker without publishing	2026-10-09T12:42:45.4498115Z #14 5.071   Downloaded pkg-config v0.3.33
Publisher-owned smoke (rust, arm64)	Build local worker without publishing	2026-10-09T12:42:45.4498361Z #14 5.076   Downloaded rand v0.9.5
Publisher-owned smoke (rust, arm64)	Build local worker without publishing	2026-10-09T12:42:45.4498598Z #14 5.087   Downloaded serde_core v1.0.229
Publisher-owned smoke (rust, arm64)	Build local worker without publishing	2026-10-09T12:42:45.4498845Z #14 5.088   Downloaded ring v0.17.14
Publisher-owned smoke (rust, arm64)	Build local worker without publishing	2026-10-09T12:42:45.4499087Z #14 5.116   Downloaded sqlx-macros v0.9.0
Publisher-owned smoke (rust, arm64)	Build local worker without publishing	2026-10-09T12:42:45.4499338Z #14 5.117   Downloaded shlex v2.0.1
Publisher-owned smoke (rust, arm64)	Build local worker without publishing	2026-10-09T12:42:45.4499578Z #14 5.118   Downloaded thread_local v1.1.10
Publisher-owned smoke (rust, arm64)	Build local worker without publishing	2026-10-09T12:42:45.4499868Z #14 5.119   Downloaded tower-service v0.3.3
Publisher-owned smoke (rust, arm64)	Build local worker without publishing	2026-10-09T12:42:45.4500164Z #14 5.121   Downloaded unicode-general-category v1.1.0
Publisher-owned smoke (rust, arm64)	Build local worker without publishing	2026-10-09T12:42:45.4500458Z #14 5.122   Downloaded webpki-roots v1.0.9
Publisher-owned smoke (rust, arm64)	Build local worker without publishing	2026-10-09T12:42:45.4500729Z #14 5.133   Downloaded zerovec-derive v0.11.3
Publisher-owned smoke (rust, arm64)	Build local worker without publishing	2026-10-09T12:42:45.5499882Z #14 5.134   Downloaded block-buffer v0.10.4
Publisher-owned smoke (rust, arm64)	Build local worker without publishing	2026-10-09T12:42:45.5500622Z #14 5.145   Downloaded crossbeam-utils v0.8.22
Publisher-owned smoke (rust, arm64)	Build local worker without publishing	2026-10-09T12:42:45.5501641Z #14 5.147   Downloaded flate2 v1.1.10
Publisher-owned smoke (rust, arm64)	Build local worker without publishing	2026-10-09T12:42:45.5502416Z #14 5.158   Downloaded hashbrown v0.12.3
Publisher-owned smoke (rust, arm64)	Build local worker without publishing	2026-10-09T12:42:45.5503040Z #14 5.161   Downloaded ident_case v1.0.1
Publisher-owned smoke (rust, arm64)	Build local worker without publishing	2026-10-09T12:42:45.5503460Z #14 5.170   Downloaded macro_rules_attribute-proc_macro v0.2.3
Publisher-owned smoke (rust, arm64)	Build local worker without publishing	2026-10-09T12:42:45.5503877Z #14 5.172   Downloaded opentelemetry v0.33.0
Publisher-owned smoke (rust, arm64)	Build local worker without publishing	2026-10-09T12:42:45.5504431Z #14 5.182   Downloaded quinn v0.11.11
Publisher-owned smoke (rust, arm64)	Build local worker without publishing	2026-10-09T12:42:45.5504792Z #14 5.185   Downloaded rustls-native-certs v0.8.4
Publisher-owned smoke (rust, arm64)	Build local worker without publishing	2026-10-09T12:42:45.5505528Z #14 5.193   Downloaded sha1 v0.11.0
Publisher-owned smoke (rust, arm64)	Build local worker without publishing	2026-10-09T12:42:45.5506196Z #14 5.196   Downloaded syn v3.0.6
Publisher-owned smoke (rust, arm64)	Build local worker without publishing	2026-10-09T12:42:45.5506606Z #14 5.206   Downloaded tokio-tungstenite v0.24.0
Publisher-owned smoke (rust, arm64)	Build local worker without publishing	2026-10-09T12:42:45.5507196Z #14 5.209   Downloaded utf8_iter v1.0.4
Publisher-owned smoke (rust, arm64)	Build local worker without publishing	2026-10-09T12:42:45.5507824Z #14 5.217   Downloaded zerovec v0.11.6
Publisher-owned smoke (rust, arm64)	Build local worker without publishing	2026-10-09T12:42:45.5508442Z #14 5.222   Downloaded bytes v1.12.1
Publisher-owned smoke (rust, arm64)	Build local worker without publishing	2026-10-09T12:42:45.5508984Z #14 5.229   Downloaded either v1.16.0
Publisher-owned smoke (rust, arm64)	Build local worker without publishing	2026-10-09T12:42:45.5509516Z #14 5.233   Downloaded http v1.4.2
Publisher-owned smoke (rust, arm64)	Build local worker without publishing	2026-10-09T12:42:45.6504548Z #14 5.245   Downloaded percent-encoding v2.3.2
Publisher-owned smoke (rust, arm64)	Build local worker without publishing	2026-10-09T12:42:45.6505015Z #14 5.251   Downloaded linux-raw-sys v0.12.1
Publisher-owned smoke (rust, arm64)	Build local worker without publishing	2026-10-09T12:42:45.6505317Z #14 5.297   Downloaded regex v1.13.1
Publisher-owned smoke (rust, arm64)	Build local worker without publishing	2026-10-09T12:42:45.6505658Z #14 5.301   Downloaded sqlx-core v0.9.0
Publisher-owned smoke (rust, arm64)	Build local worker without publishing	2026-10-09T12:42:45.6507456Z #14 5.307   Downloaded tinyvec_macros v0.1.1
Publisher-owned smoke (rust, arm64)	Build local worker without publishing	2026-10-09T12:42:45.6508045Z #14 5.308   Downloaded uuid-simd v0.8.0
Publisher-owned smoke (rust, arm64)	Build local worker without publishing	2026-10-09T12:42:45.6508641Z #14 5.309   Downloaded async-trait v0.1.91
Publisher-owned smoke (rust, arm64)	Build local worker without publishing	2026-10-09T12:42:45.6509115Z #14 5.311   Downloaded futures-core v0.3.33
Publisher-owned smoke (rust, arm64)	Build local worker without publishing	2026-10-09T12:42:45.6509701Z #14 5.312   Downloaded indexmap v1.9.3
Publisher-owned smoke (rust, arm64)	Build local worker without publishing	2026-10-09T12:42:45.6510124Z #14 5.314   Downloaded proc-macro2 v1.0.107
Publisher-owned smoke (rust, arm64)	Build local worker without publishing	2026-10-09T12:42:45.6510684Z #14 5.316   Downloaded serde_json v1.0.150
Publisher-owned smoke (rust, arm64)	Build local worker without publishing	2026-10-09T12:42:45.6511145Z #14 5.321   Downloaded tracing-attributes v0.1.31
Publisher-owned smoke (rust, arm64)	Build local worker without publishing	2026-10-09T12:42:45.6514487Z #14 5.323   Downloaded askama_derive v0.16.1
Publisher-owned smoke (rust, arm64)	Build local worker without publishing	2026-10-09T12:42:45.6519168Z #14 5.326   Downloaded getrandom v0.2.17
Publisher-owned smoke (rust, arm64)	Build local worker without publishing	2026-10-09T12:42:45.6520122Z #14 5.333   Downloaded num-complex v0.4.6
Publisher-owned smoke (rust, arm64)	Build local worker without publishing	2026-10-09T12:42:45.8651138Z #14 5.335   Downloaded strum v0.28.0
Publisher-owned smoke (rust, arm64)	Build local worker without publishing	2026-10-09T12:42:45.8651640Z #14 5.345   Downloaded writeable v0.6.3
Publisher-owned smoke (rust, arm64)	Build local worker without publishing	2026-10-09T12:42:45.8651923Z #14 5.347   Downloaded hyper v1.10.1
Publisher-owned smoke (rust, arm64)	Build local worker without publishing	2026-10-09T12:42:45.8652253Z #14 5.359   Downloaded schemars v0.9.0
Publisher-owned smoke (rust, arm64)	Build local worker without publishing	2026-10-09T12:42:45.8652721Z #14 5.367   Downloaded cpufeatures v0.3.0
Publisher-owned smoke (rust, arm64)	Build local worker without publishing	2026-10-09T12:42:45.8653310Z #14 5.370   Downloaded displaydoc v0.2.6
Publisher-owned smoke (rust, arm64)	Build local worker without publishing	2026-10-09T12:42:45.8653669Z #14 5.371   Downloaded rand_core v0.10.1
Publisher-owned smoke (rust, arm64)	Build local worker without publishing	2026-10-09T12:42:45.8654062Z #14 5.384   Downloaded moka v0.12.16
Publisher-owned smoke (rust, arm64)	Build local worker without publishing	2026-10-09T12:42:45.8654531Z #14 5.389   Downloaded typify-impl v0.6.2
Publisher-owned smoke (rust, arm64)	Build local worker without publishing	2026-10-09T12:42:45.8655080Z #14 5.398   Downloaded thiserror v2.0.19
Publisher-owned smoke (rust, arm64)	Build local worker without publishing	2026-10-09T12:42:46.0632151Z #14 5.746    Compiling unicode-ident v1.0.24
Publisher-owned smoke (rust, arm64)	Build local worker without publishing	2026-10-09T12:42:46.2629997Z #14 5.747    Compiling proc-macro2 v1.0.107
Publisher-owned smoke (rust, arm64)	Build local worker without publishing	2026-10-09T12:42:46.2630547Z #14 5.795    Compiling quote v1.0.47
Publisher-owned smoke (rust, arm64)	Build local worker without publishing	2026-10-09T12:42:46.4404867Z #14 5.973    Compiling libc v0.2.186
Publisher-owned smoke (rust, arm64)	Build local worker without publishing	2026-10-09T12:42:46.4988326Z #14 6.182    Compiling serde v1.0.229
Publisher-owned smoke (rust, arm64)	Build local worker without publishing	2026-10-09T12:42:47.2909550Z #14 6.823    Compiling syn v2.0.119
Publisher-owned smoke (rust, arm64)	Build local worker without publishing	2026-10-09T12:42:47.6359377Z #14 7.168    Compiling syn v3.0.6
Publisher-owned smoke (rust, arm64)	Build local worker without publishing	2026-10-09T12:42:51.2938865Z #14 10.98    Compiling serde_derive v1.0.229
Publisher-owned smoke (rust, arm64)	Build local worker without publishing	2026-10-09T12:42:52.2339446Z #14 11.92    Compiling cfg-if v1.0.4
Publisher-owned smoke (rust, arm64)	Build local worker without publishing	2026-10-09T12:42:52.4094521Z #14 11.94    Compiling serde_core v1.0.229
Publisher-owned smoke (rust, arm64)	Build local worker without publishing	2026-10-09T12:42:54.0765706Z #14 13.61    Compiling synstructure v0.13.2
Publisher-owned smoke (rust, arm64)	Build local worker without publishing	2026-10-09T12:42:54.5968396Z #14 14.13    Compiling zerofrom-derive v0.1.7
Publisher-owned smoke (rust, arm64)	Build local worker without publishing	2026-10-09T12:42:54.8878435Z #14 14.42    Compiling yoke-derive v0.8.2
Publisher-owned smoke (rust, arm64)	Build local worker without publishing	2026-10-09T12:42:55.6305879Z #14 15.31    Compiling pin-project-lite v0.2.17
Publisher-owned smoke (rust, arm64)	Build local worker without publishing	2026-10-09T12:42:55.8128315Z #14 15.35    Compiling version_check v0.9.5
Publisher-owned smoke (rust, arm64)	Build local worker without publishing	2026-10-09T12:42:56.0339146Z #14 15.57    Compiling once_cell v1.21.4
Publisher-owned smoke (rust, arm64)	Build local worker without publishing	2026-10-09T12:42:56.1602334Z #14 15.72    Compiling itoa v1.0.18
Publisher-owned smoke (rust, arm64)	Build local worker without publishing	2026-10-09T12:42:56.3044118Z #14 15.84    Compiling zerovec-derive v0.11.3
Publisher-owned smoke (rust, arm64)	Build local worker without publishing	2026-10-09T12:42:56.4559663Z #14 15.99    Compiling memchr v2.8.3
Publisher-owned smoke (rust, arm64)	Build local worker without publishing	2026-10-09T12:42:57.0337330Z #14 16.54    Compiling futures-core v0.3.33
Publisher-owned smoke (rust, arm64)	Build local worker without publishing	2026-10-09T12:42:57.0338107Z #14 16.61    Compiling displaydoc v0.2.6
Publisher-owned smoke (rust, arm64)	Build local worker without publishing	2026-10-09T12:42:57.1841742Z #14 16.72    Compiling bytes v1.12.1
Publisher-owned smoke (rust, arm64)	Build local worker without publishing	2026-10-09T12:42:57.8492520Z #14 17.31    Compiling equivalent v1.0.2
Publisher-owned smoke (rust, arm64)	Build local worker without publishing	2026-10-09T12:42:57.8493331Z #14 17.36    Compiling allocator-api2 v0.2.21
Publisher-owned smoke (rust, arm64)	Build local worker without publishing	2026-10-09T12:42:57.8494571Z #14 17.41    Compiling zmij v1.0.23
Publisher-owned smoke (rust, arm64)	Build local worker without publishing	2026-10-09T12:42:58.0005083Z #14 17.53    Compiling foldhash v0.2.0
Publisher-owned smoke (rust, arm64)	Build local worker without publishing	2026-10-09T12:42:58.1640177Z #14 17.70    Compiling tracing-attributes v0.1.31
Publisher-owned smoke (rust, arm64)	Build local worker without publishing	2026-10-09T12:42:59.1554921Z #14 18.84    Compiling smallvec v1.15.2
Publisher-owned smoke (rust, arm64)	Build local worker without publishing	2026-10-09T12:42:59.3469082Z #14 19.03    Compiling futures-sink v0.3.33
Publisher-owned smoke (rust, arm64)	Build local worker without publishing	2026-10-09T12:42:59.5387049Z #14 19.07    Compiling hashbrown v0.17.1
Publisher-owned smoke (rust, arm64)	Build local worker without publishing	2026-10-09T12:43:00.0741440Z #14 19.76    Compiling generic-array v0.14.7
Publisher-owned smoke (rust, arm64)	Build local worker without publishing	2026-10-09T12:43:00.2989449Z #14 19.83    Compiling autocfg v1.5.1
Publisher-owned smoke (rust, arm64)	Build local worker without publishing	2026-10-09T12:43:00.4424724Z #14 20.13    Compiling indexmap v2.14.0
Publisher-owned smoke (rust, arm64)	Build local worker without publishing	2026-10-09T12:43:00.5986193Z #14 20.13    Compiling find-msvc-tools v0.1.9
Publisher-owned smoke (rust, arm64)	Build local worker without publishing	2026-10-09T12:43:00.8209336Z #14 20.28    Compiling shlex v2.0.1
Publisher-owned smoke (rust, arm64)	Build local worker without publishing	2026-10-09T12:43:00.8209945Z #14 20.38    Compiling log v0.4.33
Publisher-owned smoke (rust, arm64)	Build local worker without publishing	2026-10-09T12:43:00.9722603Z #14 20.50    Compiling cc v1.3.0
Publisher-owned smoke (rust, arm64)	Build local worker without publishing	2026-10-09T12:43:01.4138312Z #14 20.95    Compiling tracing-core v0.1.36
Publisher-owned smoke (rust, arm64)	Build local worker without publishing	2026-10-09T12:43:01.9230318Z #14 21.61    Compiling errno v0.3.14
Publisher-owned smoke (rust, arm64)	Build local worker without publishing	2026-10-09T12:43:02.0595396Z #14 21.68    Compiling slab v0.4.12
Publisher-owned smoke (rust, arm64)	Build local worker without publishing	2026-10-09T12:43:02.0596152Z #14 21.74    Compiling ring v0.17.14
Publisher-owned smoke (rust, arm64)	Build local worker without publishing	2026-10-09T12:43:02.2659201Z #14 21.80    Compiling signal-hook-registry v1.4.8
Publisher-owned smoke (rust, arm64)	Build local worker without publishing	2026-10-09T12:43:02.3769954Z #14 22.06    Compiling tokio-macros v2.7.1
Publisher-owned smoke (rust, arm64)	Build local worker without publishing	2026-10-09T12:43:02.5407611Z #14 22.07    Compiling mio v1.2.2
Publisher-owned smoke (rust, arm64)	Build local worker without publishing	2026-10-09T12:43:03.0420217Z #14 22.51    Compiling socket2 v0.6.5
Publisher-owned smoke (rust, arm64)	Build local worker without publishing	2026-10-09T12:43:03.0420914Z #14 22.59    Compiling percent-encoding v2.3.2
Publisher-owned smoke (rust, arm64)	Build local worker without publishing	2026-10-09T12:43:03.0421377Z #14 22.73    Compiling typenum v1.20.1
Publisher-owned smoke (rust, arm64)	Build local worker without publishing	2026-10-09T12:43:03.5702186Z #14 23.10    Compiling icu_normalizer_data v2.2.0
Publisher-owned smoke (rust, arm64)	Build local worker without publishing	2026-10-09T12:43:03.5702896Z #14 23.18    Compiling icu_properties_data v2.2.0
Publisher-owned smoke (rust, arm64)	Build local worker without publishing	2026-10-09T12:43:03.5703393Z #14 23.25    Compiling tokio v1.53.0
Publisher-owned smoke (rust, arm64)	Build local worker without publishing	2026-10-09T12:43:04.5828883Z #14 24.27    Compiling tracing v0.1.44
Publisher-owned smoke (rust, arm64)	Build local worker without publishing	2026-10-09T12:43:04.8428490Z #14 24.53    Compiling futures-macro v0.3.33
Publisher-owned smoke (rust, arm64)	Build local worker without publishing	2026-10-09T12:43:05.4062410Z #14 25.09    Compiling futures-io v0.3.33
Publisher-owned smoke (rust, arm64)	Build local worker without publishing	2026-10-09T12:43:05.6540658Z #14 25.19    Compiling thiserror v2.0.19
Publisher-owned smoke (rust, arm64)	Build local worker without publishing	2026-10-09T12:43:05.9132327Z #14 25.36    Compiling futures-task v0.3.33
Publisher-owned smoke (rust, arm64)	Build local worker without publishing	2026-10-09T12:43:05.9132935Z #14 25.45    Compiling futures-util v0.3.33
Publisher-owned smoke (rust, arm64)	Build local worker without publishing	2026-10-09T12:43:08.6111805Z #14 28.14    Compiling http v1.4.2
Publisher-owned smoke (rust, arm64)	Build local worker without publishing	2026-10-09T12:43:10.0861491Z #14 29.55    Compiling zerofrom v0.1.8
Publisher-owned smoke (rust, arm64)	Build local worker without publishing	2026-10-09T12:43:10.0861878Z #14 29.62    Compiling thiserror-impl v2.0.19
Publisher-owned smoke (rust, arm64)	Build local worker without publishing	2026-10-09T12:43:11.4994307Z #14 31.02    Compiling stable_deref_trait v1.2.1
Publisher-owned smoke (rust, arm64)	Build local worker without publishing	2026-10-09T12:43:11.4995082Z #14 31.05    Compiling yoke v0.8.3
Publisher-owned smoke (rust, arm64)	Build local worker without publishing	2026-10-09T12:43:11.6514748Z #14 31.18    Compiling parking_lot_core v0.9.12
Publisher-owned smoke (rust, arm64)	Build local worker without publishing	2026-10-09T12:43:11.9615699Z #14 31.49    Compiling zerocopy v0.8.54
Publisher-owned smoke (rust, arm64)	Build local worker without publishing	2026-10-09T12:43:12.4356380Z #14 31.97    Compiling zerovec v0.11.6
Publisher-owned smoke (rust, arm64)	Build local worker without publishing	2026-10-09T12:43:12.8043531Z #14 32.49    Compiling rustls v0.23.42
Publisher-owned smoke (rust, arm64)	Build local worker without publishing	2026-10-09T12:43:13.0165820Z #14 32.55    Compiling httparse v1.10.1
Publisher-owned smoke (rust, arm64)	Build local worker without publishing	2026-10-09T12:43:13.0638455Z #14 32.75    Compiling num-traits v0.2.19
Publisher-owned smoke (rust, arm64)	Build local worker without publishing	2026-10-09T12:43:13.3115275Z #14 32.84    Compiling base64 v0.22.1
Publisher-owned smoke (rust, arm64)	Build local worker without publishing	2026-10-09T12:43:13.7173404Z #14 33.16    Compiling serde_json v1.0.150
Publisher-owned smoke (rust, arm64)	Build local worker without publishing	2026-10-09T12:43:13.7173961Z #14 33.25    Compiling subtle v2.6.1
Publisher-owned smoke (rust, arm64)	Build local worker without publishing	2026-10-09T12:43:14.9714962Z #14 34.43    Compiling http-body v1.1.0
Publisher-owned smoke (rust, arm64)	Build local worker without publishing	2026-10-09T12:43:14.9715542Z #14 34.50    Compiling tokio-util v0.7.18
Publisher-owned smoke (rust, arm64)	Build local worker without publishing	2026-10-09T12:43:15.5672005Z #14 35.25    Compiling futures-channel v0.3.33
Publisher-owned smoke (rust, arm64)	Build local worker without publishing	2026-10-09T12:43:15.8729548Z #14 35.42    Compiling getrandom v0.2.17
Publisher-owned smoke (rust, arm64)	Build local worker without publishing	2026-10-09T12:43:15.9837421Z #14 35.56    Compiling getrandom v0.4.3
Publisher-owned smoke (rust, arm64)	Build local worker without publishing	2026-10-09T12:43:16.1345500Z #14 35.67    Compiling heck v0.5.0
Publisher-owned smoke (rust, arm64)	Build local worker without publishing	2026-10-09T12:43:17.5937560Z #14 37.15    Compiling tinystr v0.8.3
Publisher-owned smoke (rust, arm64)	Build local worker without publishing	2026-10-09T12:43:17.7356541Z #14 37.28    Compiling tower-service v0.3.3
Publisher-owned smoke (rust, arm64)	Build local worker without publishing	2026-10-09T12:43:17.7357786Z #14 37.31    Compiling zeroize v1.9.0
Publisher-owned smoke (rust, arm64)	Build local worker without publishing	2026-10-09T12:43:17.8829528Z #14 37.42    Compiling writeable v0.6.3
Publisher-owned smoke (rust, arm64)	Build local worker without publishing	2026-10-09T12:43:18.0168796Z #14 37.57    Compiling litemap v0.8.2
Publisher-owned smoke (rust, arm64)	Build local worker without publishing	2026-10-09T12:43:18.1677216Z #14 37.70    Compiling icu_locale_core v2.2.0
Publisher-owned smoke (rust, arm64)	Build local worker without publishing	2026-10-09T12:43:19.6503141Z #14 39.18    Compiling rustls-pki-types v1.15.0
Publisher-owned smoke (rust, arm64)	Build local worker without publishing	2026-10-09T12:43:20.1954946Z #14 39.65    Compiling potential_utf v0.1.5
Publisher-owned smoke (rust, arm64)	Build local worker without publishing	2026-10-09T12:43:20.1955984Z #14 39.73    Compiling zerotrie v0.2.4
Publisher-owned smoke (rust, arm64)	Build local worker without publishing	2026-10-09T12:43:20.5014336Z #14 40.03    Compiling fnv v1.0.7
Publisher-owned smoke (rust, arm64)	Build local worker without publishing	2026-10-09T12:43:20.5015484Z #14 40.06    Compiling atomic-waker v1.1.2
Publisher-owned smoke (rust, arm64)	Build local worker without publishing	2026-10-09T12:43:20.5016171Z #14 40.11    Compiling utf8_iter v1.0.4
Publisher-owned smoke (rust, arm64)	Build local worker without publishing	2026-10-09T12:43:20.6259176Z #14 40.18    Compiling try-lock v0.2.5
Publisher-owned smoke (rust, arm64)	Build local worker without publishing	2026-10-09T12:43:20.6259771Z #14 40.23    Compiling want v0.3.1
Publisher-owned smoke (rust, arm64)	Build local worker without publishing	2026-10-09T12:43:20.7767458Z #14 40.31    Compiling icu_collections v2.2.0
Publisher-owned smoke (rust, arm64)	Build local worker without publishing	2026-10-09T12:43:21.2811398Z #14 40.81    Compiling h2 v0.4.15
Publisher-owned smoke (rust, arm64)	Build local worker without publishing	2026-10-09T12:43:25.5792777Z #14 45.11    Compiling icu_provider v2.2.0
Publisher-owned smoke (rust, arm64)	Build local worker without publishing	2026-10-09T12:43:26.0229620Z #14 45.50    Compiling crypto-common v0.1.7
Publisher-owned smoke (rust, arm64)	Build local worker without publishing	2026-10-09T12:43:26.0230165Z #14 45.56    Compiling block-buffer v0.10.4
Publisher-owned smoke (rust, arm64)	Build local worker without publishing	2026-10-09T12:43:26.2162013Z #14 45.75    Compiling either v1.16.0
Publisher-owned smoke (rust, arm64)	Build local worker without publishing	2026-10-09T12:43:26.5473254Z #14 46.08    Compiling httpdate v1.0.3
Publisher-owned smoke (rust, arm64)	Build local worker without publishing	2026-10-09T12:43:27.2797761Z #14 46.96    Compiling untrusted v0.9.0
Publisher-owned smoke (rust, arm64)	Build local worker without publishing	2026-10-09T12:43:27.4827025Z #14 47.01    Compiling getrandom v0.3.4
Publisher-owned smoke (rust, arm64)	Build local worker without publishing	2026-10-09T12:43:28.7960367Z #14 48.33    Compiling hashbrown v0.16.1
Publisher-owned smoke (rust, arm64)	Build local worker without publishing	2026-10-09T12:43:29.3312925Z #14 48.86    Compiling hyper v1.10.1
Publisher-owned smoke (rust, arm64)	Build local worker without publishing	2026-10-09T12:43:30.7208577Z #14 50.25    Compiling digest v0.10.7
Publisher-owned smoke (rust, arm64)	Build local worker without publishing	2026-10-09T12:43:30.8801087Z #14 50.41    Compiling ppv-lite86 v0.2.21
Publisher-owned smoke (rust, arm64)	Build local worker without publishing	2026-10-09T12:43:31.1432079Z #14 50.68    Compiling hybrid-array v0.4.13
Publisher-owned smoke (rust, arm64)	Build local worker without publishing	2026-10-09T12:43:31.8887871Z #14 51.40    Compiling sync_wrapper v1.0.2
Publisher-owned smoke (rust, arm64)	Build local worker without publishing	2026-10-09T12:43:31.8888267Z #14 51.43    Compiling tower-layer v0.3.3
Publisher-owned smoke (rust, arm64)	Build local worker without publishing	2026-10-09T12:43:32.0402565Z #14 51.57    Compiling ipnet v2.12.0
Publisher-owned smoke (rust, arm64)	Build local worker without publishing	2026-10-09T12:43:33.1123893Z #14 52.64    Compiling hyper-util v0.1.20
Publisher-owned smoke (rust, arm64)	Build local worker without publishing	2026-10-09T12:43:34.1763980Z #14 53.71    Compiling icu_properties v2.2.0
Publisher-owned smoke (rust, arm64)	Build local worker without publishing	2026-10-09T12:43:35.2422740Z #14 54.93    Compiling icu_normalizer v2.2.0
Publisher-owned smoke (rust, arm64)	Build local worker without publishing	2026-10-09T12:43:35.5111708Z #14 55.04    Compiling rustls-webpki v0.103.13
Publisher-owned smoke (rust, arm64)	Build local worker without publishing	2026-10-09T12:43:36.4228720Z #14 55.91    Compiling cpufeatures v0.2.17
Publisher-owned smoke (rust, arm64)	Build local worker without publishing	2026-10-09T12:43:36.4229363Z #14 55.96    Compiling cmov v0.5.4
Publisher-owned smoke (rust, arm64)	Build local worker without publishing	2026-10-09T12:43:36.4229831Z #14 56.11    Compiling ident_case v1.0.1
Publisher-owned smoke (rust, arm64)	Build local worker without publishing	2026-10-09T12:43:36.6504563Z #14 56.15    Compiling scopeguard v1.2.0
Publisher-owned smoke (rust, arm64)	Build local worker without publishing	2026-10-09T12:43:36.6505724Z #14 56.18    Compiling crossbeam-utils v0.8.22
Publisher-owned smoke (rust, arm64)	Build local worker without publishing	2026-10-09T12:43:36.8879205Z #14 56.42    Compiling strsim v0.11.1
Publisher-owned smoke (rust, arm64)	Build local worker without publishing	2026-10-09T12:43:37.1439594Z #14 56.68    Compiling darling_core v0.21.3
Publisher-owned smoke (rust, arm64)	Build local worker without publishing	2026-10-09T12:43:37.4429788Z #14 56.98    Compiling lock_api v0.4.14
Publisher-owned smoke (rust, arm64)	Build local worker without publishing	2026-10-09T12:43:37.6234079Z #14 57.16    Compiling ctutils v0.4.2
Publisher-owned smoke (rust, arm64)	Build local worker without publishing	2026-10-09T12:43:39.5341052Z #14 59.22    Compiling idna_adapter v1.2.2
Publisher-owned smoke (rust, arm64)	Build local worker without publishing	2026-10-09T12:43:39.7426583Z #14 59.27    Compiling tower v0.5.3
Publisher-owned smoke (rust, arm64)	Build local worker without publishing	2026-10-09T12:43:40.6845954Z #14 60.37    Compiling crypto-common v0.2.2
Publisher-owned smoke (rust, arm64)	Build local worker without publishing	2026-10-09T12:43:41.7097087Z #14 61.39    Compiling block-buffer v0.12.1
Publisher-owned smoke (rust, arm64)	Build local worker without publishing	2026-10-09T12:43:41.9447841Z #14 61.48    Compiling http-body-util v0.1.4
Publisher-owned smoke (rust, arm64)	Build local worker without publishing	2026-10-09T12:43:42.5072697Z #14 62.19    Compiling form_urlencoded v1.2.2
Publisher-owned smoke (rust, arm64)	Build local worker without publishing	2026-10-09T12:43:43.8708723Z #14 63.55    Compiling rand_core v0.10.1
Publisher-owned smoke (rust, arm64)	Build local worker without publishing	2026-10-09T12:43:44.6338420Z #14 64.07    Compiling digest v0.11.3
Publisher-owned smoke (rust, arm64)	Build local worker without publishing	2026-10-09T12:43:44.6339021Z #14 64.17    Compiling idna v1.1.0
Publisher-owned smoke (rust, arm64)	Build local worker without publishing	2026-10-09T12:43:45.9624781Z #14 65.49    Compiling darling_macro v0.21.3
Publisher-owned smoke (rust, arm64)	Build local worker without publishing	2026-10-09T12:43:46.1077518Z #14 65.79    Compiling parking_lot v0.12.5
Publisher-owned smoke (rust, arm64)	Build local worker without publishing	2026-10-09T12:43:48.8816182Z #14 68.56    Compiling tokio-stream v0.1.19
Publisher-owned smoke (rust, arm64)	Build local worker without publishing	2026-10-09T12:43:49.2605166Z #14 68.79    Compiling regex-syntax v0.8.11
Publisher-owned smoke (rust, arm64)	Build local worker without publishing	2026-10-09T12:43:49.4656669Z #14 69.15    Compiling parking v2.2.1
Publisher-owned smoke (rust, arm64)	Build local worker without publishing	2026-10-09T12:43:51.8824445Z #14 71.41    Compiling event-listener v5.4.2
Publisher-owned smoke (rust, arm64)	Build local worker without publishing	2026-10-09T12:43:52.4122407Z #14 72.10    Compiling darling v0.21.3
Publisher-owned smoke (rust, arm64)	Build local worker without publishing	2026-10-09T12:43:52.5913516Z #14 72.12    Compiling url v2.5.8
Publisher-owned smoke (rust, arm64)	Build local worker without publishing	2026-10-09T12:43:54.7208808Z #14 74.25    Compiling strum_macros v0.28.0
Publisher-owned smoke (rust, arm64)	Build local worker without publishing	2026-10-09T12:43:55.8843932Z #14 75.57    Compiling aho-corasick v1.1.5
Publisher-owned smoke (rust, arm64)	Build local worker without publishing	2026-10-09T12:43:56.9019424Z #14 76.59    Compiling anyhow v1.0.104
Publisher-owned smoke (rust, arm64)	Build local worker without publishing	2026-10-09T12:43:57.0557825Z #14 76.74    Compiling bitflags v2.13.1
Publisher-owned smoke (rust, arm64)	Build local worker without publishing	2026-10-09T12:43:57.4045110Z #14 77.09    Compiling tinyvec_macros v0.1.1
Publisher-owned smoke (rust, arm64)	Build local worker without publishing	2026-10-09T12:43:57.7576371Z #14 77.29    Compiling tinyvec v1.12.0
Publisher-owned smoke (rust, arm64)	Build local worker without publishing	2026-10-09T12:43:58.1038829Z #14 77.64    Compiling regex-automata v0.4.18
Publisher-owned smoke (rust, arm64)	Build local worker without publishing	2026-10-09T12:44:03.2908298Z #14 82.82    Compiling strum v0.28.0
Publisher-owned smoke (rust, arm64)	Build local worker without publishing	2026-10-09T12:44:03.5567013Z #14 83.09    Compiling serde_with_macros v3.16.1
Publisher-owned smoke (rust, arm64)	Build local worker without publishing	2026-10-09T12:44:06.3994677Z #14 85.93    Compiling mime v0.3.17
Publisher-owned smoke (rust, arm64)	Build local worker without publishing	2026-10-09T12:44:06.5798186Z #14 86.11    Compiling openssl-probe v0.2.1
Publisher-owned smoke (rust, arm64)	Build local worker without publishing	2026-10-09T12:44:06.8632483Z #14 86.40    Compiling bit-vec v0.8.0
Publisher-owned smoke (rust, arm64)	Build local worker without publishing	2026-10-09T12:44:07.0404987Z #14 86.59    Compiling iana-time-zone v0.1.65
Publisher-owned smoke (rust, arm64)	Build local worker without publishing	2026-10-09T12:44:07.2125310Z #14 86.72    Compiling crc-catalog v2.5.0
Publisher-owned smoke (rust, arm64)	Build local worker without publishing	2026-10-09T12:44:07.2126563Z #14 86.79    Compiling macro_rules_attribute-proc_macro v0.2.3
Publisher-owned smoke (rust, arm64)	Build local worker without publishing	2026-10-09T12:44:07.3640408Z #14 86.90    Compiling pastey v0.2.3
Publisher-owned smoke (rust, arm64)	Build local worker without publishing	2026-10-09T12:44:07.5385650Z #14 87.22    Compiling macro_rules_attribute v0.2.3
Publisher-owned smoke (rust, arm64)	Build local worker without publishing	2026-10-09T12:44:07.8812935Z #14 87.41    Compiling crc v3.4.0
Publisher-owned smoke (rust, arm64)	Build local worker without publishing	2026-10-09T12:44:08.5967375Z #14 88.13    Compiling chrono v0.4.45
Publisher-owned smoke (rust, arm64)	Build local worker without publishing	2026-10-09T12:44:09.6742353Z #14 89.36    Compiling bit-set v0.8.0
Publisher-owned smoke (rust, arm64)	Build local worker without publishing	2026-10-09T12:44:09.9225411Z #14 89.45    Compiling rustls-native-certs v0.8.4
Publisher-owned smoke (rust, arm64)	Build local worker without publishing	2026-10-09T12:44:10.3426690Z #14 89.88    Compiling sha2 v0.10.9
Publisher-owned smoke (rust, arm64)	Build local worker without publishing	2026-10-09T12:44:10.8684510Z #14 90.31    Compiling crossbeam-queue v0.3.14
Publisher-owned smoke (rust, arm64)	Build local worker without publishing	2026-10-09T12:44:10.8685652Z #14 90.40    Compiling futures-intrusive v0.5.0
Publisher-owned smoke (rust, arm64)	Build local worker without publishing	2026-10-09T12:44:11.8587240Z #14 91.39    Compiling serde_with v3.16.1
Publisher-owned smoke (rust, arm64)	Build local worker without publishing	2026-10-09T12:44:14.2047400Z #14 93.89    Compiling unicode-normalization v0.1.25
Publisher-owned smoke (rust, arm64)	Build local worker without publishing	2026-10-09T12:44:14.6997827Z #14 94.25    Compiling chacha20 v0.10.1
Publisher-owned smoke (rust, arm64)	Build local worker without publishing	2026-10-09T12:44:14.8014041Z #14 94.38    Compiling hmac v0.13.0
Publisher-owned smoke (rust, arm64)	Build local worker without publishing	2026-10-09T12:44:14.8015144Z #14 94.48    Compiling rand_core v0.9.5
Publisher-owned smoke (rust, arm64)	Build local worker without publishing	2026-10-09T12:44:15.1045540Z #14 94.64    Compiling hashlink v0.11.1
Publisher-owned smoke (rust, arm64)	Build local worker without publishing	2026-10-09T12:44:15.4146997Z #14 94.92    Compiling itertools v0.14.0
Publisher-owned smoke (rust, arm64)	Build local worker without publishing	2026-10-09T12:44:15.4147411Z #14 94.95    Compiling num-integer v0.1.46
Publisher-owned smoke (rust, arm64)	Build local worker without publishing	2026-10-09T12:44:15.7508449Z #14 95.28    Compiling rand_core v0.6.4
Publisher-owned smoke (rust, arm64)	Build local worker without publishing	2026-10-09T12:44:15.9019414Z #14 95.43    Compiling winnow v1.0.4
Publisher-owned smoke (rust, arm64)	Build local worker without publishing	2026-10-09T12:44:16.7300417Z #14 96.23    Compiling cpufeatures v0.3.0
Publisher-owned smoke (rust, arm64)	Build local worker without publishing	2026-10-09T12:44:16.7300906Z #14 96.26    Compiling pin-project-internal v1.1.13
Publisher-owned smoke (rust, arm64)	Build local worker without publishing	2026-10-09T12:44:16.9661801Z #14 96.50    Compiling byteorder v1.5.0
Publisher-owned smoke (rust, arm64)	Build local worker without publishing	2026-10-09T12:44:17.1569593Z #14 96.69    Compiling unicode-properties v0.1.4
Publisher-owned smoke (rust, arm64)	Build local worker without publishing	2026-10-09T12:44:17.4774688Z #14 97.00    Compiling rustc-hash v2.1.3
Publisher-owned smoke (rust, arm64)	Build local worker without publishing	2026-10-09T12:44:17.4775128Z #14 97.05    Compiling unicase v2.9.0
Publisher-owned smoke (rust, arm64)	Build local worker without publishing	2026-10-09T12:44:17.7141184Z #14 97.16    Compiling unicode-bidi v0.3.18
Publisher-owned smoke (rust, arm64)	Build local worker without publishing	2026-10-09T12:44:17.7141812Z #14 97.19    Compiling lazy_static v1.5.0
Publisher-owned smoke (rust, arm64)	Build local worker without publishing	2026-10-09T12:44:17.7142166Z #14 97.25    Compiling thiserror v1.0.69
Publisher-owned smoke (rust, arm64)	Build local worker without publishing	2026-10-09T12:44:17.9205732Z #14 97.60    Compiling stringprep v0.1.5
Publisher-owned smoke (rust, arm64)	Build local worker without publishing	2026-10-09T12:44:18.2552647Z #14 97.82    Compiling sharded-slab v0.1.7
Publisher-owned smoke (rust, arm64)	Build local worker without publishing	2026-10-09T12:44:18.4419362Z #14 97.94    Compiling pin-project v1.1.13
Publisher-owned smoke (rust, arm64)	Build local worker without publishing	2026-10-09T12:44:18.4420574Z #14 97.97    Compiling mime_guess v2.0.5
Publisher-owned smoke (rust, arm64)	Build local worker without publishing	2026-10-09T12:44:18.6283318Z #14 98.16    Compiling askama_parser v0.16.1
Publisher-owned smoke (rust, arm64)	Build local worker without publishing	2026-10-09T12:44:18.7936423Z #14 98.33    Compiling sqlx-core v0.9.0
Publisher-owned smoke (rust, arm64)	Build local worker without publishing	2026-10-09T12:44:21.8866710Z #14 101.4    Compiling sha2 v0.11.0
Publisher-owned smoke (rust, arm64)	Build local worker without publishing	2026-10-09T12:44:22.4874247Z #14 102.0    Compiling prost-derive v0.14.4
Publisher-owned smoke (rust, arm64)	Build local worker without publishing	2026-10-09T12:44:22.4874648Z #14 102.0    Compiling rand_chacha v0.3.1
Publisher-owned smoke (rust, arm64)	Build local worker without publishing	2026-10-09T12:44:23.0887505Z #14 102.8    Compiling rand_chacha v0.9.0
Publisher-owned smoke (rust, arm64)	Build local worker without publishing	2026-10-09T12:44:23.7754809Z #14 103.3    Compiling hkdf v0.13.0
Publisher-owned smoke (rust, arm64)	Build local worker without publishing	2026-10-09T12:44:23.7755587Z #14 103.3    Compiling rand v0.10.2
Publisher-owned smoke (rust, arm64)	Build local worker without publishing	2026-10-09T12:44:24.0252937Z #14 103.6    Compiling litellm-llms-types v0.1.0 (/src/litellm-rust/crates/llms-types)
Publisher-owned smoke (rust, arm64)	Build local worker without publishing	2026-10-09T12:44:24.3091495Z #14 103.8    Compiling fancy-regex v0.19.2
Publisher-owned smoke (rust, arm64)	Build local worker without publishing	2026-10-09T12:44:27.2099756Z #14 106.7    Compiling atoi v2.0.0
Publisher-owned smoke (rust, arm64)	Build local worker without publishing	2026-10-09T12:44:27.2100379Z #14 106.8    Compiling md-5 v0.11.0
Publisher-owned smoke (rust, arm64)	Build local worker without publishing	2026-10-09T12:44:27.3615536Z #14 106.9    Compiling tokio-rustls v0.26.4
Publisher-owned smoke (rust, arm64)	Build local worker without publishing	2026-10-09T12:44:27.5627676Z #14 107.1    Compiling hyper-timeout v0.5.2
Publisher-owned smoke (rust, arm64)	Build local worker without publishing	2026-10-09T12:44:28.2131417Z #14 107.9    Compiling thread_local v1.1.10
Publisher-owned smoke (rust, arm64)	Build local worker without publishing	2026-10-09T12:44:28.3947606Z #14 107.9    Compiling thiserror-impl v1.0.69
Publisher-owned smoke (rust, arm64)	Build local worker without publishing	2026-10-09T12:44:28.5452638Z #14 108.1    Compiling async-trait v0.1.91
Publisher-owned smoke (rust, arm64)	Build local worker without publishing	2026-10-09T12:44:29.4503902Z #14 109.0    Compiling serde_derive_internals v0.29.1
Publisher-owned smoke (rust, arm64)	Build local worker without publishing	2026-10-09T12:44:29.4504464Z #14 109.0    Compiling whoami v2.1.3
Publisher-owned smoke (rust, arm64)	Build local worker without publishing	2026-10-09T12:44:29.6273967Z #14 109.2    Compiling data-encoding v2.11.0
Publisher-owned smoke (rust, arm64)	Build local worker without publishing	2026-10-09T12:44:30.2297246Z #14 109.8    Compiling hex v0.4.3
Publisher-owned smoke (rust, arm64)	Build local worker without publishing	2026-10-09T12:44:30.7764365Z #14 110.3    Compiling schemars v0.8.22
Publisher-owned smoke (rust, arm64)	Build local worker without publishing	2026-10-09T12:44:30.9939591Z #14 110.5    Compiling dotenvy v0.15.7
Publisher-owned smoke (rust, arm64)	Build local worker without publishing	2026-10-09T12:44:31.3859749Z #14 110.9    Compiling sqlx-postgres v0.9.0
Publisher-owned smoke (rust, arm64)	Build local worker without publishing	2026-10-09T12:44:34.1245676Z #14 113.7    Compiling schemars_derive v0.8.22
Publisher-owned smoke (rust, arm64)	Build local worker without publishing	2026-10-09T12:44:35.1364996Z #14 114.7    Compiling tonic v0.14.6
Publisher-owned smoke (rust, arm64)	Build local worker without publishing	2026-10-09T12:44:36.9438855Z #14 116.6    Compiling tracing-subscriber v0.3.23
Publisher-owned smoke (rust, arm64)	Build local worker without publishing	2026-10-09T12:44:38.5406264Z #14 118.1    Compiling prost v0.14.4
Publisher-owned smoke (rust, arm64)	Build local worker without publishing	2026-10-09T12:44:38.9573038Z #14 118.5    Compiling rand v0.9.5
Publisher-owned smoke (rust, arm64)	Build local worker without publishing	2026-10-09T12:44:39.4047985Z #14 119.1    Compiling rand v0.8.7
Publisher-owned smoke (rust, arm64)	Build local worker without publishing	2026-10-09T12:44:40.2810674Z #14 120.0    Compiling askama_derive v0.16.1
Publisher-owned smoke (rust, arm64)	Build local worker without publishing	2026-10-09T12:44:41.6807185Z #14 121.2    Compiling num-bigint v0.4.8
Publisher-owned smoke (rust, arm64)	Build local worker without publishing	2026-10-09T12:44:43.9271145Z #14 123.6    Compiling sha1 v0.10.7
Publisher-owned smoke (rust, arm64)	Build local worker without publishing	2026-10-09T12:44:44.0631342Z #14 123.7    Compiling opentelemetry v0.33.0
Publisher-owned smoke (rust, arm64)	Build local worker without publishing	2026-10-09T12:44:44.1660576Z #14 123.8    Compiling webpki-roots v1.0.9
Publisher-owned smoke (rust, arm64)	Build local worker without publishing	2026-10-09T12:44:44.3176667Z #14 123.8    Compiling futures-executor v0.3.33
Publisher-owned smoke (rust, arm64)	Build local worker without publishing	2026-10-09T12:44:44.7761555Z #14 124.3    Compiling serde_path_to_error v0.1.20
Publisher-owned smoke (rust, arm64)	Build local worker without publishing	2026-10-09T12:44:45.0145110Z #14 124.7    Compiling ahash v0.8.12
Publisher-owned smoke (rust, arm64)	Build local worker without publishing	2026-10-09T12:44:45.1378862Z #14 124.8    Compiling crossbeam-epoch v0.9.20
Publisher-owned smoke (rust, arm64)	Build local worker without publishing	2026-10-09T12:44:45.5362121Z #14 125.2    Compiling crc32fast v1.5.1
Publisher-owned smoke (rust, arm64)	Build local worker without publishing	2026-10-09T12:44:45.7980134Z #14 125.3    Compiling dyn-clone v1.0.20
Publisher-owned smoke (rust, arm64)	Build local worker without publishing	2026-10-09T12:44:45.7980796Z #14 125.4    Compiling utf-8 v0.7.6
Publisher-owned smoke (rust, arm64)	Build local worker without publishing	2026-10-09T12:44:45.9487662Z #14 125.5    Compiling portable-atomic v1.14.0
Publisher-owned smoke (rust, arm64)	Build local worker without publishing	2026-10-09T12:44:46.0806140Z #14 125.8    Compiling ref-cast v1.0.27
Publisher-owned smoke (rust, arm64)	Build local worker without publishing	2026-10-09T12:44:46.3703634Z #14 125.9    Compiling ryu v1.0.23
Publisher-owned smoke (rust, arm64)	Build local worker without publishing	2026-10-09T12:44:46.5218582Z #14 126.1    Compiling serde_urlencoded v0.7.1
Publisher-owned smoke (rust, arm64)	Build local worker without publishing	2026-10-09T12:44:46.7418078Z #14 126.3    Compiling tungstenite v0.24.0
Publisher-owned smoke (rust, arm64)	Build local worker without publishing	2026-10-09T12:44:50.1180381Z #14 129.8    Compiling opentelemetry_sdk v0.33.0
Publisher-owned smoke (rust, arm64)	Build local worker without publishing	2026-10-09T12:44:55.3030236Z #14 135.0    Compiling hyper-rustls v0.27.9
Publisher-owned smoke (rust, arm64)	Build local worker without publishing	2026-10-09T12:44:56.5040079Z #14 136.0    Compiling askama_macros v0.16.1
Publisher-owned smoke (rust, arm64)	Build local worker without publishing	2026-10-09T12:44:56.8310228Z #14 136.4    Compiling num-rational v0.4.2
Publisher-owned smoke (rust, arm64)	Build local worker without publishing	2026-10-09T12:44:57.6845738Z #14 137.4    Compiling tonic-prost v0.14.6
Publisher-owned smoke (rust, arm64)	Build local worker without publishing	2026-10-09T12:44:57.9234075Z #14 137.5    Compiling litellm-tracing v0.1.0 (/src/litellm-rust/crates/tracing)
Publisher-owned smoke (rust, arm64)	Build local worker without publishing	2026-10-09T12:44:59.2162075Z #14 138.9    Compiling sqlx-macros-core v0.9.0
Publisher-owned smoke (rust, arm64)	Build local worker without publishing	2026-10-09T12:44:59.9331346Z #14 139.6    Compiling num-iter v0.1.46
Publisher-owned smoke (rust, arm64)	Build local worker without publishing	2026-10-09T12:45:00.2901808Z #14 139.8    Compiling tower-http v0.6.11
Publisher-owned smoke (rust, arm64)	Build local worker without publishing	2026-10-09T12:45:00.9693887Z #14 140.4    Compiling event-listener-strategy v0.5.4
Publisher-owned smoke (rust, arm64)	Build local worker without publishing	2026-10-09T12:45:00.9694295Z #14 140.5    Compiling regress v0.11.1
Publisher-owned smoke (rust, arm64)	Build local worker without publishing	2026-10-09T12:45:01.1927892Z #14 140.7    Compiling num-complex v0.4.6
Publisher-owned smoke (rust, arm64)	Build local worker without publishing	2026-10-09T12:45:01.6928696Z #14 141.2    Compiling const-hex v1.19.3
Publisher-owned smoke (rust, arm64)	Build local worker without publishing	2026-10-09T12:45:01.9348012Z #14 141.5    Compiling veil-macros v0.3.0
Publisher-owned smoke (rust, arm64)	Build local worker without publishing	2026-10-09T12:45:02.4033123Z #14 141.9    Compiling ref-cast-impl v1.0.27
Publisher-owned smoke (rust, arm64)	Build local worker without publishing	2026-10-09T12:45:02.9652805Z #14 142.6    Compiling time-core v0.1.9
Publisher-owned smoke (rust, arm64)	Build local worker without publishing	2026-10-09T12:45:03.2777381Z #14 142.8    Compiling simd-adler32 v0.3.10
Publisher-owned smoke (rust, arm64)	Build local worker without publishing	2026-10-09T12:45:03.2777943Z #14 142.8    Compiling semver v1.0.28
Publisher-owned smoke (rust, arm64)	Build local worker without publishing	2026-10-09T12:45:03.4947839Z #14 143.0    Compiling deranged v0.5.8
Publisher-owned smoke (rust, arm64)	Build local worker without publishing	2026-10-09T12:45:04.0254920Z #14 143.7    Compiling powerfmt v0.2.0
Publisher-owned smoke (rust, arm64)	Build local worker without publishing	2026-10-09T12:45:04.1700612Z #14 143.9    Compiling adler2 v2.0.1
Publisher-owned smoke (rust, arm64)	Build local worker without publishing	2026-10-09T12:45:04.3167679Z #14 143.9    Compiling prettyplease v0.2.37
Publisher-owned smoke (rust, arm64)	Build local worker without publishing	2026-10-09T12:45:04.3168097Z #14 144.0    Compiling num-conv v0.2.2
Publisher-owned smoke (rust, arm64)	Build local worker without publishing	2026-10-09T12:45:04.4289471Z #14 144.1    Compiling miniz_oxide v0.9.1
Publisher-owned smoke (rust, arm64)	Build local worker without publishing	2026-10-09T12:45:04.6137709Z #14 144.1    Compiling time v0.3.53
Publisher-owned smoke (rust, arm64)	Build local worker without publishing	2026-10-09T12:45:07.1119615Z #14 146.6    Compiling typify-impl v0.6.2
Publisher-owned smoke (rust, arm64)	Build local worker without publishing	2026-10-09T12:45:11.3861172Z #14 150.9    Compiling veil v0.3.0
Publisher-owned smoke (rust, arm64)	Build local worker without publishing	2026-10-09T12:45:11.5368175Z #14 151.1    Compiling opentelemetry-proto v0.33.0
Publisher-owned smoke (rust, arm64)	Build local worker without publishing	2026-10-09T12:45:16.5255532Z #14 156.0    Compiling num v0.4.3
Publisher-owned smoke (rust, arm64)	Build local worker without publishing	2026-10-09T12:45:16.5256622Z #14 156.1    Compiling async-lock v3.4.2
Publisher-owned smoke (rust, arm64)	Build local worker without publishing	2026-10-09T12:45:17.0891850Z #14 156.6    Compiling sqlx-macros v0.9.0
Publisher-owned smoke (rust, arm64)	Build local worker without publishing	2026-10-09T12:45:18.3569678Z #14 157.9    Compiling reqwest v0.12.28
Publisher-owned smoke (rust, arm64)	Build local worker without publishing	2026-10-09T12:45:22.4334289Z #14 162.0    Compiling litellm-core-utils v0.1.0 (/src/litellm-rust/crates/core-utils)
Publisher-owned smoke (rust, arm64)	Build local worker without publishing	2026-10-09T12:45:25.2053646Z #14 164.7    Compiling askama v0.16.1
Publisher-owned smoke (rust, arm64)	Build local worker without publishing	2026-10-09T12:45:26.3924420Z #14 165.9    Compiling tokio-tungstenite v0.24.0
Publisher-owned smoke (rust, arm64)	Build local worker without publishing	2026-10-09T12:45:27.0855575Z #14 166.6    Compiling uuid v1.24.0
Publisher-owned smoke (rust, arm64)	Build local worker without publishing	2026-10-09T12:45:27.2993424Z #14 167.0    Compiling crossbeam-channel v0.5.17
Publisher-owned smoke (rust, arm64)	Build local worker without publishing	2026-10-09T12:45:28.0373881Z #14 167.5    Compiling multer v3.1.0
Publisher-owned smoke (rust, arm64)	Build local worker without publishing	2026-10-09T12:45:28.0374670Z #14 167.6    Compiling rustix v1.1.5
Publisher-owned smoke (rust, arm64)	Build local worker without publishing	2026-10-09T12:45:28.2624041Z #14 167.8    Compiling borrow-or-share v0.2.4
Publisher-owned smoke (rust, arm64)	Build local worker without publishing	2026-10-09T12:45:28.2624701Z #14 167.8    Compiling unicode-general-category v1.1.0
Publisher-owned smoke (rust, arm64)	Build local worker without publishing	2026-10-09T12:45:28.5978936Z #14 168.0    Compiling tagptr v0.2.0
Publisher-owned smoke (rust, arm64)	Build local worker without publishing	2026-10-09T12:45:28.5979503Z #14 168.1    Compiling moka v0.12.16
Publisher-owned smoke (rust, arm64)	Build local worker without publishing	2026-10-09T12:45:29.7788117Z #14 169.3    Compiling fluent-uri v0.4.1
Publisher-owned smoke (rust, arm64)	Build local worker without publishing	2026-10-09T12:45:29.9378955Z #14 169.5    Compiling litellm-http v0.1.0 (/src/litellm-rust/crates/http)
Publisher-owned smoke (rust, arm64)	Build local worker without publishing	2026-10-09T12:45:30.7849733Z #14 170.3    Compiling flate2 v1.1.10
Publisher-owned smoke (rust, arm64)	Build local worker without publishing	2026-10-09T12:45:31.2038858Z #14 170.7    Compiling litellm-traces v0.1.0 (/src/litellm-rust/crates/traces)
Publisher-owned smoke (rust, arm64)	Build local worker without publishing	2026-10-09T12:45:32.3987842Z #14 172.1    Compiling sqlx v0.9.0
Publisher-owned smoke (rust, arm64)	Build local worker without publishing	2026-10-09T12:45:32.6104283Z #14 172.1    Compiling fraction v0.17.0
Publisher-owned smoke (rust, arm64)	Build local worker without publishing	2026-10-09T12:45:32.9642645Z #14 172.6    Compiling typify v0.6.1
Publisher-owned smoke (rust, arm64)	Build local worker without publishing	2026-10-09T12:45:33.7298721Z #14 173.4    Compiling encoding_rs v0.8.35
Publisher-owned smoke (rust, arm64)	Build local worker without publishing	2026-10-09T12:45:36.6788572Z #14 176.4    Compiling spin v0.9.9
Publisher-owned smoke (rust, arm64)	Build local worker without publishing	2026-10-09T12:45:36.8102467Z #14 176.4    Compiling litellm-traces-clickhouse v0.1.0 (/src/litellm-rust/crates/traces-clickhouse)
Publisher-owned smoke (rust, arm64)	Build local worker without publishing	2026-10-09T12:45:36.9611365Z #14 176.5    Compiling micromap v0.3.0
Publisher-owned smoke (rust, arm64)	Build local worker without publishing	2026-10-09T12:45:37.2696218Z #14 176.8    Compiling outref v0.5.2
Publisher-owned smoke (rust, arm64)	Build local worker without publishing	2026-10-09T12:45:37.2696942Z #14 176.8    Compiling num-cmp v0.1.0
Publisher-owned smoke (rust, arm64)	Build local worker without publishing	2026-10-09T12:45:37.4747611Z #14 177.0    Compiling bytecount v0.6.9
Publisher-owned smoke (rust, arm64)	Build local worker without publishing	2026-10-09T12:45:37.6263200Z #14 177.2    Compiling vsimd v0.8.0
Publisher-owned smoke (rust, arm64)	Build local worker without publishing	2026-10-09T12:45:37.8048349Z #14 177.5    Compiling linux-raw-sys v0.12.1
Publisher-owned smoke (rust, arm64)	Build local worker without publishing	2026-10-09T12:45:40.4478663Z #14 180.0    Compiling uuid-simd v0.8.0
Publisher-owned smoke (rust, arm64)	Build local worker without publishing	2026-10-09T12:45:40.5985890Z #14 180.1    Compiling jsonschema-value v0.55.1
Publisher-owned smoke (rust, arm64)	Build local worker without publishing	2026-10-09T12:45:41.1768757Z #14 180.9    Compiling referencing v0.55.1
Publisher-owned smoke (rust, arm64)	Build local worker without publishing	2026-10-09T12:45:45.7081649Z #14 185.4    Compiling litellm-traces-cache v0.1.0 (/src/litellm-rust/crates/traces-cache)
Publisher-owned smoke (rust, arm64)	Build local worker without publishing	2026-10-09T12:45:49.1884244Z #14 188.9    Compiling litellm-lens v0.1.0 (/src/litellm-rust/crates/lens)
Publisher-owned smoke (rust, arm64)	Build local worker without publishing	2026-10-09T12:45:49.6060181Z #14 189.3    Compiling litellm-storage-clickhouse v0.1.0 (/src/litellm-rust/crates/storage-clickhouse)
Publisher-owned smoke (rust, arm64)	Build local worker without publishing	2026-10-09T12:45:50.7468918Z #14 190.4    Compiling axum-core v0.5.6
Publisher-owned smoke (rust, arm64)	Build local worker without publishing	2026-10-09T12:45:52.2792496Z #14 192.0    Compiling regex v1.13.1
Publisher-owned smoke (rust, arm64)	Build local worker without publishing	2026-10-09T12:45:53.2172706Z #14 192.7    Compiling jsonschema-regex v0.55.1
Publisher-owned smoke (rust, arm64)	Build local worker without publishing	2026-10-09T12:45:54.0747944Z #14 193.5    Compiling hmac v0.12.1
Publisher-owned smoke (rust, arm64)	Build local worker without publishing	2026-10-09T12:45:54.0749076Z #14 193.6    Compiling email_address v0.2.9
Publisher-owned smoke (rust, arm64)	Build local worker without publishing	2026-10-09T12:45:54.2677394Z #14 194.0    Compiling fastrand v2.5.0
Publisher-owned smoke (rust, arm64)	Build local worker without publishing	2026-10-09T12:45:54.6214521Z #14 194.2    Compiling matchit v0.8.4
Publisher-owned smoke (rust, arm64)	Build local worker without publishing	2026-10-09T12:45:55.0073243Z #14 194.5    Compiling axum v0.8.9
Publisher-owned smoke (rust, arm64)	Build local worker without publishing	2026-10-09T12:45:59.1706141Z #14 198.7    Compiling tempfile v3.27.0
Publisher-owned smoke (rust, arm64)	Build local worker without publishing	2026-10-09T12:45:59.3684153Z #14 198.9    Compiling jsonschema v0.55.1
Publisher-owned smoke (rust, arm64)	Build local worker without publishing	2026-10-09T12:46:07.0843781Z #14 206.8    Compiling unicode-casefold v0.2.0
Publisher-owned smoke (rust, arm64)	Build local worker without publishing	2026-10-09T12:49:24.8482037Z #14 404.5     Finished `release` profile [optimized] target(s) in 6m 44s
Publisher-owned smoke (rust, arm64)	Build local worker without publishing	2026-10-09T12:49:25.2718076Z #14 DONE 405.0s
Publisher-owned smoke (rust, arm64)	Build local worker without publishing	2026-10-09T12:49:25.4420603Z 
Publisher-owned smoke (rust, arm64)	Build local worker without publishing	2026-10-09T12:49:25.4421617Z #15 [builder  9/10] COPY deploy/lens/python_policy.c /tmp/python_policy.c
Publisher-owned smoke (rust, arm64)	Build local worker without publishing	2026-10-09T12:49:25.4422872Z #15 DONE 0.0s
Publisher-owned smoke (rust, arm64)	Build local worker without publishing	2026-10-09T12:49:25.4423118Z 
Publisher-owned smoke (rust, arm64)	Build local worker without publishing	2026-10-09T12:49:25.4423765Z #16 [builder 10/10] RUN cc -std=c11 -D_GNU_SOURCE -O2 -Wall -Wextra -Werror /tmp/python_policy.c -lseccomp -o /tmp/python-policy &&     /tmp/python-policy /tmp/python.seccomp
Publisher-owned smoke (rust, arm64)	Build local worker without publishing	2026-10-09T12:49:25.5270651Z #16 DONE 0.2s
Publisher-owned smoke (rust, arm64)	Build local worker without publishing	2026-10-09T12:49:25.7247173Z 
Publisher-owned smoke (rust, arm64)	Build local worker without publishing	2026-10-09T12:49:25.7248689Z #17 [service 5/8] COPY --from=builder /src/litellm-rust/target/release/litellm-lens /usr/local/bin/litellm-lens
Publisher-owned smoke (rust, arm64)	Build local worker without publishing	2026-10-09T12:49:25.7249228Z #17 DONE 0.1s
Publisher-owned smoke (rust, arm64)	Build local worker without publishing	2026-10-09T12:49:25.8955066Z 
Publisher-owned smoke (rust, arm64)	Build local worker without publishing	2026-10-09T12:49:25.8955698Z #18 [service 6/8] COPY --from=builder /tmp/python.seccomp /app/lens/python.seccomp
Publisher-owned smoke (rust, arm64)	Build local worker without publishing	2026-10-09T12:49:25.8956105Z #18 DONE 0.0s
Publisher-owned smoke (rust, arm64)	Build local worker without publishing	2026-10-09T12:49:25.8956213Z 
Publisher-owned smoke (rust, arm64)	Build local worker without publishing	2026-10-09T12:49:25.8956390Z #19 [service 7/8] COPY deploy/lens/python_runtime.py /tmp/python_runtime.py
Publisher-owned smoke (rust, arm64)	Build local worker without publishing	2026-10-09T12:49:25.8956724Z #19 DONE 0.0s
Publisher-owned smoke (rust, arm64)	Build local worker without publishing	2026-10-09T12:49:25.8956975Z 
Publisher-owned smoke (rust, arm64)	Build local worker without publishing	2026-10-09T12:49:25.8957303Z #20 [service 8/8] RUN python3.13 -S /tmp/python_runtime.py /app/lens/python-runtime.json && rm /tmp/python_runtime.py
Publisher-owned smoke (rust, arm64)	Build local worker without publishing	2026-10-09T12:49:26.0008054Z #20 DONE 0.3s
Publisher-owned smoke (rust, arm64)	Build local worker without publishing	2026-10-09T12:49:26.1541917Z 
Publisher-owned smoke (rust, arm64)	Build local worker without publishing	2026-10-09T12:49:26.1542385Z #21 exporting to image
Publisher-owned smoke (rust, arm64)	Build local worker without publishing	2026-10-09T12:49:26.1542654Z #21 exporting layers
Publisher-owned smoke (rust, arm64)	Build local worker without publishing	2026-10-09T12:49:27.0271238Z #21 exporting layers 1.0s done
Publisher-owned smoke (rust, arm64)	Build local worker without publishing	2026-10-09T12:49:27.0523531Z #21 writing image sha256:5759355df9ef772994fa4ebffe15ae64097c7aa416fec2008db4c5f66d5dadc3 done
Publisher-owned smoke (rust, arm64)	Build local worker without publishing	2026-10-09T12:49:27.0524427Z #21 naming to docker.io/library/lens-runtime-fixture done
Publisher-owned smoke (rust, arm64)	Build local worker without publishing	2026-10-09T12:49:27.0524898Z #21 DONE 1.0s
Publisher-owned smoke (rust, arm64)	Run the exact publisher smoke with hostile source script	﻿2026-10-09T12:49:27.0619230Z ##[group]Run set -euo pipefail
Publisher-owned smoke (rust, arm64)	Run the exact publisher smoke with hostile source script	2026-10-09T12:49:27.0619591Z ^[[36;1mset -euo pipefail^[[0m
Publisher-owned smoke (rust, arm64)	Run the exact publisher smoke with hostile source script	2026-10-09T12:49:27.0619811Z ^[[36;1mpython3 - <<'PY'^[[0m
Publisher-owned smoke (rust, arm64)	Run the exact publisher smoke with hostile source script	2026-10-09T12:49:27.0620031Z ^[[36;1mfrom pathlib import Path^[[0m
Publisher-owned smoke (rust, arm64)	Run the exact publisher smoke with hostile source script	2026-10-09T12:49:27.0620259Z ^[[36;1mimport textwrap^[[0m
Publisher-owned smoke (rust, arm64)	Run the exact publisher smoke with hostile source script	2026-10-09T12:49:27.0620645Z ^[[36;1mtext = Path('publisher/.github/workflows/release-componentized-impl.yml').read_text()^[[0m
Publisher-owned smoke (rust, arm64)	Run the exact publisher smoke with hostile source script	2026-10-09T12:49:27.0621067Z ^[[36;1mscripts = []^[[0m
Publisher-owned smoke (rust, arm64)	Run the exact publisher smoke with hostile source script	2026-10-09T12:49:27.0621295Z ^[[36;1mfor job in ('build-amd64', 'build-arm64'):^[[0m
Publisher-owned smoke (rust, arm64)	Run the exact publisher smoke with hostile source script	2026-10-09T12:49:27.0621599Z ^[[36;1m    block = text.split(f'\n  {job}:\n', 1)[1]^[[0m
Publisher-owned smoke (rust, arm64)	Run the exact publisher smoke with hostile source script	2026-10-09T12:49:27.0622003Z ^[[36;1m    block = block.split('      - name: Smoke test the standalone Lens worker\n', 1)[1]^[[0m
Publisher-owned smoke (rust, arm64)	Run the exact publisher smoke with hostile source script	2026-10-09T12:49:27.0622706Z ^[[36;1m    block = block.split('\n      - name:', 1)[0]^[[0m
Publisher-owned smoke (rust, arm64)	Run the exact publisher smoke with hostile source script	2026-10-09T12:49:27.0623106Z ^[[36;1m    scripts.append(textwrap.dedent(block.split('        run: |\n', 1)[1]))^[[0m
Publisher-owned smoke (rust, arm64)	Run the exact publisher smoke with hostile source script	2026-10-09T12:49:27.0623484Z ^[[36;1massert scripts[0] == scripts[1]^[[0m
Publisher-owned smoke (rust, arm64)	Run the exact publisher smoke with hostile source script	2026-10-09T12:49:27.0623834Z ^[[36;1mPath('publisher-smoke.sh').write_text(scripts[0])^[[0m
Publisher-owned smoke (rust, arm64)	Run the exact publisher smoke with hostile source script	2026-10-09T12:49:27.0624297Z ^[[36;1mPath('source/deploy/lens/smoke.sh').write_text('echo SOURCE_SCRIPT_EXECUTED; exit 99\n')^[[0m
Publisher-owned smoke (rust, arm64)	Run the exact publisher smoke with hostile source script	2026-10-09T12:49:27.0624702Z ^[[36;1mPY^[[0m
Publisher-owned smoke (rust, arm64)	Run the exact publisher smoke with hostile source script	2026-10-09T12:49:27.0624866Z ^[[36;1mcd source^[[0m
Publisher-owned smoke (rust, arm64)	Run the exact publisher smoke with hostile source script	2026-10-09T12:49:27.0625313Z ^[[36;1m# A local registry exercises the same digest-addressed pull used by release jobs, without any publishing credentials.^[[0m
Publisher-owned smoke (rust, arm64)	Run the exact publisher smoke with hostile source script	2026-10-09T12:49:27.0626171Z ^[[36;1mdocker run -d --name fixture-registry -p 127.0.0.1:5000:5000 registry:2@sha256:a3d8aaa63ed8681a604f1dea0aa03f100d5895b6a58ace528858a7b332415373^[[0m
Publisher-owned smoke (rust, arm64)	Run the exact publisher smoke with hostile source script	2026-10-09T12:49:27.0627409Z ^[[36;1mtrap 'docker rm -f fixture-registry >/dev/null' EXIT^[[0m
Publisher-owned smoke (rust, arm64)	Run the exact publisher smoke with hostile source script	2026-10-09T12:49:27.0627753Z ^[[36;1mfor attempt in $(seq 1 30); do^[[0m
Publisher-owned smoke (rust, arm64)	Run the exact publisher smoke with hostile source script	2026-10-09T12:49:27.0628132Z ^[[36;1m  if curl --fail --silent http://127.0.0.1:5000/v2/ >/dev/null; then break; fi^[[0m
Publisher-owned smoke (rust, arm64)	Run the exact publisher smoke with hostile source script	2026-10-09T12:49:27.0628503Z ^[[36;1m  sleep 1^[[0m
Publisher-owned smoke (rust, arm64)	Run the exact publisher smoke with hostile source script	2026-10-09T12:49:27.0628680Z ^[[36;1mdone^[[0m
Publisher-owned smoke (rust, arm64)	Run the exact publisher smoke with hostile source script	2026-10-09T12:49:27.0628930Z ^[[36;1mcurl --fail --silent http://127.0.0.1:5000/v2/ >/dev/null^[[0m
Publisher-owned smoke (rust, arm64)	Run the exact publisher smoke with hostile source script	2026-10-09T12:49:27.0629370Z ^[[36;1mdocker tag lens-runtime-fixture localhost:5000/lens-runtime-fixture:ci^[[0m
Publisher-owned smoke (rust, arm64)	Run the exact publisher smoke with hostile source script	2026-10-09T12:49:27.0629797Z ^[[36;1mdocker push localhost:5000/lens-runtime-fixture:ci^[[0m
Publisher-owned smoke (rust, arm64)	Run the exact publisher smoke with hostile source script	2026-10-09T12:49:27.0630315Z ^[[36;1mIMAGE=$(docker image inspect --format '{{index .RepoDigests 0}}' localhost:5000/lens-runtime-fixture:ci)^[[0m
Publisher-owned smoke (rust, arm64)	Run the exact publisher smoke with hostile source script	2026-10-09T12:49:27.0630777Z ^[[36;1mexport IMAGE^[[0m
Publisher-owned smoke (rust, arm64)	Run the exact publisher smoke with hostile source script	2026-10-09T12:49:27.0630979Z ^[[36;1mbash ../publisher-smoke.sh^[[0m
Publisher-owned smoke (rust, arm64)	Run the exact publisher smoke with hostile source script	2026-10-09T12:49:27.0631352Z ^[[36;1mcosign generate-key-pair --output-key-prefix "${RUNNER_TEMP}/test-cosign"^[[0m
Publisher-owned smoke (rust, arm64)	Run the exact publisher smoke with hostile source script	2026-10-09T12:49:27.0631933Z ^[[36;1mif cosign verify --insecure-ignore-tlog --key "${RUNNER_TEMP}/test-cosign.pub" "${IMAGE}"; then^[[0m
Publisher-owned smoke (rust, arm64)	Run the exact publisher smoke with hostile source script	2026-10-09T12:49:27.0632446Z ^[[36;1m  echo "::error::Unsigned worker unexpectedly verified"^[[0m
Publisher-owned smoke (rust, arm64)	Run the exact publisher smoke with hostile source script	2026-10-09T12:49:27.0632742Z ^[[36;1m  exit 1^[[0m
Publisher-owned smoke (rust, arm64)	Run the exact publisher smoke with hostile source script	2026-10-09T12:49:27.0632912Z ^[[36;1mfi^[[0m
Publisher-owned smoke (rust, arm64)	Run the exact publisher smoke with hostile source script	2026-10-09T12:49:27.0633225Z ^[[36;1mcosign sign --yes --tlog-upload=false --key "${RUNNER_TEMP}/test-cosign.key" \^[[0m
Publisher-owned smoke (rust, arm64)	Run the exact publisher smoke with hostile source script	2026-10-09T12:49:27.0633732Z ^[[36;1m  -a "release-tag=${RELEASE_TAG}" -a "source-sha=${SOURCE_SHA}" "${IMAGE}"^[[0m
Publisher-owned smoke (rust, arm64)	Run the exact publisher smoke with hostile source script	2026-10-09T12:49:27.0634238Z ^[[36;1mcosign verify --insecure-ignore-tlog --key "${RUNNER_TEMP}/test-cosign.pub" \^[[0m
Publisher-owned smoke (rust, arm64)	Run the exact publisher smoke with hostile source script	2026-10-09T12:49:27.0634739Z ^[[36;1m  -a "release-tag=${RELEASE_TAG}" -a "source-sha=${SOURCE_SHA}" "${IMAGE}"^[[0m
Publisher-owned smoke (rust, arm64)	Run the exact publisher smoke with hostile source script	2026-10-09T12:49:27.0635249Z ^[[36;1mif cosign verify --insecure-ignore-tlog --key "${RUNNER_TEMP}/test-cosign.pub" \^[[0m
Publisher-owned smoke (rust, arm64)	Run the exact publisher smoke with hostile source script	2026-10-09T12:49:27.0635710Z ^[[36;1m  -a "release-tag=v0.0.0-wrong-release" "${IMAGE}"; then^[[0m
Publisher-owned smoke (rust, arm64)	Run the exact publisher smoke with hostile source script	2026-10-09T12:49:27.0636114Z ^[[36;1m  echo "::error::Worker from another release unexpectedly verified"^[[0m
Publisher-owned smoke (rust, arm64)	Run the exact publisher smoke with hostile source script	2026-10-09T12:49:27.0636455Z ^[[36;1m  exit 1^[[0m
Publisher-owned smoke (rust, arm64)	Run the exact publisher smoke with hostile source script	2026-10-09T12:49:27.0636632Z ^[[36;1mfi^[[0m
Publisher-owned smoke (rust, arm64)	Run the exact publisher smoke with hostile source script	2026-10-09T12:49:27.0637138Z ^[[36;1mif cosign verify --insecure-ignore-tlog --key "${RUNNER_TEMP}/test-cosign.pub" \^[[0m
Publisher-owned smoke (rust, arm64)	Run the exact publisher smoke with hostile source script	2026-10-09T12:49:27.0637752Z ^[[36;1m  -a "release-tag=${RELEASE_TAG}" -a "source-sha=0000000000000000000000000000000000000000" "${IMAGE}"; then^[[0m
Publisher-owned smoke (rust, arm64)	Run the exact publisher smoke with hostile source script	2026-10-09T12:49:27.0638656Z ^[[36;1m  echo "::error::Worker from another source commit unexpectedly verified"^[[0m
Publisher-owned smoke (rust, arm64)	Run the exact publisher smoke with hostile source script	2026-10-09T12:49:27.0639010Z ^[[36;1m  exit 1^[[0m
Publisher-owned smoke (rust, arm64)	Run the exact publisher smoke with hostile source script	2026-10-09T12:49:27.0639208Z ^[[36;1mfi^[[0m
Publisher-owned smoke (rust, arm64)	Run the exact publisher smoke with hostile source script	2026-10-09T12:49:27.0703057Z shell: /usr/bin/bash -e {0}
Publisher-owned smoke (rust, arm64)	Run the exact publisher smoke with hostile source script	2026-10-09T12:49:27.0703300Z env:
Publisher-owned smoke (rust, arm64)	Run the exact publisher smoke with hostile source script	2026-10-09T12:49:27.0703480Z   IMAGE: lens-runtime-fixture
Publisher-owned smoke (rust, arm64)	Run the exact publisher smoke with hostile source script	2026-10-09T12:49:27.0703705Z   RELEASE_TAG: v0.0.0-lens-ci
Publisher-owned smoke (rust, arm64)	Run the exact publisher smoke with hostile source script	2026-10-09T12:49:27.0703969Z   SOURCE_SHA: 890ffe54f62fca28ccbdb1ad95d317f3cd351b8c
Publisher-owned smoke (rust, arm64)	Run the exact publisher smoke with hostile source script	2026-10-09T12:49:27.0704258Z   COSIGN_PASSWORD: 
Publisher-owned smoke (rust, arm64)	Run the exact publisher smoke with hostile source script	2026-10-09T12:49:27.0704439Z ##[endgroup]
Publisher-owned smoke (rust, arm64)	Run the exact publisher smoke with hostile source script	2026-10-09T12:49:27.1166497Z Unable to find image 'registry:2@sha256:a3d8aaa63ed8681a604f1dea0aa03f100d5895b6a58ace528858a7b332415373' locally
Publisher-owned smoke (rust, arm64)	Run the exact publisher smoke with hostile source script	2026-10-09T12:49:27.6450020Z docker.io/library/registry@sha256:a3d8aaa63ed8681a604f1dea0aa03f100d5895b6a58ace528858a7b332415373: Pulling from library/registry
Publisher-owned smoke (rust, arm64)	Run the exact publisher smoke with hostile source script	2026-10-09T12:49:27.8668520Z 95459497489f: Pulling fs layer
Publisher-owned smoke (rust, arm64)	Run the exact publisher smoke with hostile source script	2026-10-09T12:49:27.8668870Z 8bbaad1488a8: Pulling fs layer
Publisher-owned smoke (rust, arm64)	Run the exact publisher smoke with hostile source script	2026-10-09T12:49:27.8669096Z 9a6b3f59ebc2: Pulling fs layer
Publisher-owned smoke (rust, arm64)	Run the exact publisher smoke with hostile source script	2026-10-09T12:49:27.8669320Z bd39ca3613a6: Pulling fs layer
Publisher-owned smoke (rust, arm64)	Run the exact publisher smoke with hostile source script	2026-10-09T12:49:27.8669540Z ddcb6d98388d: Pulling fs layer
Publisher-owned smoke (rust, arm64)	Run the exact publisher smoke with hostile source script	2026-10-09T12:49:27.8670646Z bd39ca3613a6: Waiting
Publisher-owned smoke (rust, arm64)	Run the exact publisher smoke with hostile source script	2026-10-09T12:49:27.8671061Z ddcb6d98388d: Waiting
Publisher-owned smoke (rust, arm64)	Run the exact publisher smoke with hostile source script	2026-10-09T12:49:28.0540622Z 8bbaad1488a8: Download complete
Publisher-owned smoke (rust, arm64)	Run the exact publisher smoke with hostile source script	2026-10-09T12:49:28.0751452Z 95459497489f: Verifying Checksum
Publisher-owned smoke (rust, arm64)	Run the exact publisher smoke with hostile source script	2026-10-09T12:49:28.0751993Z 95459497489f: Download complete
Publisher-owned smoke (rust, arm64)	Run the exact publisher smoke with hostile source script	2026-10-09T12:49:28.0813778Z 9a6b3f59ebc2: Verifying Checksum
Publisher-owned smoke (rust, arm64)	Run the exact publisher smoke with hostile source script	2026-10-09T12:49:28.0814275Z 9a6b3f59ebc2: Download complete
Publisher-owned smoke (rust, arm64)	Run the exact publisher smoke with hostile source script	2026-10-09T12:49:28.1576509Z 95459497489f: Pull complete
Publisher-owned smoke (rust, arm64)	Run the exact publisher smoke with hostile source script	2026-10-09T12:49:28.2219649Z bd39ca3613a6: Verifying Checksum
Publisher-owned smoke (rust, arm64)	Run the exact publisher smoke with hostile source script	2026-10-09T12:49:28.2238882Z bd39ca3613a6: Download complete
Publisher-owned smoke (rust, arm64)	Run the exact publisher smoke with hostile source script	2026-10-09T12:49:28.2540367Z ddcb6d98388d: Verifying Checksum
Publisher-owned smoke (rust, arm64)	Run the exact publisher smoke with hostile source script	2026-10-09T12:49:28.2540824Z ddcb6d98388d: Download complete
Publisher-owned smoke (rust, arm64)	Run the exact publisher smoke with hostile source script	2026-10-09T12:49:28.5030326Z 8bbaad1488a8: Pull complete
Publisher-owned smoke (rust, arm64)	Run the exact publisher smoke with hostile source script	2026-10-09T12:49:28.7458714Z 9a6b3f59ebc2: Pull complete
Publisher-owned smoke (rust, arm64)	Run the exact publisher smoke with hostile source script	2026-10-09T12:49:28.7590463Z bd39ca3613a6: Pull complete
Publisher-owned smoke (rust, arm64)	Run the exact publisher smoke with hostile source script	2026-10-09T12:49:28.7704662Z ddcb6d98388d: Pull complete
Publisher-owned smoke (rust, arm64)	Run the exact publisher smoke with hostile source script	2026-10-09T12:49:28.7752213Z Digest: sha256:a3d8aaa63ed8681a604f1dea0aa03f100d5895b6a58ace528858a7b332415373
Publisher-owned smoke (rust, arm64)	Run the exact publisher smoke with hostile source script	2026-10-09T12:49:28.7759124Z Status: Downloaded newer image for registry@sha256:a3d8aaa63ed8681a604f1dea0aa03f100d5895b6a58ace528858a7b332415373
Publisher-owned smoke (rust, arm64)	Run the exact publisher smoke with hostile source script	2026-10-09T12:49:28.8005944Z 4b73fbff34e8dd8f6d735e5c1167b9b04478d4c58ada82b38cd5e4fa1249aa4e
Publisher-owned smoke (rust, arm64)	Run the exact publisher smoke with hostile source script	2026-10-09T12:49:28.9626143Z The push refers to repository [localhost:5000/lens-runtime-fixture]
Publisher-owned smoke (rust, arm64)	Run the exact publisher smoke with hostile source script	2026-10-09T12:49:28.9665716Z 273b0cf86ca6: Preparing
Publisher-owned smoke (rust, arm64)	Run the exact publisher smoke with hostile source script	2026-10-09T12:49:28.9666032Z 9757ddeaaf68: Preparing
Publisher-owned smoke (rust, arm64)	Run the exact publisher smoke with hostile source script	2026-10-09T12:49:28.9666267Z 67ee6d189662: Preparing
Publisher-owned smoke (rust, arm64)	Run the exact publisher smoke with hostile source script	2026-10-09T12:49:28.9666462Z e7faf1c84989: Preparing
Publisher-owned smoke (rust, arm64)	Run the exact publisher smoke with hostile source script	2026-10-09T12:49:28.9666652Z 9dc386029937: Preparing
Publisher-owned smoke (rust, arm64)	Run the exact publisher smoke with hostile source script	2026-10-09T12:49:28.9667007Z 4f6a1cf71d0a: Preparing
Publisher-owned smoke (rust, arm64)	Run the exact publisher smoke with hostile source script	2026-10-09T12:49:28.9667210Z 5f70bf18a086: Preparing
Publisher-owned smoke (rust, arm64)	Run the exact publisher smoke with hostile source script	2026-10-09T12:49:28.9667416Z 86b15ccdb598: Preparing
Publisher-owned smoke (rust, arm64)	Run the exact publisher smoke with hostile source script	2026-10-09T12:49:28.9667609Z eed49cb1ab55: Preparing
Publisher-owned smoke (rust, arm64)	Run the exact publisher smoke with hostile source script	2026-10-09T12:49:28.9667800Z e70d96d4d35d: Preparing
Publisher-owned smoke (rust, arm64)	Run the exact publisher smoke with hostile source script	2026-10-09T12:49:28.9668002Z e2aba71c4b63: Preparing
Publisher-owned smoke (rust, arm64)	Run the exact publisher smoke with hostile source script	2026-10-09T12:49:28.9668200Z e8638e7f1bcc: Preparing
Publisher-owned smoke (rust, arm64)	Run the exact publisher smoke with hostile source script	2026-10-09T12:49:28.9668451Z 526e3e2e5bf7: Preparing
Publisher-owned smoke (rust, arm64)	Run the exact publisher smoke with hostile source script	2026-10-09T12:49:28.9668645Z 976de5c314d4: Preparing
Publisher-owned smoke (rust, arm64)	Run the exact publisher smoke with hostile source script	2026-10-09T12:49:28.9668834Z e1b3310d7e5c: Preparing
Publisher-owned smoke (rust, arm64)	Run the exact publisher smoke with hostile source script	2026-10-09T12:49:28.9669025Z 3ed1dd007d64: Preparing
Publisher-owned smoke (rust, arm64)	Run the exact publisher smoke with hostile source script	2026-10-09T12:49:28.9669244Z 20014528c2eb: Preparing
Publisher-owned smoke (rust, arm64)	Run the exact publisher smoke with hostile source script	2026-10-09T12:49:28.9669434Z f1503594fcec: Preparing
Publisher-owned smoke (rust, arm64)	Run the exact publisher smoke with hostile source script	2026-10-09T12:49:28.9669624Z 4f6a1cf71d0a: Waiting
Publisher-owned smoke (rust, arm64)	Run the exact publisher smoke with hostile source script	2026-10-09T12:49:28.9669807Z 5f70bf18a086: Waiting
Publisher-owned smoke (rust, arm64)	Run the exact publisher smoke with hostile source script	2026-10-09T12:49:28.9669989Z 86b15ccdb598: Waiting
Publisher-owned smoke (rust, arm64)	Run the exact publisher smoke with hostile source script	2026-10-09T12:49:28.9670180Z eed49cb1ab55: Waiting
Publisher-owned smoke (rust, arm64)	Run the exact publisher smoke with hostile source script	2026-10-09T12:49:28.9670367Z e70d96d4d35d: Waiting
Publisher-owned smoke (rust, arm64)	Run the exact publisher smoke with hostile source script	2026-10-09T12:49:28.9670549Z e2aba71c4b63: Waiting
Publisher-owned smoke (rust, arm64)	Run the exact publisher smoke with hostile source script	2026-10-09T12:49:28.9670738Z e8638e7f1bcc: Waiting
Publisher-owned smoke (rust, arm64)	Run the exact publisher smoke with hostile source script	2026-10-09T12:49:28.9670918Z 526e3e2e5bf7: Waiting
Publisher-owned smoke (rust, arm64)	Run the exact publisher smoke with hostile source script	2026-10-09T12:49:28.9671098Z 976de5c314d4: Waiting
Publisher-owned smoke (rust, arm64)	Run the exact publisher smoke with hostile source script	2026-10-09T12:49:28.9671668Z e1b3310d7e5c: Waiting
Publisher-owned smoke (rust, arm64)	Run the exact publisher smoke with hostile source script	2026-10-09T12:49:28.9671854Z 3ed1dd007d64: Waiting
Publisher-owned smoke (rust, arm64)	Run the exact publisher smoke with hostile source script	2026-10-09T12:49:28.9672034Z 20014528c2eb: Waiting
Publisher-owned smoke (rust, arm64)	Run the exact publisher smoke with hostile source script	2026-10-09T12:49:28.9672211Z f1503594fcec: Waiting
Publisher-owned smoke (rust, arm64)	Run the exact publisher smoke with hostile source script	2026-10-09T12:49:29.0458943Z 9757ddeaaf68: Pushed
Publisher-owned smoke (rust, arm64)	Run the exact publisher smoke with hostile source script	2026-10-09T12:49:29.0661578Z 9dc386029937: Pushed
Publisher-owned smoke (rust, arm64)	Run the exact publisher smoke with hostile source script	2026-10-09T12:49:29.0662421Z 67ee6d189662: Pushed
Publisher-owned smoke (rust, arm64)	Run the exact publisher smoke with hostile source script	2026-10-09T12:49:29.3450249Z 273b0cf86ca6: Pushed
Publisher-owned smoke (rust, arm64)	Run the exact publisher smoke with hostile source script	2026-10-09T12:49:29.4160103Z e7faf1c84989: Pushed
Publisher-owned smoke (rust, arm64)	Run the exact publisher smoke with hostile source script	2026-10-09T12:49:29.4267298Z 5f70bf18a086: Pushed
Publisher-owned smoke (rust, arm64)	Run the exact publisher smoke with hostile source script	2026-10-09T12:49:29.4274347Z 86b15ccdb598: Pushed
Publisher-owned smoke (rust, arm64)	Run the exact publisher smoke with hostile source script	2026-10-09T12:49:29.4281180Z eed49cb1ab55: Pushed
Publisher-owned smoke (rust, arm64)	Run the exact publisher smoke with hostile source script	2026-10-09T12:49:29.4954422Z e2aba71c4b63: Pushed
Publisher-owned smoke (rust, arm64)	Run the exact publisher smoke with hostile source script	2026-10-09T12:49:29.4974028Z e70d96d4d35d: Pushed
Publisher-owned smoke (rust, arm64)	Run the exact publisher smoke with hostile source script	2026-10-09T12:49:29.5041921Z e8638e7f1bcc: Pushed
Publisher-owned smoke (rust, arm64)	Run the exact publisher smoke with hostile source script	2026-10-09T12:49:29.5044698Z 526e3e2e5bf7: Pushed
Publisher-owned smoke (rust, arm64)	Run the exact publisher smoke with hostile source script	2026-10-09T12:49:29.8099667Z 976de5c314d4: Pushed
Publisher-owned smoke (rust, arm64)	Run the exact publisher smoke with hostile source script	2026-10-09T12:49:29.8209376Z 3ed1dd007d64: Pushed
Publisher-owned smoke (rust, arm64)	Run the exact publisher smoke with hostile source script	2026-10-09T12:49:29.8212866Z e1b3310d7e5c: Pushed
Publisher-owned smoke (rust, arm64)	Run the exact publisher smoke with hostile source script	2026-10-09T12:49:29.8253579Z 20014528c2eb: Pushed
Publisher-owned smoke (rust, arm64)	Run the exact publisher smoke with hostile source script	2026-10-09T12:49:30.0706573Z f1503594fcec: Pushed
Publisher-owned smoke (rust, arm64)	Run the exact publisher smoke with hostile source script	2026-10-09T12:49:31.1310222Z 4f6a1cf71d0a: Pushed
Publisher-owned smoke (rust, arm64)	Run the exact publisher smoke with hostile source script	2026-10-09T12:49:31.1496319Z ci: digest: sha256:3b186c22f2aa60315d040530e47b58793c6b9639e6a8ed367e4278a37f252ccf size: 4081
Publisher-owned smoke (rust, arm64)	Run the exact publisher smoke with hostile source script	2026-10-09T12:49:31.1871849Z localhost:5000/lens-runtime-fixture@sha256:3b186c22f2aa60315d040530e47b58793c6b9639e6a8ed367e4278a37f252ccf: Pulling from lens-runtime-fixture
Publisher-owned smoke (rust, arm64)	Run the exact publisher smoke with hostile source script	2026-10-09T12:49:31.1886566Z Digest: sha256:3b186c22f2aa60315d040530e47b58793c6b9639e6a8ed367e4278a37f252ccf
Publisher-owned smoke (rust, arm64)	Run the exact publisher smoke with hostile source script	2026-10-09T12:49:31.1892115Z Status: Image is up to date for localhost:5000/lens-runtime-fixture@sha256:3b186c22f2aa60315d040530e47b58793c6b9639e6a8ed367e4278a37f252ccf
Publisher-owned smoke (rust, arm64)	Run the exact publisher smoke with hostile source script	2026-10-09T12:49:31.1893034Z localhost:5000/lens-runtime-fixture@sha256:3b186c22f2aa60315d040530e47b58793c6b9639e6a8ed367e4278a37f252ccf
Publisher-owned smoke (rust, arm64)	Run the exact publisher smoke with hostile source script	2026-10-09T12:49:31.7818840Z Private key written to /home/runner/work/_temp/test-cosign.key
Publisher-owned smoke (rust, arm64)	Run the exact publisher smoke with hostile source script	2026-10-09T12:49:31.7838487Z Public key written to /home/runner/work/_temp/test-cosign.pub
Publisher-owned smoke (rust, arm64)	Run the exact publisher smoke with hostile source script	2026-10-09T12:49:31.8065226Z WARNING: Skipping tlog verification is an insecure practice that lacks of transparency and auditability verification for the signature.
Publisher-owned smoke (rust, arm64)	Run the exact publisher smoke with hostile source script	2026-10-09T12:49:31.8117622Z Error: no signatures found
Publisher-owned smoke (rust, arm64)	Run the exact publisher smoke with hostile source script	2026-10-09T12:49:31.8130125Z error during command execution: no signatures found
Publisher-owned smoke (rust, arm64)	Run the exact publisher smoke with hostile source script	2026-10-09T12:49:31.9866471Z Pushing signature to: localhost:5000/lens-runtime-fixture
Publisher-owned smoke (rust, arm64)	Run the exact publisher smoke with hostile source script	2026-10-09T12:49:32.0317942Z WARNING: Skipping tlog verification is an insecure practice that lacks of transparency and auditability verification for the signature.
Publisher-owned smoke (rust, arm64)	Run the exact publisher smoke with hostile source script	2026-10-09T12:49:32.0384619Z 
Publisher-owned smoke (rust, arm64)	Run the exact publisher smoke with hostile source script	2026-10-09T12:49:32.0387623Z Verification for localhost:5000/lens-runtime-fixture@sha256:3b186c22f2aa60315d040530e47b58793c6b9639e6a8ed367e4278a37f252ccf --
Publisher-owned smoke (rust, arm64)	Run the exact publisher smoke with hostile source script	2026-10-09T12:49:32.0388427Z The following checks were performed on each of these signatures:
Publisher-owned smoke (rust, arm64)	Run the exact publisher smoke with hostile source script	2026-10-09T12:49:32.0388817Z   - The specified annotations were verified.
Publisher-owned smoke (rust, arm64)	Run the exact publisher smoke with hostile source script	2026-10-09T12:49:32.0389138Z   - The cosign claims were validated
Publisher-owned smoke (rust, arm64)	Run the exact publisher smoke with hostile source script	2026-10-09T12:49:32.0397519Z 
Publisher-owned smoke (rust, arm64)	Run the exact publisher smoke with hostile source script	2026-10-09T12:49:32.0398709Z [{"critical":{"identity":{"docker-reference":"localhost:5000/lens-runtime-fixture"},"image":{"docker-manifest-digest":"sha256:3b186c22f2aa60315d040530e47b58793c6b9639e6a8ed367e4278a37f252ccf"},"type":"cosign container image signature"},"optional":{"release-tag":"v0.0.0-lens-ci","source-sha":"890ffe54f62fca28ccbdb1ad95d317f3cd351b8c"}}]
Publisher-owned smoke (rust, arm64)	Run the exact publisher smoke with hostile source script	2026-10-09T12:49:32.0400072Z   - The signatures were verified against the specified public key
Publisher-owned smoke (rust, arm64)	Run the exact publisher smoke with hostile source script	2026-10-09T12:49:32.0599826Z WARNING: Skipping tlog verification is an insecure practice that lacks of transparency and auditability verification for the signature.
Publisher-owned smoke (rust, arm64)	Run the exact publisher smoke with hostile source script	2026-10-09T12:49:32.0655769Z Error: no matching signatures: missing or incorrect annotation
Publisher-owned smoke (rust, arm64)	Run the exact publisher smoke with hostile source script	2026-10-09T12:49:32.0661663Z error during command execution: no matching signatures: missing or incorrect annotation
Publisher-owned smoke (rust, arm64)	Run the exact publisher smoke with hostile source script	2026-10-09T12:49:32.0861243Z WARNING: Skipping tlog verification is an insecure practice that lacks of transparency and auditability verification for the signature.
Publisher-owned smoke (rust, arm64)	Run the exact publisher smoke with hostile source script	2026-10-09T12:49:32.0938382Z Error: no matching signatures: missing or incorrect annotation
Publisher-owned smoke (rust, arm64)	Run the exact publisher smoke with hostile source script	2026-10-09T12:49:32.0947219Z error during command execution: no matching signatures: missing or incorrect annotation
Publisher-owned smoke (rust, arm64)	Post Checkout immutable worker fixture	﻿2026-10-09T12:49:32.2174870Z Post job cleanup.
Publisher-owned smoke (rust, arm64)	Post Checkout immutable worker fixture	2026-10-09T12:49:32.2874334Z [command]/usr/bin/git version
Publisher-owned smoke (rust, arm64)	Post Checkout immutable worker fixture	2026-10-09T12:49:32.2918057Z git version 2.55.0
Publisher-owned smoke (rust, arm64)	Post Checkout immutable worker fixture	2026-10-09T12:49:32.2949649Z Temporarily overriding HOME='/home/runner/work/_temp/f6752a10-8fec-499f-9a6f-567d69d30c7d' before making global git config changes
Publisher-owned smoke (rust, arm64)	Post Checkout immutable worker fixture	2026-10-09T12:49:32.2950556Z Adding repository directory to the temporary git global config as a safe directory
Publisher-owned smoke (rust, arm64)	Post Checkout immutable worker fixture	2026-10-09T12:49:32.2956050Z [command]/usr/bin/git config --global --add safe.directory /home/runner/work/project-releaser/project-releaser/source
Publisher-owned smoke (rust, arm64)	Post Checkout immutable worker fixture	2026-10-09T12:49:32.2988595Z Removing SSH command configuration
Publisher-owned smoke (rust, arm64)	Post Checkout immutable worker fixture	2026-10-09T12:49:32.2994583Z [command]/usr/bin/git config --local --name-only --get-regexp core\.sshCommand
Publisher-owned smoke (rust, arm64)	Post Checkout immutable worker fixture	2026-10-09T12:49:32.3031926Z [command]/usr/bin/git submodule foreach --recursive sh -c "git config --local --name-only --get-regexp 'core\.sshCommand' && git config --local --unset-all 'core.sshCommand' || :"
Publisher-owned smoke (rust, arm64)	Post Checkout immutable worker fixture	2026-10-09T12:49:32.3227540Z Removing HTTP extra header
Publisher-owned smoke (rust, arm64)	Post Checkout immutable worker fixture	2026-10-09T12:49:32.3228173Z [command]/usr/bin/git config --local --name-only --get-regexp http\.https\:\/\/github\.com\/\.extraheader
Publisher-owned smoke (rust, arm64)	Post Checkout immutable worker fixture	2026-10-09T12:49:32.3268861Z [command]/usr/bin/git submodule foreach --recursive sh -c "git config --local --name-only --get-regexp 'http\.https\:\/\/github\.com\/\.extraheader' && git config --local --unset-all 'http.https://github.com/.extraheader' || :"
Publisher-owned smoke (rust, arm64)	Post Checkout immutable worker fixture	2026-10-09T12:49:32.3464354Z Removing includeIf entries pointing to credentials config files
Publisher-owned smoke (rust, arm64)	Post Checkout immutable worker fixture	2026-10-09T12:49:32.3473930Z [command]/usr/bin/git config --local --name-only --get-regexp ^includeIf\.gitdir:
Publisher-owned smoke (rust, arm64)	Post Checkout immutable worker fixture	2026-10-09T12:49:32.3502486Z [command]/usr/bin/git submodule foreach --recursive git config --local --show-origin --name-only --get-regexp remote.origin.url
Publisher-owned smoke (rust, arm64)	Post Checkout publisher	﻿2026-10-09T12:49:32.3841975Z Post job cleanup.
Publisher-owned smoke (rust, arm64)	Post Checkout publisher	2026-10-09T12:49:32.4622705Z [command]/usr/bin/git version
Publisher-owned smoke (rust, arm64)	Post Checkout publisher	2026-10-09T12:49:32.4651025Z git version 2.55.0
Publisher-owned smoke (rust, arm64)	Post Checkout publisher	2026-10-09T12:49:32.4707745Z Temporarily overriding HOME='/home/runner/work/_temp/80536818-211b-42c0-98e0-1877fcc10d8f' before making global git config changes
Publisher-owned smoke (rust, arm64)	Post Checkout publisher	2026-10-09T12:49:32.4717427Z Adding repository directory to the temporary git global config as a safe directory
Publisher-owned smoke (rust, arm64)	Post Checkout publisher	2026-10-09T12:49:32.4735020Z [command]/usr/bin/git config --global --add safe.directory /home/runner/work/project-releaser/project-releaser/publisher
Publisher-owned smoke (rust, arm64)	Post Checkout publisher	2026-10-09T12:49:32.4783151Z Removing SSH command configuration
Publisher-owned smoke (rust, arm64)	Post Checkout publisher	2026-10-09T12:49:32.4790120Z [command]/usr/bin/git config --local --name-only --get-regexp core\.sshCommand
Publisher-owned smoke (rust, arm64)	Post Checkout publisher	2026-10-09T12:49:32.4827830Z [command]/usr/bin/git submodule foreach --recursive sh -c "git config --local --name-only --get-regexp 'core\.sshCommand' && git config --local --unset-all 'core.sshCommand' || :"
Publisher-owned smoke (rust, arm64)	Post Checkout publisher	2026-10-09T12:49:32.5029902Z Removing HTTP extra header
Publisher-owned smoke (rust, arm64)	Post Checkout publisher	2026-10-09T12:49:32.5042412Z [command]/usr/bin/git config --local --name-only --get-regexp http\.https\:\/\/github\.com\/\.extraheader
Publisher-owned smoke (rust, arm64)	Post Checkout publisher	2026-10-09T12:49:32.5114145Z [command]/usr/bin/git submodule foreach --recursive sh -c "git config --local --name-only --get-regexp 'http\.https\:\/\/github\.com\/\.extraheader' && git config --local --unset-all 'http.https://github.com/.extraheader' || :"
Publisher-owned smoke (rust, arm64)	Post Checkout publisher	2026-10-09T12:49:32.5258334Z Removing includeIf entries pointing to credentials config files
Publisher-owned smoke (rust, arm64)	Post Checkout publisher	2026-10-09T12:49:32.5267491Z [command]/usr/bin/git config --local --name-only --get-regexp ^includeIf\.gitdir:
Publisher-owned smoke (rust, arm64)	Post Checkout publisher	2026-10-09T12:49:32.5297847Z [command]/usr/bin/git submodule foreach --recursive git config --local --show-origin --name-only --get-regexp remote.origin.url
Publisher-owned smoke (rust, arm64)	Complete job	﻿2026-10-09T12:49:32.5615012Z Cleaning up orphan processes
Publisher-owned smoke (python, arm64)	Set up job	﻿2026-10-09T12:41:53.8167173Z Current runner version: '2.337.0'
Publisher-owned smoke (python, arm64)	Set up job	2026-10-09T12:41:53.8196610Z ##[group]Runner Image Provisioner
Publisher-owned smoke (python, arm64)	Set up job	2026-10-09T12:41:53.8197663Z Hosted Compute Agent
Publisher-owned smoke (python, arm64)	Set up job	2026-10-09T12:41:53.8198466Z Version: 20261002.596
Publisher-owned smoke (python, arm64)	Set up job	2026-10-09T12:41:53.8199164Z Commit: c3d12f3313a95f25162a1503be624f3b0617f8c0
Publisher-owned smoke (python, arm64)	Set up job	2026-10-09T12:41:53.8200012Z Build Date: 2026-10-02T22:28:27Z
Publisher-owned smoke (python, arm64)	Set up job	2026-10-09T12:41:53.8200750Z Worker ID: {9b494a60-615b-4351-befd-922afc7698d7}
Publisher-owned smoke (python, arm64)	Set up job	2026-10-09T12:41:53.8201523Z Region: centralus
Publisher-owned smoke (python, arm64)	Set up job	2026-10-09T12:41:53.8202185Z Cloud: Azure
Publisher-owned smoke (python, arm64)	Set up job	2026-10-09T12:41:53.8202775Z ##[endgroup]
Publisher-owned smoke (python, arm64)	Set up job	2026-10-09T12:41:53.8204514Z ##[group]Operating System
Publisher-owned smoke (python, arm64)	Set up job	2026-10-09T12:41:53.8205549Z Ubuntu
Publisher-owned smoke (python, arm64)	Set up job	2026-10-09T12:41:53.8206159Z 24.04.5
Publisher-owned smoke (python, arm64)	Set up job	2026-10-09T12:41:53.8206778Z LTS
Publisher-owned smoke (python, arm64)	Set up job	2026-10-09T12:41:53.8207334Z ##[endgroup]
Publisher-owned smoke (python, arm64)	Set up job	2026-10-09T12:41:53.8208051Z ##[group]Runner Image
Publisher-owned smoke (python, arm64)	Set up job	2026-10-09T12:41:53.8208708Z Image: ubuntu-24.04-arm
Publisher-owned smoke (python, arm64)	Set up job	2026-10-09T12:41:53.8209393Z Version: 20261004.142.1
Publisher-owned smoke (python, arm64)	Set up job	2026-10-09T12:41:53.8210636Z Included Software: https://github.com/actions/runner-images/blob/ubuntu24-arm64/20261004.142/images/ubuntu/Ubuntu2404-Arm64-Readme.md
Publisher-owned smoke (python, arm64)	Set up job	2026-10-09T12:41:53.8212568Z Image Release: https://github.com/actions/runner-images/releases/tag/ubuntu24-arm64%2F20261004.142
Publisher-owned smoke (python, arm64)	Set up job	2026-10-09T12:41:53.8213614Z ##[endgroup]
Publisher-owned smoke (python, arm64)	Set up job	2026-10-09T12:41:53.8215015Z ##[group]GITHUB_TOKEN Permissions
Publisher-owned smoke (python, arm64)	Set up job	2026-10-09T12:41:53.8217553Z Contents: read
Publisher-owned smoke (python, arm64)	Set up job	2026-10-09T12:41:53.8218239Z Metadata: read
Publisher-owned smoke (python, arm64)	Set up job	2026-10-09T12:41:53.8219002Z ##[endgroup]
Publisher-owned smoke (python, arm64)	Set up job	2026-10-09T12:41:53.8221361Z Secret source: Actions
Publisher-owned smoke (python, arm64)	Set up job	2026-10-09T12:41:53.8222528Z Cache mode: write
Publisher-owned smoke (python, arm64)	Set up job	2026-10-09T12:41:53.8223314Z Prepare workflow directory
Publisher-owned smoke (python, arm64)	Set up job	2026-10-09T12:41:53.9240364Z Prepare all required actions
Publisher-owned smoke (python, arm64)	Set up job	2026-10-09T12:41:53.9289326Z Getting action download info
Publisher-owned smoke (python, arm64)	Set up job	2026-10-09T12:41:54.1821860Z Download action repository 'actions/checkout@9c091bb21b7c1c1d1991bb908d89e4e9dddfe3e0' (SHA:9c091bb21b7c1c1d1991bb908d89e4e9dddfe3e0)
Publisher-owned smoke (python, arm64)	Set up job	2026-10-09T12:41:54.3627859Z Download action repository 'sigstore/cosign-installer@3454372f43399081ed03b604cb2d021dabca52bb' (SHA:3454372f43399081ed03b604cb2d021dabca52bb)
Publisher-owned smoke (python, arm64)	Set up job	2026-10-09T12:41:54.6710961Z Complete job name: Publisher-owned smoke (python, arm64)
Publisher-owned smoke (python, arm64)	Checkout publisher	﻿2026-10-09T12:41:54.7556304Z ##[group]Run actions/checkout@9c091bb21b7c1c1d1991bb908d89e4e9dddfe3e0
Publisher-owned smoke (python, arm64)	Checkout publisher	2026-10-09T12:41:54.7558027Z with:
Publisher-owned smoke (python, arm64)	Checkout publisher	2026-10-09T12:41:54.7558685Z   persist-credentials: false
Publisher-owned smoke (python, arm64)	Checkout publisher	2026-10-09T12:41:54.7559452Z   path: publisher
Publisher-owned smoke (python, arm64)	Checkout publisher	2026-10-09T12:41:54.7560083Z   repository: BerriAI/project-releaser
Publisher-owned smoke (python, arm64)	Checkout publisher	2026-10-09T12:41:54.7564203Z   token: ***
Publisher-owned smoke (python, arm64)	Checkout publisher	2026-10-09T12:41:54.7565081Z   ssh-strict: true
Publisher-owned smoke (python, arm64)	Checkout publisher	2026-10-09T12:41:54.7565710Z   ssh-user: git
Publisher-owned smoke (python, arm64)	Checkout publisher	2026-10-09T12:41:54.7566383Z   clean: true
Publisher-owned smoke (python, arm64)	Checkout publisher	2026-10-09T12:41:54.7566996Z   sparse-checkout-cone-mode: true
Publisher-owned smoke (python, arm64)	Checkout publisher	2026-10-09T12:41:54.7567718Z   fetch-depth: 1
Publisher-owned smoke (python, arm64)	Checkout publisher	2026-10-09T12:41:54.7568357Z   fetch-tags: false
Publisher-owned smoke (python, arm64)	Checkout publisher	2026-10-09T12:41:54.7568961Z   show-progress: true
Publisher-owned smoke (python, arm64)	Checkout publisher	2026-10-09T12:41:54.7569585Z   lfs: false
Publisher-owned smoke (python, arm64)	Checkout publisher	2026-10-09T12:41:54.7570137Z   submodules: false
Publisher-owned smoke (python, arm64)	Checkout publisher	2026-10-09T12:41:54.7570711Z   set-safe-directory: true
Publisher-owned smoke (python, arm64)	Checkout publisher	2026-10-09T12:41:54.7571462Z   allow-unsafe-pr-checkout: false
Publisher-owned smoke (python, arm64)	Checkout publisher	2026-10-09T12:41:54.7572650Z ##[endgroup]
Publisher-owned smoke (python, arm64)	Checkout publisher	2026-10-09T12:41:54.8546550Z Syncing repository: BerriAI/project-releaser
Publisher-owned smoke (python, arm64)	Checkout publisher	2026-10-09T12:41:54.8549696Z ##[group]Getting Git version info
Publisher-owned smoke (python, arm64)	Checkout publisher	2026-10-09T12:41:54.8552137Z Working directory is '/home/runner/work/project-releaser/project-releaser/publisher'
Publisher-owned smoke (python, arm64)	Checkout publisher	2026-10-09T12:41:54.8558550Z [command]/usr/bin/git version
Publisher-owned smoke (python, arm64)	Checkout publisher	2026-10-09T12:41:54.8559431Z git version 2.55.0
Publisher-owned smoke (python, arm64)	Checkout publisher	2026-10-09T12:41:54.8562035Z ##[endgroup]
Publisher-owned smoke (python, arm64)	Checkout publisher	2026-10-09T12:41:54.8567369Z Temporarily overriding HOME='/home/runner/work/_temp/3a2573b2-17ce-453a-943f-88face312ecc' before making global git config changes
Publisher-owned smoke (python, arm64)	Checkout publisher	2026-10-09T12:41:54.8569018Z Adding repository directory to the temporary git global config as a safe directory
Publisher-owned smoke (python, arm64)	Checkout publisher	2026-10-09T12:41:54.8570377Z [command]/usr/bin/git config --global --add safe.directory /home/runner/work/project-releaser/project-releaser/publisher
Publisher-owned smoke (python, arm64)	Checkout publisher	2026-10-09T12:41:54.8594047Z ##[group]Determining repository object format
Publisher-owned smoke (python, arm64)	Checkout publisher	2026-10-09T12:41:54.8596832Z ##[endgroup]
Publisher-owned smoke (python, arm64)	Checkout publisher	2026-10-09T12:41:54.8598534Z ##[group]Initializing the repository
Publisher-owned smoke (python, arm64)	Checkout publisher	2026-10-09T12:41:54.8600794Z [command]/usr/bin/git init /home/runner/work/project-releaser/project-releaser/publisher
Publisher-owned smoke (python, arm64)	Checkout publisher	2026-10-09T12:41:54.8690087Z hint: Using 'master' as the name for the initial branch. This default branch name
Publisher-owned smoke (python, arm64)	Checkout publisher	2026-10-09T12:41:54.8696826Z hint: will change to "main" in Git 3.0. To configure the initial branch name
Publisher-owned smoke (python, arm64)	Checkout publisher	2026-10-09T12:41:54.8698012Z hint: to use in all of your new repositories, which will suppress this warning,
Publisher-owned smoke (python, arm64)	Checkout publisher	2026-10-09T12:41:54.8699036Z hint: call:
Publisher-owned smoke (python, arm64)	Checkout publisher	2026-10-09T12:41:54.8699970Z hint:
Publisher-owned smoke (python, arm64)	Checkout publisher	2026-10-09T12:41:54.8700696Z hint: 	git config --global init.defaultBranch <name>
Publisher-owned smoke (python, arm64)	Checkout publisher	2026-10-09T12:41:54.8701542Z hint:
Publisher-owned smoke (python, arm64)	Checkout publisher	2026-10-09T12:41:54.8702311Z hint: Names commonly chosen instead of 'master' are 'main', 'trunk' and
Publisher-owned smoke (python, arm64)	Checkout publisher	2026-10-09T12:41:54.8703415Z hint: 'development'. The just-created branch can be renamed via this command:
Publisher-owned smoke (python, arm64)	Checkout publisher	2026-10-09T12:41:54.8704315Z hint:
Publisher-owned smoke (python, arm64)	Checkout publisher	2026-10-09T12:41:54.8705048Z hint: 	git branch -m <name>
Publisher-owned smoke (python, arm64)	Checkout publisher	2026-10-09T12:41:54.8705814Z hint:
Publisher-owned smoke (python, arm64)	Checkout publisher	2026-10-09T12:41:54.8706599Z hint: Disable this message with "git config set advice.defaultBranchName false"
Publisher-owned smoke (python, arm64)	Checkout publisher	2026-10-09T12:41:54.8708409Z Initialized empty Git repository in /home/runner/work/project-releaser/project-releaser/publisher/.git/
Publisher-owned smoke (python, arm64)	Checkout publisher	2026-10-09T12:41:54.8714019Z [command]/usr/bin/git remote add origin https://github.com/BerriAI/project-releaser
Publisher-owned smoke (python, arm64)	Checkout publisher	2026-10-09T12:41:54.8744975Z ##[endgroup]
Publisher-owned smoke (python, arm64)	Checkout publisher	2026-10-09T12:41:54.8747347Z ##[group]Disabling automatic garbage collection
Publisher-owned smoke (python, arm64)	Checkout publisher	2026-10-09T12:41:54.8750184Z [command]/usr/bin/git config --local gc.auto 0
Publisher-owned smoke (python, arm64)	Checkout publisher	2026-10-09T12:41:54.8777787Z ##[endgroup]
Publisher-owned smoke (python, arm64)	Checkout publisher	2026-10-09T12:41:54.8779325Z ##[group]Setting up auth
Publisher-owned smoke (python, arm64)	Checkout publisher	2026-10-09T12:41:54.8780973Z Removing SSH command configuration
Publisher-owned smoke (python, arm64)	Checkout publisher	2026-10-09T12:41:54.8783350Z [command]/usr/bin/git config --local --name-only --get-regexp core\.sshCommand
Publisher-owned smoke (python, arm64)	Checkout publisher	2026-10-09T12:41:54.8809762Z [command]/usr/bin/git submodule foreach --recursive sh -c "git config --local --name-only --get-regexp 'core\.sshCommand' && git config --local --unset-all 'core.sshCommand' || :"
Publisher-owned smoke (python, arm64)	Checkout publisher	2026-10-09T12:41:54.9868871Z Removing HTTP extra header
Publisher-owned smoke (python, arm64)	Checkout publisher	2026-10-09T12:41:54.9870293Z [command]/usr/bin/git config --local --name-only --get-regexp http\.https\:\/\/github\.com\/\.extraheader
Publisher-owned smoke (python, arm64)	Checkout publisher	2026-10-09T12:41:54.9874436Z [command]/usr/bin/git submodule foreach --recursive sh -c "git config --local --name-only --get-regexp 'http\.https\:\/\/github\.com\/\.extraheader' && git config --local --unset-all 'http.https://github.com/.extraheader' || :"
Publisher-owned smoke (python, arm64)	Checkout publisher	2026-10-09T12:41:54.9879031Z Removing includeIf entries pointing to credentials config files
Publisher-owned smoke (python, arm64)	Checkout publisher	2026-10-09T12:41:54.9880550Z [command]/usr/bin/git config --local --name-only --get-regexp ^includeIf\.gitdir:
Publisher-owned smoke (python, arm64)	Checkout publisher	2026-10-09T12:41:54.9884452Z [command]/usr/bin/git submodule foreach --recursive git config --local --show-origin --name-only --get-regexp remote.origin.url
Publisher-owned smoke (python, arm64)	Checkout publisher	2026-10-09T12:41:54.9890375Z [command]/usr/bin/git config --file /home/runner/work/_temp/git-credentials-662615a3-be25-462a-9013-bbe1d4456944.config http.https://github.com/.extraheader AUTHORIZATION: basic ***
Publisher-owned smoke (python, arm64)	Checkout publisher	2026-10-09T12:41:54.9895517Z [command]/usr/bin/git config --local includeIf.gitdir:/home/runner/work/project-releaser/project-releaser/publisher/.git.path /home/runner/work/_temp/git-credentials-662615a3-be25-462a-9013-bbe1d4456944.config
Publisher-owned smoke (python, arm64)	Checkout publisher	2026-10-09T12:41:54.9901061Z [command]/usr/bin/git config --local includeIf.gitdir:/home/runner/work/project-releaser/project-releaser/publisher/.git/worktrees/*.path /home/runner/work/_temp/git-credentials-662615a3-be25-462a-9013-bbe1d4456944.config
Publisher-owned smoke (python, arm64)	Checkout publisher	2026-10-09T12:41:54.9908185Z [command]/usr/bin/git config --local includeIf.gitdir:/github/workspace/publisher/.git.path /github/runner_temp/git-credentials-662615a3-be25-462a-9013-bbe1d4456944.config
Publisher-owned smoke (python, arm64)	Checkout publisher	2026-10-09T12:41:54.9915100Z [command]/usr/bin/git config --local includeIf.gitdir:/github/workspace/publisher/.git/worktrees/*.path /github/runner_temp/git-credentials-662615a3-be25-462a-9013-bbe1d4456944.config
Publisher-owned smoke (python, arm64)	Checkout publisher	2026-10-09T12:41:54.9919720Z ##[endgroup]
Publisher-owned smoke (python, arm64)	Checkout publisher	2026-10-09T12:41:54.9921694Z ##[group]Fetching the repository
Publisher-owned smoke (python, arm64)	Checkout publisher	2026-10-09T12:41:54.9923561Z [command]/usr/bin/git -c protocol.version=2 fetch --no-tags --prune --no-recurse-submodules --depth=1 origin +7564a9fc2221d9019dacdb3f947e62e25df55243:refs/remotes/pull/305/merge
Publisher-owned smoke (python, arm64)	Checkout publisher	2026-10-09T12:41:55.7973757Z From https://github.com/BerriAI/project-releaser
Publisher-owned smoke (python, arm64)	Checkout publisher	2026-10-09T12:41:55.7976046Z  * [new ref]         7564a9fc2221d9019dacdb3f947e62e25df55243 -> pull/305/merge
Publisher-owned smoke (python, arm64)	Checkout publisher	2026-10-09T12:41:55.7980770Z ##[endgroup]
Publisher-owned smoke (python, arm64)	Checkout publisher	2026-10-09T12:41:55.7982689Z ##[group]Determining the checkout info
Publisher-owned smoke (python, arm64)	Checkout publisher	2026-10-09T12:41:55.7984763Z ##[endgroup]
Publisher-owned smoke (python, arm64)	Checkout publisher	2026-10-09T12:41:55.7986405Z [command]/usr/bin/git sparse-checkout disable
Publisher-owned smoke (python, arm64)	Checkout publisher	2026-10-09T12:41:55.8029324Z [command]/usr/bin/git config --local --unset-all extensions.worktreeConfig
Publisher-owned smoke (python, arm64)	Checkout publisher	2026-10-09T12:41:55.8058076Z ##[group]Checking out the ref
Publisher-owned smoke (python, arm64)	Checkout publisher	2026-10-09T12:41:55.8059709Z [command]/usr/bin/git checkout --progress --force refs/remotes/pull/305/merge
Publisher-owned smoke (python, arm64)	Checkout publisher	2026-10-09T12:41:55.8216006Z Note: switching to 'refs/remotes/pull/305/merge'.
Publisher-owned smoke (python, arm64)	Checkout publisher	2026-10-09T12:41:55.8223819Z 
Publisher-owned smoke (python, arm64)	Checkout publisher	2026-10-09T12:41:55.8225176Z You are in 'detached HEAD' state. You can look around, make experimental
Publisher-owned smoke (python, arm64)	Checkout publisher	2026-10-09T12:41:55.8228469Z changes and commit them, and you can discard any commits you make in this
Publisher-owned smoke (python, arm64)	Checkout publisher	2026-10-09T12:41:55.8230623Z state without impacting any branches by switching back to a branch.
Publisher-owned smoke (python, arm64)	Checkout publisher	2026-10-09T12:41:55.8232424Z 
Publisher-owned smoke (python, arm64)	Checkout publisher	2026-10-09T12:41:55.8233509Z If you want to create a new branch to retain commits you create, you may
Publisher-owned smoke (python, arm64)	Checkout publisher	2026-10-09T12:41:55.8245914Z do so (now or later) by using -c with the switch command. Example:
Publisher-owned smoke (python, arm64)	Checkout publisher	2026-10-09T12:41:55.8249125Z 
Publisher-owned smoke (python, arm64)	Checkout publisher	2026-10-09T12:41:55.8250306Z   git switch -c <new-branch-name>
Publisher-owned smoke (python, arm64)	Checkout publisher	2026-10-09T12:41:55.8251380Z 
Publisher-owned smoke (python, arm64)	Checkout publisher	2026-10-09T12:41:55.8252676Z Or undo this operation with:
Publisher-owned smoke (python, arm64)	Checkout publisher	2026-10-09T12:41:55.8253752Z 
Publisher-owned smoke (python, arm64)	Checkout publisher	2026-10-09T12:41:55.8254987Z   git switch -
Publisher-owned smoke (python, arm64)	Checkout publisher	2026-10-09T12:41:55.8256128Z 
Publisher-owned smoke (python, arm64)	Checkout publisher	2026-10-09T12:41:55.8257616Z Turn off this advice by setting config variable advice.detachedHead to false
Publisher-owned smoke (python, arm64)	Checkout publisher	2026-10-09T12:41:55.8259039Z 
Publisher-owned smoke (python, arm64)	Checkout publisher	2026-10-09T12:41:55.8260597Z HEAD is now at 7564a9f Merge 8ef5236c571c2c264a5a05696f2fe835a74ede6b into 0903cc12133d35144d33916efcd779db5d2e6e7a
Publisher-owned smoke (python, arm64)	Checkout publisher	2026-10-09T12:41:55.8266110Z ##[endgroup]
Publisher-owned smoke (python, arm64)	Checkout publisher	2026-10-09T12:41:55.8270355Z [command]/usr/bin/git log -1 --format=%H
Publisher-owned smoke (python, arm64)	Checkout publisher	2026-10-09T12:41:55.8300340Z 7564a9fc2221d9019dacdb3f947e62e25df55243
Publisher-owned smoke (python, arm64)	Checkout publisher	2026-10-09T12:41:55.8309030Z ##[group]Removing auth
Publisher-owned smoke (python, arm64)	Checkout publisher	2026-10-09T12:41:55.8311074Z Removing SSH command configuration
Publisher-owned smoke (python, arm64)	Checkout publisher	2026-10-09T12:41:55.8325675Z [command]/usr/bin/git config --local --name-only --get-regexp core\.sshCommand
Publisher-owned smoke (python, arm64)	Checkout publisher	2026-10-09T12:41:55.8331522Z [command]/usr/bin/git submodule foreach --recursive sh -c "git config --local --name-only --get-regexp 'core\.sshCommand' && git config --local --unset-all 'core.sshCommand' || :"
Publisher-owned smoke (python, arm64)	Checkout publisher	2026-10-09T12:41:55.8515638Z Removing HTTP extra header
Publisher-owned smoke (python, arm64)	Checkout publisher	2026-10-09T12:41:55.8517898Z [command]/usr/bin/git config --local --name-only --get-regexp http\.https\:\/\/github\.com\/\.extraheader
Publisher-owned smoke (python, arm64)	Checkout publisher	2026-10-09T12:41:55.8533095Z [command]/usr/bin/git submodule foreach --recursive sh -c "git config --local --name-only --get-regexp 'http\.https\:\/\/github\.com\/\.extraheader' && git config --local --unset-all 'http.https://github.com/.extraheader' || :"
Publisher-owned smoke (python, arm64)	Checkout publisher	2026-10-09T12:41:55.8706556Z Removing includeIf entries pointing to credentials config files
Publisher-owned smoke (python, arm64)	Checkout publisher	2026-10-09T12:41:55.8715478Z [command]/usr/bin/git config --local --name-only --get-regexp ^includeIf\.gitdir:
Publisher-owned smoke (python, arm64)	Checkout publisher	2026-10-09T12:41:55.8742157Z includeif.gitdir:/home/runner/work/project-releaser/project-releaser/publisher/.git.path
Publisher-owned smoke (python, arm64)	Checkout publisher	2026-10-09T12:41:55.8744548Z includeif.gitdir:/home/runner/work/project-releaser/project-releaser/publisher/.git/worktrees/*.path
Publisher-owned smoke (python, arm64)	Checkout publisher	2026-10-09T12:41:55.8749869Z includeif.gitdir:/github/workspace/publisher/.git.path
Publisher-owned smoke (python, arm64)	Checkout publisher	2026-10-09T12:41:55.8751819Z includeif.gitdir:/github/workspace/publisher/.git/worktrees/*.path
Publisher-owned smoke (python, arm64)	Checkout publisher	2026-10-09T12:41:55.8758398Z [command]/usr/bin/git config --local --get-all includeif.gitdir:/home/runner/work/project-releaser/project-releaser/publisher/.git.path
Publisher-owned smoke (python, arm64)	Checkout publisher	2026-10-09T12:41:55.8760376Z /home/runner/work/_temp/git-credentials-662615a3-be25-462a-9013-bbe1d4456944.config
Publisher-owned smoke (python, arm64)	Checkout publisher	2026-10-09T12:41:55.8766478Z [command]/usr/bin/git config --local --unset includeif.gitdir:/home/runner/work/project-releaser/project-releaser/publisher/.git.path /home/runner/work/_temp/git-credentials-662615a3-be25-462a-9013-bbe1d4456944.config
Publisher-owned smoke (python, arm64)	Checkout publisher	2026-10-09T12:41:55.8803945Z [command]/usr/bin/git config --local --get-all includeif.gitdir:/home/runner/work/project-releaser/project-releaser/publisher/.git/worktrees/*.path
Publisher-owned smoke (python, arm64)	Checkout publisher	2026-10-09T12:41:55.8829502Z /home/runner/work/_temp/git-credentials-662615a3-be25-462a-9013-bbe1d4456944.config
Publisher-owned smoke (python, arm64)	Checkout publisher	2026-10-09T12:41:55.8837744Z [command]/usr/bin/git config --local --unset includeif.gitdir:/home/runner/work/project-releaser/project-releaser/publisher/.git/worktrees/*.path /home/runner/work/_temp/git-credentials-662615a3-be25-462a-9013-bbe1d4456944.config
Publisher-owned smoke (python, arm64)	Checkout publisher	2026-10-09T12:41:55.8855993Z [command]/usr/bin/git config --local --get-all includeif.gitdir:/github/workspace/publisher/.git.path
Publisher-owned smoke (python, arm64)	Checkout publisher	2026-10-09T12:41:55.8880819Z /github/runner_temp/git-credentials-662615a3-be25-462a-9013-bbe1d4456944.config
Publisher-owned smoke (python, arm64)	Checkout publisher	2026-10-09T12:41:55.8894954Z [command]/usr/bin/git config --local --unset includeif.gitdir:/github/workspace/publisher/.git.path /github/runner_temp/git-credentials-662615a3-be25-462a-9013-bbe1d4456944.config
Publisher-owned smoke (python, arm64)	Checkout publisher	2026-10-09T12:41:55.8921133Z [command]/usr/bin/git config --local --get-all includeif.gitdir:/github/workspace/publisher/.git/worktrees/*.path
Publisher-owned smoke (python, arm64)	Checkout publisher	2026-10-09T12:41:55.8954193Z /github/runner_temp/git-credentials-662615a3-be25-462a-9013-bbe1d4456944.config
Publisher-owned smoke (python, arm64)	Checkout publisher	2026-10-09T12:41:55.8995678Z [command]/usr/bin/git config --local --unset includeif.gitdir:/github/workspace/publisher/.git/worktrees/*.path /github/runner_temp/git-credentials-662615a3-be25-462a-9013-bbe1d4456944.config
Publisher-owned smoke (python, arm64)	Checkout publisher	2026-10-09T12:41:55.9009003Z [command]/usr/bin/git submodule foreach --recursive git config --local --show-origin --name-only --get-regexp remote.origin.url
Publisher-owned smoke (python, arm64)	Checkout publisher	2026-10-09T12:41:55.9178597Z Removing credentials config '/home/runner/work/_temp/git-credentials-662615a3-be25-462a-9013-bbe1d4456944.config'
Publisher-owned smoke (python, arm64)	Checkout publisher	2026-10-09T12:41:55.9189601Z ##[endgroup]
Publisher-owned smoke (python, arm64)	Checkout immutable worker fixture	﻿2026-10-09T12:41:55.9546824Z ##[group]Run actions/checkout@9c091bb21b7c1c1d1991bb908d89e4e9dddfe3e0
Publisher-owned smoke (python, arm64)	Checkout immutable worker fixture	2026-10-09T12:41:55.9548165Z with:
Publisher-owned smoke (python, arm64)	Checkout immutable worker fixture	2026-10-09T12:41:55.9549161Z   repository: BerriAI/litellm
Publisher-owned smoke (python, arm64)	Checkout immutable worker fixture	2026-10-09T12:41:55.9550117Z   ref: 1454f5c75bdb9c029bc99424a234659a88320577
Publisher-owned smoke (python, arm64)	Checkout immutable worker fixture	2026-10-09T12:41:55.9551128Z   persist-credentials: false
Publisher-owned smoke (python, arm64)	Checkout immutable worker fixture	2026-10-09T12:41:55.9552144Z   path: source
Publisher-owned smoke (python, arm64)	Checkout immutable worker fixture	2026-10-09T12:41:55.9557136Z   token: ***
Publisher-owned smoke (python, arm64)	Checkout immutable worker fixture	2026-10-09T12:41:55.9558087Z   ssh-strict: true
Publisher-owned smoke (python, arm64)	Checkout immutable worker fixture	2026-10-09T12:41:55.9558912Z   ssh-user: git
Publisher-owned smoke (python, arm64)	Checkout immutable worker fixture	2026-10-09T12:41:55.9559659Z   clean: true
Publisher-owned smoke (python, arm64)	Checkout immutable worker fixture	2026-10-09T12:41:55.9560615Z   sparse-checkout-cone-mode: true
Publisher-owned smoke (python, arm64)	Checkout immutable worker fixture	2026-10-09T12:41:55.9561530Z   fetch-depth: 1
Publisher-owned smoke (python, arm64)	Checkout immutable worker fixture	2026-10-09T12:41:55.9562427Z   fetch-tags: false
Publisher-owned smoke (python, arm64)	Checkout immutable worker fixture	2026-10-09T12:41:55.9563272Z   show-progress: true
Publisher-owned smoke (python, arm64)	Checkout immutable worker fixture	2026-10-09T12:41:55.9564056Z   lfs: false
Publisher-owned smoke (python, arm64)	Checkout immutable worker fixture	2026-10-09T12:41:55.9565159Z   submodules: false
Publisher-owned smoke (python, arm64)	Checkout immutable worker fixture	2026-10-09T12:41:55.9566027Z   set-safe-directory: true
Publisher-owned smoke (python, arm64)	Checkout immutable worker fixture	2026-10-09T12:41:55.9567009Z   allow-unsafe-pr-checkout: false
Publisher-owned smoke (python, arm64)	Checkout immutable worker fixture	2026-10-09T12:41:55.9567928Z ##[endgroup]
Publisher-owned smoke (python, arm64)	Checkout immutable worker fixture	2026-10-09T12:41:56.0288888Z Syncing repository: BerriAI/litellm
Publisher-owned smoke (python, arm64)	Checkout immutable worker fixture	2026-10-09T12:41:56.0292550Z ##[group]Getting Git version info
Publisher-owned smoke (python, arm64)	Checkout immutable worker fixture	2026-10-09T12:41:56.0294487Z Working directory is '/home/runner/work/project-releaser/project-releaser/source'
Publisher-owned smoke (python, arm64)	Checkout immutable worker fixture	2026-10-09T12:41:56.0332302Z [command]/usr/bin/git version
Publisher-owned smoke (python, arm64)	Checkout immutable worker fixture	2026-10-09T12:41:56.0373320Z git version 2.55.0
Publisher-owned smoke (python, arm64)	Checkout immutable worker fixture	2026-10-09T12:41:56.0395675Z ##[endgroup]
Publisher-owned smoke (python, arm64)	Checkout immutable worker fixture	2026-10-09T12:41:56.0408335Z Temporarily overriding HOME='/home/runner/work/_temp/41e0e7ef-6263-40db-9d1c-6e18e791b13f' before making global git config changes
Publisher-owned smoke (python, arm64)	Checkout immutable worker fixture	2026-10-09T12:41:56.0410962Z Adding repository directory to the temporary git global config as a safe directory
Publisher-owned smoke (python, arm64)	Checkout immutable worker fixture	2026-10-09T12:41:56.0417457Z [command]/usr/bin/git config --global --add safe.directory /home/runner/work/project-releaser/project-releaser/source
Publisher-owned smoke (python, arm64)	Checkout immutable worker fixture	2026-10-09T12:41:56.0447296Z ##[group]Determining repository object format
Publisher-owned smoke (python, arm64)	Checkout immutable worker fixture	2026-10-09T12:41:56.0449566Z ##[endgroup]
Publisher-owned smoke (python, arm64)	Checkout immutable worker fixture	2026-10-09T12:41:56.0453985Z ##[group]Initializing the repository
Publisher-owned smoke (python, arm64)	Checkout immutable worker fixture	2026-10-09T12:41:56.0456097Z [command]/usr/bin/git init /home/runner/work/project-releaser/project-releaser/source
Publisher-owned smoke (python, arm64)	Checkout immutable worker fixture	2026-10-09T12:41:56.0497002Z hint: Using 'master' as the name for the initial branch. This default branch name
Publisher-owned smoke (python, arm64)	Checkout immutable worker fixture	2026-10-09T12:41:56.0500898Z hint: will change to "main" in Git 3.0. To configure the initial branch name
Publisher-owned smoke (python, arm64)	Checkout immutable worker fixture	2026-10-09T12:41:56.0503390Z hint: to use in all of your new repositories, which will suppress this warning,
Publisher-owned smoke (python, arm64)	Checkout immutable worker fixture	2026-10-09T12:41:56.0505363Z hint: call:
Publisher-owned smoke (python, arm64)	Checkout immutable worker fixture	2026-10-09T12:41:56.0509586Z hint:
Publisher-owned smoke (python, arm64)	Checkout immutable worker fixture	2026-10-09T12:41:56.0511367Z hint: 	git config --global init.defaultBranch <name>
Publisher-owned smoke (python, arm64)	Checkout immutable worker fixture	2026-10-09T12:41:56.0527552Z hint:
Publisher-owned smoke (python, arm64)	Checkout immutable worker fixture	2026-10-09T12:41:56.0539816Z hint: Names commonly chosen instead of 'master' are 'main', 'trunk' and
Publisher-owned smoke (python, arm64)	Checkout immutable worker fixture	2026-10-09T12:41:56.0542002Z hint: 'development'. The just-created branch can be renamed via this command:
Publisher-owned smoke (python, arm64)	Checkout immutable worker fixture	2026-10-09T12:41:56.0543663Z hint:
Publisher-owned smoke (python, arm64)	Checkout immutable worker fixture	2026-10-09T12:41:56.0546520Z hint: 	git branch -m <name>
Publisher-owned smoke (python, arm64)	Checkout immutable worker fixture	2026-10-09T12:41:56.0547452Z hint:
Publisher-owned smoke (python, arm64)	Checkout immutable worker fixture	2026-10-09T12:41:56.0548462Z hint: Disable this message with "git config set advice.defaultBranchName false"
Publisher-owned smoke (python, arm64)	Checkout immutable worker fixture	2026-10-09T12:41:56.0550153Z Initialized empty Git repository in /home/runner/work/project-releaser/project-releaser/source/.git/
Publisher-owned smoke (python, arm64)	Checkout immutable worker fixture	2026-10-09T12:41:56.0552733Z [command]/usr/bin/git remote add origin https://github.com/BerriAI/litellm
Publisher-owned smoke (python, arm64)	Checkout immutable worker fixture	2026-10-09T12:41:56.0576107Z ##[endgroup]
Publisher-owned smoke (python, arm64)	Checkout immutable worker fixture	2026-10-09T12:41:56.0578605Z ##[group]Disabling automatic garbage collection
Publisher-owned smoke (python, arm64)	Checkout immutable worker fixture	2026-10-09T12:41:56.0580480Z [command]/usr/bin/git config --local gc.auto 0
Publisher-owned smoke (python, arm64)	Checkout immutable worker fixture	2026-10-09T12:41:56.0585204Z ##[endgroup]
Publisher-owned smoke (python, arm64)	Checkout immutable worker fixture	2026-10-09T12:41:56.0588149Z ##[group]Setting up auth
Publisher-owned smoke (python, arm64)	Checkout immutable worker fixture	2026-10-09T12:41:56.0589709Z Removing SSH command configuration
Publisher-owned smoke (python, arm64)	Checkout immutable worker fixture	2026-10-09T12:41:56.0592145Z [command]/usr/bin/git config --local --name-only --get-regexp core\.sshCommand
Publisher-owned smoke (python, arm64)	Checkout immutable worker fixture	2026-10-09T12:41:56.0617599Z [command]/usr/bin/git submodule foreach --recursive sh -c "git config --local --name-only --get-regexp 'core\.sshCommand' && git config --local --unset-all 'core.sshCommand' || :"
Publisher-owned smoke (python, arm64)	Checkout immutable worker fixture	2026-10-09T12:41:56.0786391Z Removing HTTP extra header
Publisher-owned smoke (python, arm64)	Checkout immutable worker fixture	2026-10-09T12:41:56.0790661Z [command]/usr/bin/git config --local --name-only --get-regexp http\.https\:\/\/github\.com\/\.extraheader
Publisher-owned smoke (python, arm64)	Checkout immutable worker fixture	2026-10-09T12:41:56.0823026Z [command]/usr/bin/git submodule foreach --recursive sh -c "git config --local --name-only --get-regexp 'http\.https\:\/\/github\.com\/\.extraheader' && git config --local --unset-all 'http.https://github.com/.extraheader' || :"
Publisher-owned smoke (python, arm64)	Checkout immutable worker fixture	2026-10-09T12:41:56.0992938Z Removing includeIf entries pointing to credentials config files
Publisher-owned smoke (python, arm64)	Checkout immutable worker fixture	2026-10-09T12:41:56.0996312Z [command]/usr/bin/git config --local --name-only --get-regexp ^includeIf\.gitdir:
Publisher-owned smoke (python, arm64)	Checkout immutable worker fixture	2026-10-09T12:41:56.1029143Z [command]/usr/bin/git submodule foreach --recursive git config --local --show-origin --name-only --get-regexp remote.origin.url
Publisher-owned smoke (python, arm64)	Checkout immutable worker fixture	2026-10-09T12:41:56.1200879Z [command]/usr/bin/git config --file /home/runner/work/_temp/git-credentials-9fb82e18-d695-4604-a668-8551aea1ee60.config http.https://github.com/.extraheader AUTHORIZATION: basic ***
Publisher-owned smoke (python, arm64)	Checkout immutable worker fixture	2026-10-09T12:41:56.1241634Z [command]/usr/bin/git config --local includeIf.gitdir:/home/runner/work/project-releaser/project-releaser/source/.git.path /home/runner/work/_temp/git-credentials-9fb82e18-d695-4604-a668-8551aea1ee60.config
Publisher-owned smoke (python, arm64)	Checkout immutable worker fixture	2026-10-09T12:41:56.1272134Z [command]/usr/bin/git config --local includeIf.gitdir:/home/runner/work/project-releaser/project-releaser/source/.git/worktrees/*.path /home/runner/work/_temp/git-credentials-9fb82e18-d695-4604-a668-8551aea1ee60.config
Publisher-owned smoke (python, arm64)	Checkout immutable worker fixture	2026-10-09T12:41:56.1303288Z [command]/usr/bin/git config --local includeIf.gitdir:/github/workspace/source/.git.path /github/runner_temp/git-credentials-9fb82e18-d695-4604-a668-8551aea1ee60.config
Publisher-owned smoke (python, arm64)	Checkout immutable worker fixture	2026-10-09T12:41:56.1336824Z [command]/usr/bin/git config --local includeIf.gitdir:/github/workspace/source/.git/worktrees/*.path /github/runner_temp/git-credentials-9fb82e18-d695-4604-a668-8551aea1ee60.config
Publisher-owned smoke (python, arm64)	Checkout immutable worker fixture	2026-10-09T12:41:56.1365682Z ##[endgroup]
Publisher-owned smoke (python, arm64)	Checkout immutable worker fixture	2026-10-09T12:41:56.1368317Z ##[group]Fetching the repository
Publisher-owned smoke (python, arm64)	Checkout immutable worker fixture	2026-10-09T12:41:56.1370602Z [command]/usr/bin/git -c protocol.version=2 fetch --no-tags --prune --no-recurse-submodules --depth=1 origin 1454f5c75bdb9c029bc99424a234659a88320577
Publisher-owned smoke (python, arm64)	Checkout immutable worker fixture	2026-10-09T12:42:03.0301897Z From https://github.com/BerriAI/litellm
Publisher-owned smoke (python, arm64)	Checkout immutable worker fixture	2026-10-09T12:42:03.0315654Z  * branch            1454f5c75bdb9c029bc99424a234659a88320577 -> FETCH_HEAD
Publisher-owned smoke (python, arm64)	Checkout immutable worker fixture	2026-10-09T12:42:03.0326500Z [command]/usr/bin/git rev-parse --verify --quiet 1454f5c75bdb9c029bc99424a234659a88320577^{object}
Publisher-owned smoke (python, arm64)	Checkout immutable worker fixture	2026-10-09T12:42:03.0328860Z 1454f5c75bdb9c029bc99424a234659a88320577
Publisher-owned smoke (python, arm64)	Checkout immutable worker fixture	2026-10-09T12:42:03.0333565Z ##[endgroup]
Publisher-owned smoke (python, arm64)	Checkout immutable worker fixture	2026-10-09T12:42:03.0334333Z ##[group]Determining the checkout info
Publisher-owned smoke (python, arm64)	Checkout immutable worker fixture	2026-10-09T12:42:03.0335650Z ##[endgroup]
Publisher-owned smoke (python, arm64)	Checkout immutable worker fixture	2026-10-09T12:42:03.0338985Z [command]/usr/bin/git sparse-checkout disable
Publisher-owned smoke (python, arm64)	Checkout immutable worker fixture	2026-10-09T12:42:03.0380696Z [command]/usr/bin/git config --local --unset-all extensions.worktreeConfig
Publisher-owned smoke (python, arm64)	Checkout immutable worker fixture	2026-10-09T12:42:03.0408910Z ##[group]Checking out the ref
Publisher-owned smoke (python, arm64)	Checkout immutable worker fixture	2026-10-09T12:42:03.0410638Z [command]/usr/bin/git checkout --progress --force 1454f5c75bdb9c029bc99424a234659a88320577
Publisher-owned smoke (python, arm64)	Checkout immutable worker fixture	2026-10-09T12:42:03.7763212Z Note: switching to '1454f5c75bdb9c029bc99424a234659a88320577'.
Publisher-owned smoke (python, arm64)	Checkout immutable worker fixture	2026-10-09T12:42:03.7785393Z 
Publisher-owned smoke (python, arm64)	Checkout immutable worker fixture	2026-10-09T12:42:03.7786473Z You are in 'detached HEAD' state. You can look around, make experimental
Publisher-owned smoke (python, arm64)	Checkout immutable worker fixture	2026-10-09T12:42:03.7787456Z changes and commit them, and you can discard any commits you make in this
Publisher-owned smoke (python, arm64)	Checkout immutable worker fixture	2026-10-09T12:42:03.7788207Z state without impacting any branches by switching back to a branch.
Publisher-owned smoke (python, arm64)	Checkout immutable worker fixture	2026-10-09T12:42:03.7788765Z 
Publisher-owned smoke (python, arm64)	Checkout immutable worker fixture	2026-10-09T12:42:03.7789163Z If you want to create a new branch to retain commits you create, you may
Publisher-owned smoke (python, arm64)	Checkout immutable worker fixture	2026-10-09T12:42:03.7789808Z do so (now or later) by using -c with the switch command. Example:
Publisher-owned smoke (python, arm64)	Checkout immutable worker fixture	2026-10-09T12:42:03.7790260Z 
Publisher-owned smoke (python, arm64)	Checkout immutable worker fixture	2026-10-09T12:42:03.7790692Z   git switch -c <new-branch-name>
Publisher-owned smoke (python, arm64)	Checkout immutable worker fixture	2026-10-09T12:42:03.7791197Z 
Publisher-owned smoke (python, arm64)	Checkout immutable worker fixture	2026-10-09T12:42:03.7791544Z Or undo this operation with:
Publisher-owned smoke (python, arm64)	Checkout immutable worker fixture	2026-10-09T12:42:03.7791914Z 
Publisher-owned smoke (python, arm64)	Checkout immutable worker fixture	2026-10-09T12:42:03.7792189Z   git switch -
Publisher-owned smoke (python, arm64)	Checkout immutable worker fixture	2026-10-09T12:42:03.7792578Z 
Publisher-owned smoke (python, arm64)	Checkout immutable worker fixture	2026-10-09T12:42:03.7792938Z Turn off this advice by setting config variable advice.detachedHead to false
Publisher-owned smoke (python, arm64)	Checkout immutable worker fixture	2026-10-09T12:42:03.7793399Z 
Publisher-owned smoke (python, arm64)	Checkout immutable worker fixture	2026-10-09T12:42:03.7793790Z HEAD is now at 1454f5c fix(lens): select the dev worker package for SHA-tagged charts
Publisher-owned smoke (python, arm64)	Checkout immutable worker fixture	2026-10-09T12:42:03.7797286Z ##[endgroup]
Publisher-owned smoke (python, arm64)	Checkout immutable worker fixture	2026-10-09T12:42:03.7847017Z [command]/usr/bin/git log -1 --format=%H
Publisher-owned smoke (python, arm64)	Checkout immutable worker fixture	2026-10-09T12:42:03.7890802Z 1454f5c75bdb9c029bc99424a234659a88320577
Publisher-owned smoke (python, arm64)	Checkout immutable worker fixture	2026-10-09T12:42:03.7907266Z ##[group]Removing auth
Publisher-owned smoke (python, arm64)	Checkout immutable worker fixture	2026-10-09T12:42:03.7907811Z Removing SSH command configuration
Publisher-owned smoke (python, arm64)	Checkout immutable worker fixture	2026-10-09T12:42:03.7908501Z [command]/usr/bin/git config --local --name-only --get-regexp core\.sshCommand
Publisher-owned smoke (python, arm64)	Checkout immutable worker fixture	2026-10-09T12:42:03.7936261Z [command]/usr/bin/git submodule foreach --recursive sh -c "git config --local --name-only --get-regexp 'core\.sshCommand' && git config --local --unset-all 'core.sshCommand' || :"
Publisher-owned smoke (python, arm64)	Checkout immutable worker fixture	2026-10-09T12:42:03.8128751Z Removing HTTP extra header
Publisher-owned smoke (python, arm64)	Checkout immutable worker fixture	2026-10-09T12:42:03.8129744Z [command]/usr/bin/git config --local --name-only --get-regexp http\.https\:\/\/github\.com\/\.extraheader
Publisher-owned smoke (python, arm64)	Checkout immutable worker fixture	2026-10-09T12:42:03.8149291Z [command]/usr/bin/git submodule foreach --recursive sh -c "git config --local --name-only --get-regexp 'http\.https\:\/\/github\.com\/\.extraheader' && git config --local --unset-all 'http.https://github.com/.extraheader' || :"
Publisher-owned smoke (python, arm64)	Checkout immutable worker fixture	2026-10-09T12:42:03.8340764Z Removing includeIf entries pointing to credentials config files
Publisher-owned smoke (python, arm64)	Checkout immutable worker fixture	2026-10-09T12:42:03.8341671Z [command]/usr/bin/git config --local --name-only --get-regexp ^includeIf\.gitdir:
Publisher-owned smoke (python, arm64)	Checkout immutable worker fixture	2026-10-09T12:42:03.8353409Z includeif.gitdir:/home/runner/work/project-releaser/project-releaser/source/.git.path
Publisher-owned smoke (python, arm64)	Checkout immutable worker fixture	2026-10-09T12:42:03.8366299Z includeif.gitdir:/home/runner/work/project-releaser/project-releaser/source/.git/worktrees/*.path
Publisher-owned smoke (python, arm64)	Checkout immutable worker fixture	2026-10-09T12:42:03.8367252Z includeif.gitdir:/github/workspace/source/.git.path
Publisher-owned smoke (python, arm64)	Checkout immutable worker fixture	2026-10-09T12:42:03.8367887Z includeif.gitdir:/github/workspace/source/.git/worktrees/*.path
Publisher-owned smoke (python, arm64)	Checkout immutable worker fixture	2026-10-09T12:42:03.8369847Z [command]/usr/bin/git config --local --get-all includeif.gitdir:/home/runner/work/project-releaser/project-releaser/source/.git.path
Publisher-owned smoke (python, arm64)	Checkout immutable worker fixture	2026-10-09T12:42:03.8379409Z /home/runner/work/_temp/git-credentials-9fb82e18-d695-4604-a668-8551aea1ee60.config
Publisher-owned smoke (python, arm64)	Checkout immutable worker fixture	2026-10-09T12:42:03.8389534Z [command]/usr/bin/git config --local --unset includeif.gitdir:/home/runner/work/project-releaser/project-releaser/source/.git.path /home/runner/work/_temp/git-credentials-9fb82e18-d695-4604-a668-8551aea1ee60.config
Publisher-owned smoke (python, arm64)	Checkout immutable worker fixture	2026-10-09T12:42:03.8429322Z [command]/usr/bin/git config --local --get-all includeif.gitdir:/home/runner/work/project-releaser/project-releaser/source/.git/worktrees/*.path
Publisher-owned smoke (python, arm64)	Checkout immutable worker fixture	2026-10-09T12:42:03.8440773Z /home/runner/work/_temp/git-credentials-9fb82e18-d695-4604-a668-8551aea1ee60.config
Publisher-owned smoke (python, arm64)	Checkout immutable worker fixture	2026-10-09T12:42:03.8457587Z [command]/usr/bin/git config --local --unset includeif.gitdir:/home/runner/work/project-releaser/project-releaser/source/.git/worktrees/*.path /home/runner/work/_temp/git-credentials-9fb82e18-d695-4604-a668-8551aea1ee60.config
Publisher-owned smoke (python, arm64)	Checkout immutable worker fixture	2026-10-09T12:42:03.8479449Z [command]/usr/bin/git config --local --get-all includeif.gitdir:/github/workspace/source/.git.path
Publisher-owned smoke (python, arm64)	Checkout immutable worker fixture	2026-10-09T12:42:03.8506126Z /github/runner_temp/git-credentials-9fb82e18-d695-4604-a668-8551aea1ee60.config
Publisher-owned smoke (python, arm64)	Checkout immutable worker fixture	2026-10-09T12:42:03.8517841Z [command]/usr/bin/git config --local --unset includeif.gitdir:/github/workspace/source/.git.path /github/runner_temp/git-credentials-9fb82e18-d695-4604-a668-8551aea1ee60.config
Publisher-owned smoke (python, arm64)	Checkout immutable worker fixture	2026-10-09T12:42:03.8550183Z [command]/usr/bin/git config --local --get-all includeif.gitdir:/github/workspace/source/.git/worktrees/*.path
Publisher-owned smoke (python, arm64)	Checkout immutable worker fixture	2026-10-09T12:42:03.8578517Z /github/runner_temp/git-credentials-9fb82e18-d695-4604-a668-8551aea1ee60.config
Publisher-owned smoke (python, arm64)	Checkout immutable worker fixture	2026-10-09T12:42:03.8586842Z [command]/usr/bin/git config --local --unset includeif.gitdir:/github/workspace/source/.git/worktrees/*.path /github/runner_temp/git-credentials-9fb82e18-d695-4604-a668-8551aea1ee60.config
Publisher-owned smoke (python, arm64)	Checkout immutable worker fixture	2026-10-09T12:42:03.8617041Z [command]/usr/bin/git submodule foreach --recursive git config --local --show-origin --name-only --get-regexp remote.origin.url
Publisher-owned smoke (python, arm64)	Checkout immutable worker fixture	2026-10-09T12:42:03.8793717Z Removing credentials config '/home/runner/work/_temp/git-credentials-9fb82e18-d695-4604-a668-8551aea1ee60.config'
Publisher-owned smoke (python, arm64)	Checkout immutable worker fixture	2026-10-09T12:42:03.8805160Z ##[endgroup]
Publisher-owned smoke (python, arm64)	Install pinned cosign	﻿2026-10-09T12:42:03.9048790Z ##[group]Run sigstore/cosign-installer@3454372f43399081ed03b604cb2d021dabca52bb
Publisher-owned smoke (python, arm64)	Install pinned cosign	2026-10-09T12:42:03.9049361Z with:
Publisher-owned smoke (python, arm64)	Install pinned cosign	2026-10-09T12:42:03.9049617Z   cosign-release: v2.4.3
Publisher-owned smoke (python, arm64)	Install pinned cosign	2026-10-09T12:42:03.9050011Z   install-dir: $HOME/.cosign
Publisher-owned smoke (python, arm64)	Install pinned cosign	2026-10-09T12:42:03.9050299Z   use-sudo: false
Publisher-owned smoke (python, arm64)	Install pinned cosign	2026-10-09T12:42:03.9050601Z ##[endgroup]
Publisher-owned smoke (python, arm64)	Install pinned cosign	2026-10-09T12:42:03.9157668Z ##[start-action display=Run #!/bin/bash;id=__sigstore_cosign-installer.__run]
Publisher-owned smoke (python, arm64)	Install pinned cosign	2026-10-09T12:42:03.9218498Z ##[group]Run #!/bin/bash
Publisher-owned smoke (python, arm64)	Install pinned cosign	2026-10-09T12:42:03.9219593Z ^[[36;1m#!/bin/bash^[[0m
Publisher-owned smoke (python, arm64)	Install pinned cosign	2026-10-09T12:42:03.9220043Z ^[[36;1m# cosign install script^[[0m
Publisher-owned smoke (python, arm64)	Install pinned cosign	2026-10-09T12:42:03.9220355Z ^[[36;1mshopt -s expand_aliases^[[0m
Publisher-owned smoke (python, arm64)	Install pinned cosign	2026-10-09T12:42:03.9220640Z ^[[36;1mif [ -z "$NO_COLOR" ]; then^[[0m
Publisher-owned smoke (python, arm64)	Install pinned cosign	2026-10-09T12:42:03.9221076Z ^[[36;1m  alias log_info="echo -e \"\033[1;32mINFO\033[0m:\""^[[0m
Publisher-owned smoke (python, arm64)	Install pinned cosign	2026-10-09T12:42:03.9221490Z ^[[36;1m  alias log_error="echo -e \"\033[1;31mERROR\033[0m:\""^[[0m
Publisher-owned smoke (python, arm64)	Install pinned cosign	2026-10-09T12:42:03.9221908Z ^[[36;1melse^[[0m
Publisher-owned smoke (python, arm64)	Install pinned cosign	2026-10-09T12:42:03.9222163Z ^[[36;1m  alias log_info="echo \"INFO:\""^[[0m
Publisher-owned smoke (python, arm64)	Install pinned cosign	2026-10-09T12:42:03.9222633Z ^[[36;1m  alias log_error="echo \"ERROR:\""^[[0m
Publisher-owned smoke (python, arm64)	Install pinned cosign	2026-10-09T12:42:03.9222957Z ^[[36;1mfi^[[0m
Publisher-owned smoke (python, arm64)	Install pinned cosign	2026-10-09T12:42:03.9223205Z ^[[36;1mset -e^[[0m
Publisher-owned smoke (python, arm64)	Install pinned cosign	2026-10-09T12:42:03.9223483Z ^[[36;1m^[[0m
Publisher-owned smoke (python, arm64)	Install pinned cosign	2026-10-09T12:42:03.9223709Z ^[[36;1mmkdir -p $HOME/.cosign^[[0m
Publisher-owned smoke (python, arm64)	Install pinned cosign	2026-10-09T12:42:03.9224021Z ^[[36;1m^[[0m
Publisher-owned smoke (python, arm64)	Install pinned cosign	2026-10-09T12:42:03.9224249Z ^[[36;1mif [[ v2.4.3 == "main" ]]; then^[[0m
Publisher-owned smoke (python, arm64)	Install pinned cosign	2026-10-09T12:42:03.9225016Z ^[[36;1m  log_info "installing cosign via 'go install' from its main version"^[[0m
Publisher-owned smoke (python, arm64)	Install pinned cosign	2026-10-09T12:42:03.9225530Z ^[[36;1m  GOBIN=$(go env GOPATH)/bin^[[0m
Publisher-owned smoke (python, arm64)	Install pinned cosign	2026-10-09T12:42:03.9225903Z ^[[36;1m  go install github.com/sigstore/cosign/v2/cmd/cosign@main^[[0m
Publisher-owned smoke (python, arm64)	Install pinned cosign	2026-10-09T12:42:03.9226383Z ^[[36;1m  ln -s $GOBIN/cosign $HOME/.cosign/cosign^[[0m
Publisher-owned smoke (python, arm64)	Install pinned cosign	2026-10-09T12:42:03.9226706Z ^[[36;1m  exit 0^[[0m
Publisher-owned smoke (python, arm64)	Install pinned cosign	2026-10-09T12:42:03.9226949Z ^[[36;1mfi^[[0m
Publisher-owned smoke (python, arm64)	Install pinned cosign	2026-10-09T12:42:03.9227208Z ^[[36;1m^[[0m
Publisher-owned smoke (python, arm64)	Install pinned cosign	2026-10-09T12:42:03.9227418Z ^[[36;1mshaprog() {^[[0m
Publisher-owned smoke (python, arm64)	Install pinned cosign	2026-10-09T12:42:03.9227653Z ^[[36;1m  case Linux in^[[0m
Publisher-owned smoke (python, arm64)	Install pinned cosign	2026-10-09T12:42:03.9227968Z ^[[36;1m    Linux|linux)^[[0m
Publisher-owned smoke (python, arm64)	Install pinned cosign	2026-10-09T12:42:03.9228286Z ^[[36;1m      sha256sum $1 | cut -d' ' -f1^[[0m
Publisher-owned smoke (python, arm64)	Install pinned cosign	2026-10-09T12:42:03.9228912Z ^[[36;1m      ;;^[[0m
Publisher-owned smoke (python, arm64)	Install pinned cosign	2026-10-09T12:42:03.9229156Z ^[[36;1m    macOS|macos)^[[0m
Publisher-owned smoke (python, arm64)	Install pinned cosign	2026-10-09T12:42:03.9229446Z ^[[36;1m      shasum -a256 $1 | cut -d' ' -f1^[[0m
Publisher-owned smoke (python, arm64)	Install pinned cosign	2026-10-09T12:42:03.9229814Z ^[[36;1m      ;;^[[0m
Publisher-owned smoke (python, arm64)	Install pinned cosign	2026-10-09T12:42:03.9230070Z ^[[36;1m    Windows|windows)^[[0m
Publisher-owned smoke (python, arm64)	Install pinned cosign	2026-10-09T12:42:03.9230655Z ^[[36;1m      powershell -command "(Get-FileHash $1 -Algorithm SHA256 | Select-Object -ExpandProperty Hash).ToLower()"^[[0m
Publisher-owned smoke (python, arm64)	Install pinned cosign	2026-10-09T12:42:03.9231198Z ^[[36;1m      ;;^[[0m
Publisher-owned smoke (python, arm64)	Install pinned cosign	2026-10-09T12:42:03.9231417Z ^[[36;1m    *)^[[0m
Publisher-owned smoke (python, arm64)	Install pinned cosign	2026-10-09T12:42:03.9231734Z ^[[36;1m      log_error "unsupported OS Linux"^[[0m
Publisher-owned smoke (python, arm64)	Install pinned cosign	2026-10-09T12:42:03.9232066Z ^[[36;1m      exit 1^[[0m
Publisher-owned smoke (python, arm64)	Install pinned cosign	2026-10-09T12:42:03.9232352Z ^[[36;1m      ;;^[[0m
Publisher-owned smoke (python, arm64)	Install pinned cosign	2026-10-09T12:42:03.9232581Z ^[[36;1m  esac^[[0m
Publisher-owned smoke (python, arm64)	Install pinned cosign	2026-10-09T12:42:03.9232799Z ^[[36;1m}^[[0m
Publisher-owned smoke (python, arm64)	Install pinned cosign	2026-10-09T12:42:03.9233063Z ^[[36;1m^[[0m
Publisher-owned smoke (python, arm64)	Install pinned cosign	2026-10-09T12:42:03.9233317Z ^[[36;1mbootstrap_version='v2.4.3'^[[0m
Publisher-owned smoke (python, arm64)	Install pinned cosign	2026-10-09T12:42:03.9233833Z ^[[36;1mbootstrap_linux_amd64_sha='caaad125acef1cb81d58dcdc454a1e429d09a750d1e9e2b3ed1aed8964454708'^[[0m
Publisher-owned smoke (python, arm64)	Install pinned cosign	2026-10-09T12:42:03.9234917Z ^[[36;1mbootstrap_linux_arm_sha='729d18ef31679dd2d6be1aaffcb122f31edb4ed04dedceb409e8104adf49507a'^[[0m
Publisher-owned smoke (python, arm64)	Install pinned cosign	2026-10-09T12:42:03.9235693Z ^[[36;1mbootstrap_linux_arm64_sha='bd0f9763bca54de88699c3656ade2f39c9a1c7a2916ff35601caf23a79be0629'^[[0m
Publisher-owned smoke (python, arm64)	Install pinned cosign	2026-10-09T12:42:03.9236526Z ^[[36;1mbootstrap_darwin_amd64_sha='98a3bfd691f42c6a5b721880116f89210d8fdff61cc0224cd3ef2f8e55a466fb'^[[0m
Publisher-owned smoke (python, arm64)	Install pinned cosign	2026-10-09T12:42:03.9237309Z ^[[36;1mbootstrap_darwin_arm64_sha='edfc761b27ced77f0f9ca288ff4fac7caa898e1e9db38f4dfdf72160cdf8e638'^[[0m
Publisher-owned smoke (python, arm64)	Install pinned cosign	2026-10-09T12:42:03.9238011Z ^[[36;1mbootstrap_windows_amd64_sha='a2ac24e197111c9430cb2a98f10a641164381afb83df036504868e4ea5720800'^[[0m
Publisher-owned smoke (python, arm64)	Install pinned cosign	2026-10-09T12:42:03.9238589Z ^[[36;1mcosign_executable_name=cosign^[[0m
Publisher-owned smoke (python, arm64)	Install pinned cosign	2026-10-09T12:42:03.9238876Z ^[[36;1m^[[0m
Publisher-owned smoke (python, arm64)	Install pinned cosign	2026-10-09T12:42:03.9239154Z ^[[36;1mtrap "popd >/dev/null" EXIT^[[0m
Publisher-owned smoke (python, arm64)	Install pinned cosign	2026-10-09T12:42:03.9239463Z ^[[36;1m^[[0m
Publisher-owned smoke (python, arm64)	Install pinned cosign	2026-10-09T12:42:03.9239980Z ^[[36;1mpushd $HOME/.cosign > /dev/null^[[0m
Publisher-owned smoke (python, arm64)	Install pinned cosign	2026-10-09T12:42:03.9240379Z ^[[36;1m^[[0m
Publisher-owned smoke (python, arm64)	Install pinned cosign	2026-10-09T12:42:03.9240603Z ^[[36;1mcase Linux in^[[0m
Publisher-owned smoke (python, arm64)	Install pinned cosign	2026-10-09T12:42:03.9240922Z ^[[36;1m  Linux|linux)^[[0m
Publisher-owned smoke (python, arm64)	Install pinned cosign	2026-10-09T12:42:03.9241180Z ^[[36;1m    case ARM64 in^[[0m
Publisher-owned smoke (python, arm64)	Install pinned cosign	2026-10-09T12:42:03.9241432Z ^[[36;1m      X64|amd64)^[[0m
Publisher-owned smoke (python, arm64)	Install pinned cosign	2026-10-09T12:42:03.9242071Z ^[[36;1m        bootstrap_filename='cosign-linux-amd64'^[[0m
Publisher-owned smoke (python, arm64)	Install pinned cosign	2026-10-09T12:42:03.9242461Z ^[[36;1m        bootstrap_sha=${bootstrap_linux_amd64_sha}^[[0m
Publisher-owned smoke (python, arm64)	Install pinned cosign	2026-10-09T12:42:03.9242934Z ^[[36;1m        desired_cosign_filename='cosign-linux-amd64'^[[0m
Publisher-owned smoke (python, arm64)	Install pinned cosign	2026-10-09T12:42:03.9243394Z ^[[36;1m        # v0.6.0 had different filename structures from all other releases^[[0m
Publisher-owned smoke (python, arm64)	Install pinned cosign	2026-10-09T12:42:03.9243809Z ^[[36;1m        if [[ v2.4.3 == 'v0.6.0' ]]; then^[[0m
Publisher-owned smoke (python, arm64)	Install pinned cosign	2026-10-09T12:42:03.9244267Z ^[[36;1m          desired_cosign_filename='cosign_linux_amd64_0.6.0_linux_amd64'^[[0m
Publisher-owned smoke (python, arm64)	Install pinned cosign	2026-10-09T12:42:03.9245020Z ^[[36;1m          desired_cosign_v060_signature='cosign_linux_amd64_0.6.0_linux_amd64.sig'^[[0m
Publisher-owned smoke (python, arm64)	Install pinned cosign	2026-10-09T12:42:03.9245472Z ^[[36;1m        fi^[[0m
Publisher-owned smoke (python, arm64)	Install pinned cosign	2026-10-09T12:42:03.9245775Z ^[[36;1m        ;;^[[0m
Publisher-owned smoke (python, arm64)	Install pinned cosign	2026-10-09T12:42:03.9246007Z ^[[36;1m^[[0m
Publisher-owned smoke (python, arm64)	Install pinned cosign	2026-10-09T12:42:03.9246297Z ^[[36;1m      ARM|arm)^[[0m
Publisher-owned smoke (python, arm64)	Install pinned cosign	2026-10-09T12:42:03.9246592Z ^[[36;1m        bootstrap_filename='cosign-linux-arm'^[[0m
Publisher-owned smoke (python, arm64)	Install pinned cosign	2026-10-09T12:42:03.9246974Z ^[[36;1m        bootstrap_sha=${bootstrap_linux_arm_sha}^[[0m
Publisher-owned smoke (python, arm64)	Install pinned cosign	2026-10-09T12:42:03.9247417Z ^[[36;1m        desired_cosign_filename='cosign-linux-arm'^[[0m
Publisher-owned smoke (python, arm64)	Install pinned cosign	2026-10-09T12:42:03.9247771Z ^[[36;1m        if [[ v2.4.3 == 'v0.6.0' ]]; then^[[0m
Publisher-owned smoke (python, arm64)	Install pinned cosign	2026-10-09T12:42:03.9248183Z ^[[36;1m          log_error "linux-arm build not available at v0.6.0"^[[0m
Publisher-owned smoke (python, arm64)	Install pinned cosign	2026-10-09T12:42:03.9248560Z ^[[36;1m          exit 1^[[0m
Publisher-owned smoke (python, arm64)	Install pinned cosign	2026-10-09T12:42:03.9248827Z ^[[36;1m        fi^[[0m
Publisher-owned smoke (python, arm64)	Install pinned cosign	2026-10-09T12:42:03.9249122Z ^[[36;1m        ;;^[[0m
Publisher-owned smoke (python, arm64)	Install pinned cosign	2026-10-09T12:42:03.9249348Z ^[[36;1m^[[0m
Publisher-owned smoke (python, arm64)	Install pinned cosign	2026-10-09T12:42:03.9249591Z ^[[36;1m      ARM64|arm64)^[[0m
Publisher-owned smoke (python, arm64)	Install pinned cosign	2026-10-09T12:42:03.9249903Z ^[[36;1m        bootstrap_filename='cosign-linux-arm64'^[[0m
Publisher-owned smoke (python, arm64)	Install pinned cosign	2026-10-09T12:42:03.9250325Z ^[[36;1m        bootstrap_sha=${bootstrap_linux_arm64_sha}^[[0m
Publisher-owned smoke (python, arm64)	Install pinned cosign	2026-10-09T12:42:03.9250763Z ^[[36;1m        desired_cosign_filename='cosign-linux-arm64'^[[0m
Publisher-owned smoke (python, arm64)	Install pinned cosign	2026-10-09T12:42:03.9251335Z ^[[36;1m        if [[ v2.4.3 == 'v0.6.0' ]]; then^[[0m
Publisher-owned smoke (python, arm64)	Install pinned cosign	2026-10-09T12:42:03.9251707Z ^[[36;1m          log_error "linux-arm64 build not available at v0.6.0"^[[0m
Publisher-owned smoke (python, arm64)	Install pinned cosign	2026-10-09T12:42:03.9252199Z ^[[36;1m          exit 1^[[0m
Publisher-owned smoke (python, arm64)	Install pinned cosign	2026-10-09T12:42:03.9252448Z ^[[36;1m        fi^[[0m
Publisher-owned smoke (python, arm64)	Install pinned cosign	2026-10-09T12:42:03.9252737Z ^[[36;1m        ;;^[[0m
Publisher-owned smoke (python, arm64)	Install pinned cosign	2026-10-09T12:42:03.9252972Z ^[[36;1m^[[0m
Publisher-owned smoke (python, arm64)	Install pinned cosign	2026-10-09T12:42:03.9253169Z ^[[36;1m      *)^[[0m
Publisher-owned smoke (python, arm64)	Install pinned cosign	2026-10-09T12:42:03.9253513Z ^[[36;1m        log_error "unsupported architecture ARM64"^[[0m
Publisher-owned smoke (python, arm64)	Install pinned cosign	2026-10-09T12:42:03.9253867Z ^[[36;1m        exit 1^[[0m
Publisher-owned smoke (python, arm64)	Install pinned cosign	2026-10-09T12:42:03.9254144Z ^[[36;1m        ;;^[[0m
Publisher-owned smoke (python, arm64)	Install pinned cosign	2026-10-09T12:42:03.9254378Z ^[[36;1m    esac^[[0m
Publisher-owned smoke (python, arm64)	Install pinned cosign	2026-10-09T12:42:03.9254955Z ^[[36;1m    ;;^[[0m
Publisher-owned smoke (python, arm64)	Install pinned cosign	2026-10-09T12:42:03.9255319Z ^[[36;1m^[[0m
Publisher-owned smoke (python, arm64)	Install pinned cosign	2026-10-09T12:42:03.9255533Z ^[[36;1m  macOS|macos)^[[0m
Publisher-owned smoke (python, arm64)	Install pinned cosign	2026-10-09T12:42:03.9255827Z ^[[36;1m    case ARM64 in^[[0m
Publisher-owned smoke (python, arm64)	Install pinned cosign	2026-10-09T12:42:03.9256115Z ^[[36;1m      X64|amd64)^[[0m
Publisher-owned smoke (python, arm64)	Install pinned cosign	2026-10-09T12:42:03.9256450Z ^[[36;1m        bootstrap_filename='cosign-darwin-amd64'^[[0m
Publisher-owned smoke (python, arm64)	Install pinned cosign	2026-10-09T12:42:03.9257006Z ^[[36;1m        bootstrap_sha=${bootstrap_darwin_amd64_sha}^[[0m
Publisher-owned smoke (python, arm64)	Install pinned cosign	2026-10-09T12:42:03.9257408Z ^[[36;1m        desired_cosign_filename='cosign-darwin-amd64'^[[0m
Publisher-owned smoke (python, arm64)	Install pinned cosign	2026-10-09T12:42:03.9257899Z ^[[36;1m        # v0.6.0 had different filename structures from all other releases^[[0m
Publisher-owned smoke (python, arm64)	Install pinned cosign	2026-10-09T12:42:03.9258327Z ^[[36;1m        if [[ v2.4.3 == 'v0.6.0' ]]; then^[[0m
Publisher-owned smoke (python, arm64)	Install pinned cosign	2026-10-09T12:42:03.9258734Z ^[[36;1m          desired_cosign_filename='cosign_darwin_amd64_0.6.0_darwin_amd64'^[[0m
Publisher-owned smoke (python, arm64)	Install pinned cosign	2026-10-09T12:42:03.9259374Z ^[[36;1m          desired_cosign_v060_signature='cosign_darwin_amd64_0.6.0_darwin_amd64.sig'^[[0m
Publisher-owned smoke (python, arm64)	Install pinned cosign	2026-10-09T12:42:03.9259811Z ^[[36;1m        fi^[[0m
Publisher-owned smoke (python, arm64)	Install pinned cosign	2026-10-09T12:42:03.9260072Z ^[[36;1m        ;;^[[0m
Publisher-owned smoke (python, arm64)	Install pinned cosign	2026-10-09T12:42:03.9260306Z ^[[36;1m^[[0m
Publisher-owned smoke (python, arm64)	Install pinned cosign	2026-10-09T12:42:03.9260517Z ^[[36;1m      ARM64|arm64)^[[0m
Publisher-owned smoke (python, arm64)	Install pinned cosign	2026-10-09T12:42:03.9261174Z ^[[36;1m        bootstrap_filename='cosign-darwin-arm64'^[[0m
Publisher-owned smoke (python, arm64)	Install pinned cosign	2026-10-09T12:42:03.9261561Z ^[[36;1m        bootstrap_sha=${bootstrap_darwin_arm64_sha}^[[0m
Publisher-owned smoke (python, arm64)	Install pinned cosign	2026-10-09T12:42:03.9261966Z ^[[36;1m        desired_cosign_filename='cosign-darwin-arm64'^[[0m
Publisher-owned smoke (python, arm64)	Install pinned cosign	2026-10-09T12:42:03.9262498Z ^[[36;1m        # v0.6.0 had different filename structures from all other releases^[[0m
Publisher-owned smoke (python, arm64)	Install pinned cosign	2026-10-09T12:42:03.9262950Z ^[[36;1m        if [[ v2.4.3 == 'v0.6.0' ]]; then^[[0m
Publisher-owned smoke (python, arm64)	Install pinned cosign	2026-10-09T12:42:03.9263441Z ^[[36;1m          desired_cosign_filename='cosign_darwin_arm64_0.6.0_darwin_arm64'^[[0m
Publisher-owned smoke (python, arm64)	Install pinned cosign	2026-10-09T12:42:03.9263988Z ^[[36;1m          desired_cosign_v060_signature='cosign_darwin_arm64_0.6.0_darwin_arm64.sig'^[[0m
Publisher-owned smoke (python, arm64)	Install pinned cosign	2026-10-09T12:42:03.9264409Z ^[[36;1m        fi^[[0m
Publisher-owned smoke (python, arm64)	Install pinned cosign	2026-10-09T12:42:03.9264977Z ^[[36;1m        ;;^[[0m
Publisher-owned smoke (python, arm64)	Install pinned cosign	2026-10-09T12:42:03.9265209Z ^[[36;1m^[[0m
Publisher-owned smoke (python, arm64)	Install pinned cosign	2026-10-09T12:42:03.9265491Z ^[[36;1m      *)^[[0m
Publisher-owned smoke (python, arm64)	Install pinned cosign	2026-10-09T12:42:03.9265801Z ^[[36;1m        log_error "unsupported architecture ARM64"^[[0m
Publisher-owned smoke (python, arm64)	Install pinned cosign	2026-10-09T12:42:03.9266128Z ^[[36;1m        exit 1^[[0m
Publisher-owned smoke (python, arm64)	Install pinned cosign	2026-10-09T12:42:03.9266423Z ^[[36;1m        ;;^[[0m
Publisher-owned smoke (python, arm64)	Install pinned cosign	2026-10-09T12:42:03.9266654Z ^[[36;1m    esac^[[0m
Publisher-owned smoke (python, arm64)	Install pinned cosign	2026-10-09T12:42:03.9266948Z ^[[36;1m    ;;^[[0m
Publisher-owned smoke (python, arm64)	Install pinned cosign	2026-10-09T12:42:03.9267172Z ^[[36;1m^[[0m
Publisher-owned smoke (python, arm64)	Install pinned cosign	2026-10-09T12:42:03.9267386Z ^[[36;1m  Windows|windows)^[[0m
Publisher-owned smoke (python, arm64)	Install pinned cosign	2026-10-09T12:42:03.9267692Z ^[[36;1m    case ARM64 in^[[0m
Publisher-owned smoke (python, arm64)	Install pinned cosign	2026-10-09T12:42:03.9267943Z ^[[36;1m      X64|amd64)^[[0m
Publisher-owned smoke (python, arm64)	Install pinned cosign	2026-10-09T12:42:03.9268340Z ^[[36;1m        bootstrap_filename='cosign-windows-amd64.exe'^[[0m
Publisher-owned smoke (python, arm64)	Install pinned cosign	2026-10-09T12:42:03.9268747Z ^[[36;1m        bootstrap_sha=${bootstrap_windows_amd64_sha}^[[0m
Publisher-owned smoke (python, arm64)	Install pinned cosign	2026-10-09T12:42:03.9269157Z ^[[36;1m        desired_cosign_filename='cosign-windows-amd64.exe'^[[0m
Publisher-owned smoke (python, arm64)	Install pinned cosign	2026-10-09T12:42:03.9269601Z ^[[36;1m        cosign_executable_name=cosign.exe^[[0m
Publisher-owned smoke (python, arm64)	Install pinned cosign	2026-10-09T12:42:03.9270026Z ^[[36;1m        # v0.6.0 had different filename structures from all other releases^[[0m
Publisher-owned smoke (python, arm64)	Install pinned cosign	2026-10-09T12:42:03.9270455Z ^[[36;1m        if [[ v2.4.3 == 'v0.6.0' ]]; then^[[0m
Publisher-owned smoke (python, arm64)	Install pinned cosign	2026-10-09T12:42:03.9270937Z ^[[36;1m          desired_cosign_filename='cosign_windows_amd64_0.6.0_windows_amd64.exe'^[[0m
Publisher-owned smoke (python, arm64)	Install pinned cosign	2026-10-09T12:42:03.9271541Z ^[[36;1m          desired_cosign_v060_signature='cosign_windows_amd64_0.6.0_windows_amd64.exe.sig'^[[0m
Publisher-owned smoke (python, arm64)	Install pinned cosign	2026-10-09T12:42:03.9272392Z ^[[36;1m        fi^[[0m
Publisher-owned smoke (python, arm64)	Install pinned cosign	2026-10-09T12:42:03.9272645Z ^[[36;1m        ;;^[[0m
Publisher-owned smoke (python, arm64)	Install pinned cosign	2026-10-09T12:42:03.9272877Z ^[[36;1m      *)^[[0m
Publisher-owned smoke (python, arm64)	Install pinned cosign	2026-10-09T12:42:03.9273236Z ^[[36;1m        log_error "unsupported architecture ARM64"^[[0m
Publisher-owned smoke (python, arm64)	Install pinned cosign	2026-10-09T12:42:03.9273569Z ^[[36;1m        exit 1^[[0m
Publisher-owned smoke (python, arm64)	Install pinned cosign	2026-10-09T12:42:03.9273859Z ^[[36;1m        ;;^[[0m
Publisher-owned smoke (python, arm64)	Install pinned cosign	2026-10-09T12:42:03.9274115Z ^[[36;1m    esac^[[0m
Publisher-owned smoke (python, arm64)	Install pinned cosign	2026-10-09T12:42:03.9274333Z ^[[36;1m    ;;^[[0m
Publisher-owned smoke (python, arm64)	Install pinned cosign	2026-10-09T12:42:03.9274803Z ^[[36;1m  *)^[[0m
Publisher-owned smoke (python, arm64)	Install pinned cosign	2026-10-09T12:42:03.9275067Z ^[[36;1m    log_error "unsupported os Linux"^[[0m
Publisher-owned smoke (python, arm64)	Install pinned cosign	2026-10-09T12:42:03.9275415Z ^[[36;1m    exit 1^[[0m
Publisher-owned smoke (python, arm64)	Install pinned cosign	2026-10-09T12:42:03.9275672Z ^[[36;1m    ;;^[[0m
Publisher-owned smoke (python, arm64)	Install pinned cosign	2026-10-09T12:42:03.9275890Z ^[[36;1mesac^[[0m
Publisher-owned smoke (python, arm64)	Install pinned cosign	2026-10-09T12:42:03.9276165Z ^[[36;1m^[[0m
Publisher-owned smoke (python, arm64)	Install pinned cosign	2026-10-09T12:42:03.9276373Z ^[[36;1mSUDO=^[[0m
Publisher-owned smoke (python, arm64)	Install pinned cosign	2026-10-09T12:42:03.9276670Z ^[[36;1mif [[ "false" == "true" ]] && command -v sudo >/dev/null; then^[[0m
Publisher-owned smoke (python, arm64)	Install pinned cosign	2026-10-09T12:42:03.9277123Z ^[[36;1m  SUDO=sudo^[[0m
Publisher-owned smoke (python, arm64)	Install pinned cosign	2026-10-09T12:42:03.9277353Z ^[[36;1mfi^[[0m
Publisher-owned smoke (python, arm64)	Install pinned cosign	2026-10-09T12:42:03.9277641Z ^[[36;1m^[[0m
Publisher-owned smoke (python, arm64)	Install pinned cosign	2026-10-09T12:42:03.9277926Z ^[[36;1mexpected_bootstrap_version_digest=${bootstrap_sha}^[[0m
Publisher-owned smoke (python, arm64)	Install pinned cosign	2026-10-09T12:42:03.9278863Z ^[[36;1mlog_info "Downloading bootstrap version '${bootstrap_version}' of cosign to verify version to be installed...\n      https://github.com/sigstore/cosign/releases/download/${bootstrap_version}/${bootstrap_filename}"^[[0m
Publisher-owned smoke (python, arm64)	Install pinned cosign	2026-10-09T12:42:03.9280188Z ^[[36;1m$SUDO curl -fsL https://github.com/sigstore/cosign/releases/download/${bootstrap_version}/${bootstrap_filename} -o ${cosign_executable_name}^[[0m
Publisher-owned smoke (python, arm64)	Install pinned cosign	2026-10-09T12:42:03.9280908Z ^[[36;1mshaBootstrap=$(shaprog ${cosign_executable_name});^[[0m
Publisher-owned smoke (python, arm64)	Install pinned cosign	2026-10-09T12:42:03.9281436Z ^[[36;1mif [[ $shaBootstrap != ${expected_bootstrap_version_digest} ]]; then^[[0m
Publisher-owned smoke (python, arm64)	Install pinned cosign	2026-10-09T12:42:03.9281908Z ^[[36;1m  log_error "Unable to validate cosign version: 'v2.4.3'"^[[0m
Publisher-owned smoke (python, arm64)	Install pinned cosign	2026-10-09T12:42:03.9282260Z ^[[36;1m  exit 1^[[0m
Publisher-owned smoke (python, arm64)	Install pinned cosign	2026-10-09T12:42:03.9282756Z ^[[36;1mfi^[[0m
Publisher-owned smoke (python, arm64)	Install pinned cosign	2026-10-09T12:42:03.9283014Z ^[[36;1m$SUDO chmod +x ${cosign_executable_name}^[[0m
Publisher-owned smoke (python, arm64)	Install pinned cosign	2026-10-09T12:42:03.9283389Z ^[[36;1m^[[0m
Publisher-owned smoke (python, arm64)	Install pinned cosign	2026-10-09T12:42:03.9283753Z ^[[36;1m# If the bootstrap and specified `cosign` releases are the same, we're done.^[[0m
Publisher-owned smoke (python, arm64)	Install pinned cosign	2026-10-09T12:42:03.9284229Z ^[[36;1mif [[ v2.4.3 == ${bootstrap_version} ]]; then^[[0m
Publisher-owned smoke (python, arm64)	Install pinned cosign	2026-10-09T12:42:03.9285073Z ^[[36;1m  log_info "bootstrap version successfully verified and matches requested version so nothing else to do"^[[0m
Publisher-owned smoke (python, arm64)	Install pinned cosign	2026-10-09T12:42:03.9285603Z ^[[36;1m  exit 0^[[0m
Publisher-owned smoke (python, arm64)	Install pinned cosign	2026-10-09T12:42:03.9285887Z ^[[36;1mfi^[[0m
Publisher-owned smoke (python, arm64)	Install pinned cosign	2026-10-09T12:42:03.9286102Z ^[[36;1m^[[0m
Publisher-owned smoke (python, arm64)	Install pinned cosign	2026-10-09T12:42:03.9286373Z ^[[36;1msemver='^v([0-9]+\.){0,2}(\*|[0-9]+)(-?r?c?)(\.[0-9]+)$'^[[0m
Publisher-owned smoke (python, arm64)	Install pinned cosign	2026-10-09T12:42:03.9286862Z ^[[36;1mif [[ v2.4.3 =~ $semver ]]; then^[[0m
Publisher-owned smoke (python, arm64)	Install pinned cosign	2026-10-09T12:42:03.9287210Z ^[[36;1m  log_info "Custom cosign version 'v2.4.3' requested"^[[0m
Publisher-owned smoke (python, arm64)	Install pinned cosign	2026-10-09T12:42:03.9287542Z ^[[36;1melse^[[0m
Publisher-owned smoke (python, arm64)	Install pinned cosign	2026-10-09T12:42:03.9287986Z ^[[36;1m  log_error "Unable to validate requested cosign version: 'v2.4.3'"^[[0m
Publisher-owned smoke (python, arm64)	Install pinned cosign	2026-10-09T12:42:03.9288398Z ^[[36;1m  exit 1^[[0m
Publisher-owned smoke (python, arm64)	Install pinned cosign	2026-10-09T12:42:03.9288700Z ^[[36;1mfi^[[0m
Publisher-owned smoke (python, arm64)	Install pinned cosign	2026-10-09T12:42:03.9288921Z ^[[36;1m^[[0m
Publisher-owned smoke (python, arm64)	Install pinned cosign	2026-10-09T12:42:03.9289134Z ^[[36;1m# Download custom cosign^[[0m
Publisher-owned smoke (python, arm64)	Install pinned cosign	2026-10-09T12:42:03.9289981Z ^[[36;1mlog_info "Downloading platform-specific version 'v2.4.3' of cosign...\n      https://github.com/sigstore/cosign/releases/download/v2.4.3/${desired_cosign_filename}"^[[0m
Publisher-owned smoke (python, arm64)	Install pinned cosign	2026-10-09T12:42:03.9290983Z ^[[36;1m$SUDO curl -fsL https://github.com/sigstore/cosign/releases/download/v2.4.3/${desired_cosign_filename} -o cosign_v2.4.3^[[0m
Publisher-owned smoke (python, arm64)	Install pinned cosign	2026-10-09T12:42:03.9291675Z ^[[36;1mshaCustom=$(shaprog cosign_v2.4.3);^[[0m
Publisher-owned smoke (python, arm64)	Install pinned cosign	2026-10-09T12:42:03.9291975Z ^[[36;1m^[[0m
Publisher-owned smoke (python, arm64)	Install pinned cosign	2026-10-09T12:42:03.9292214Z ^[[36;1m# same hash means it is the same release^[[0m
Publisher-owned smoke (python, arm64)	Install pinned cosign	2026-10-09T12:42:03.9292623Z ^[[36;1mif [[ $shaCustom != $shaBootstrap ]]; then^[[0m
Publisher-owned smoke (python, arm64)	Install pinned cosign	2026-10-09T12:42:03.9292991Z ^[[36;1m  if [[ v2.4.3 == 'v0.6.0' && Linux == 'Linux' ]]; then^[[0m
Publisher-owned smoke (python, arm64)	Install pinned cosign	2026-10-09T12:42:03.9293469Z ^[[36;1m    # v0.6.0's linux release has a dependency on `libpcsclite1`^[[0m
Publisher-owned smoke (python, arm64)	Install pinned cosign	2026-10-09T12:42:03.9293950Z ^[[36;1m    log_info "Installing libpcsclite1 package if necessary..."^[[0m
Publisher-owned smoke (python, arm64)	Install pinned cosign	2026-10-09T12:42:03.9294537Z ^[[36;1m    set +e^[[0m
Publisher-owned smoke (python, arm64)	Install pinned cosign	2026-10-09T12:42:03.9295089Z ^[[36;1m    sudo dpkg -s libpcsclite1^[[0m
Publisher-owned smoke (python, arm64)	Install pinned cosign	2026-10-09T12:42:03.9295418Z ^[[36;1m    if [ $? -eq 0 ]; then^[[0m
Publisher-owned smoke (python, arm64)	Install pinned cosign	2026-10-09T12:42:03.9295808Z ^[[36;1m        log_info "libpcsclite1 package is already installed"^[[0m
Publisher-owned smoke (python, arm64)	Install pinned cosign	2026-10-09T12:42:03.9296181Z ^[[36;1m    else^[[0m
Publisher-owned smoke (python, arm64)	Install pinned cosign	2026-10-09T12:42:03.9296532Z ^[[36;1m         log_info "libpcsclite1 package is not installed, installing it now."^[[0m
Publisher-owned smoke (python, arm64)	Install pinned cosign	2026-10-09T12:42:03.9297031Z ^[[36;1m         sudo apt-get update -q -q^[[0m
Publisher-owned smoke (python, arm64)	Install pinned cosign	2026-10-09T12:42:03.9297397Z ^[[36;1m         sudo apt-get install -yq libpcsclite1^[[0m
Publisher-owned smoke (python, arm64)	Install pinned cosign	2026-10-09T12:42:03.9297774Z ^[[36;1m    fi^[[0m
Publisher-owned smoke (python, arm64)	Install pinned cosign	2026-10-09T12:42:03.9298047Z ^[[36;1m    set -e^[[0m
Publisher-owned smoke (python, arm64)	Install pinned cosign	2026-10-09T12:42:03.9298277Z ^[[36;1m  fi^[[0m
Publisher-owned smoke (python, arm64)	Install pinned cosign	2026-10-09T12:42:03.9298543Z ^[[36;1m^[[0m
Publisher-owned smoke (python, arm64)	Install pinned cosign	2026-10-09T12:42:03.9298796Z ^[[36;1m  if [[ v2.4.3 == 'v0.6.0' ]]; then^[[0m
Publisher-owned smoke (python, arm64)	Install pinned cosign	2026-10-09T12:42:03.9299595Z ^[[36;1m    log_info "Downloading detached signature for platform-specific 'v2.4.3' of cosign...\n      https://github.com/sigstore/cosign/releases/download/v2.4.3/${desired_cosign_v060_signature}"^[[0m
Publisher-owned smoke (python, arm64)	Install pinned cosign	2026-10-09T12:42:03.9300803Z ^[[36;1m    $SUDO curl -fsL https://github.com/sigstore/cosign/releases/download/v2.4.3/${desired_cosign_v060_signature} -o ${desired_cosign_filename}.sig^[[0m
Publisher-owned smoke (python, arm64)	Install pinned cosign	2026-10-09T12:42:03.9301463Z ^[[36;1m  else^[[0m
Publisher-owned smoke (python, arm64)	Install pinned cosign	2026-10-09T12:42:03.9302235Z ^[[36;1m    log_info "Downloading detached signature for platform-specific 'v2.4.3' of cosign...\n      https://github.com/sigstore/cosign/releases/download/v2.4.3/${desired_cosign_filename}.sig"^[[0m
Publisher-owned smoke (python, arm64)	Install pinned cosign	2026-10-09T12:42:03.9303290Z ^[[36;1m    $SUDO curl -fsLO https://github.com/sigstore/cosign/releases/download/v2.4.3/${desired_cosign_filename}.sig^[[0m
Publisher-owned smoke (python, arm64)	Install pinned cosign	2026-10-09T12:42:03.9303826Z ^[[36;1m  fi^[[0m
Publisher-owned smoke (python, arm64)	Install pinned cosign	2026-10-09T12:42:03.9304094Z ^[[36;1m^[[0m
Publisher-owned smoke (python, arm64)	Install pinned cosign	2026-10-09T12:42:03.9304326Z ^[[36;1m  if [[ v2.4.3 < 'v0.6.0' ]]; then^[[0m
Publisher-owned smoke (python, arm64)	Install pinned cosign	2026-10-09T12:42:03.9305651Z ^[[36;1m    log_info "Downloading cosign public key 'v2.4.3' of cosign...\n    https://raw.githubusercontent.com/sigstore/cosign/v2.4.3/.github/workflows/cosign.pub"^[[0m
Publisher-owned smoke (python, arm64)	Install pinned cosign	2026-10-09T12:42:03.9306698Z ^[[36;1m    RELEASE_COSIGN_PUB_KEY=https://raw.githubusercontent.com/sigstore/cosign/v2.4.3/.github/workflows/cosign.pub^[[0m
Publisher-owned smoke (python, arm64)	Install pinned cosign	2026-10-09T12:42:03.9307456Z ^[[36;1m    RELEASE_COSIGN_PUB_KEY_SHA='4aa4bd19530a4929d758a9896255aef2c82f1a3a9f4b000034c6df4307c14f9e'^[[0m
Publisher-owned smoke (python, arm64)	Install pinned cosign	2026-10-09T12:42:03.9308005Z ^[[36;1m  else^[[0m
Publisher-owned smoke (python, arm64)	Install pinned cosign	2026-10-09T12:42:03.9308619Z ^[[36;1m    log_info "Downloading cosign public key 'v2.4.3' of cosign...\n    https://raw.githubusercontent.com/sigstore/cosign/v2.4.3/release/release-cosign.pub"^[[0m
Publisher-owned smoke (python, arm64)	Install pinned cosign	2026-10-09T12:42:03.9309608Z ^[[36;1m    RELEASE_COSIGN_PUB_KEY=https://raw.githubusercontent.com/sigstore/cosign/v2.4.3/release/release-cosign.pub^[[0m
Publisher-owned smoke (python, arm64)	Install pinned cosign	2026-10-09T12:42:03.9310424Z ^[[36;1m    RELEASE_COSIGN_PUB_KEY_SHA='f4cea466e5e887a45da5031757fa1d32655d83420639dc1758749b744179f126'^[[0m
Publisher-owned smoke (python, arm64)	Install pinned cosign	2026-10-09T12:42:03.9310917Z ^[[36;1m  fi^[[0m
Publisher-owned smoke (python, arm64)	Install pinned cosign	2026-10-09T12:42:03.9311190Z ^[[36;1m^[[0m
Publisher-owned smoke (python, arm64)	Install pinned cosign	2026-10-09T12:42:03.9311488Z ^[[36;1m  log_info "Verifying public key matches expected value"^[[0m
Publisher-owned smoke (python, arm64)	Install pinned cosign	2026-10-09T12:42:03.9312057Z ^[[36;1m  $SUDO curl -fsL $RELEASE_COSIGN_PUB_KEY -o public.key^[[0m
Publisher-owned smoke (python, arm64)	Install pinned cosign	2026-10-09T12:42:03.9312477Z ^[[36;1m  sha_fetched_key=$(shaprog public.key)^[[0m
Publisher-owned smoke (python, arm64)	Install pinned cosign	2026-10-09T12:42:03.9312872Z ^[[36;1m  if [[ $sha_fetched_key != $RELEASE_COSIGN_PUB_KEY_SHA ]]; then^[[0m
Publisher-owned smoke (python, arm64)	Install pinned cosign	2026-10-09T12:42:03.9313429Z ^[[36;1m    log_error "Fetched public key does not match expected digest, exiting"^[[0m
Publisher-owned smoke (python, arm64)	Install pinned cosign	2026-10-09T12:42:03.9313842Z ^[[36;1m    exit 1^[[0m
Publisher-owned smoke (python, arm64)	Install pinned cosign	2026-10-09T12:42:03.9314131Z ^[[36;1m  fi^[[0m
Publisher-owned smoke (python, arm64)	Install pinned cosign	2026-10-09T12:42:03.9314351Z ^[[36;1m^[[0m
Publisher-owned smoke (python, arm64)	Install pinned cosign	2026-10-09T12:42:03.9314901Z ^[[36;1m  log_info "Using bootstrap cosign to verify signature of desired cosign version"^[[0m
Publisher-owned smoke (python, arm64)	Install pinned cosign	2026-10-09T12:42:03.9315633Z ^[[36;1m  ./cosign verify-blob --key public.key --signature ${desired_cosign_filename}.sig cosign_v2.4.3^[[0m
Publisher-owned smoke (python, arm64)	Install pinned cosign	2026-10-09T12:42:03.9316128Z ^[[36;1m^[[0m
Publisher-owned smoke (python, arm64)	Install pinned cosign	2026-10-09T12:42:03.9316347Z ^[[36;1m  $SUDO rm cosign^[[0m
Publisher-owned smoke (python, arm64)	Install pinned cosign	2026-10-09T12:42:03.9316748Z ^[[36;1m  $SUDO mv cosign_v2.4.3 ${cosign_executable_name}^[[0m
Publisher-owned smoke (python, arm64)	Install pinned cosign	2026-10-09T12:42:03.9317329Z ^[[36;1m  $SUDO chmod +x ${cosign_executable_name}^[[0m
Publisher-owned smoke (python, arm64)	Install pinned cosign	2026-10-09T12:42:03.9317785Z ^[[36;1m  log_info "Installation complete!"^[[0m
Publisher-owned smoke (python, arm64)	Install pinned cosign	2026-10-09T12:42:03.9318126Z ^[[36;1mfi^[[0m
Publisher-owned smoke (python, arm64)	Install pinned cosign	2026-10-09T12:42:03.9447305Z shell: /usr/bin/bash --noprofile --norc -e -o pipefail {0}
Publisher-owned smoke (python, arm64)	Install pinned cosign	2026-10-09T12:42:03.9447781Z ##[endgroup]
Publisher-owned smoke (python, arm64)	Install pinned cosign	2026-10-09T12:42:03.9562381Z ^[[1;32mINFO^[[0m: Downloading bootstrap version 'v2.4.3' of cosign to verify version to be installed...
Publisher-owned smoke (python, arm64)	Install pinned cosign	2026-10-09T12:42:03.9563345Z       https://github.com/sigstore/cosign/releases/download/v2.4.3/cosign-linux-arm64
Publisher-owned smoke (python, arm64)	Install pinned cosign	2026-10-09T12:42:04.8186576Z ^[[1;32mINFO^[[0m: bootstrap version successfully verified and matches requested version so nothing else to do
Publisher-owned smoke (python, arm64)	Install pinned cosign	2026-10-09T12:42:04.8207703Z ##[end-action id=__sigstore_cosign-installer.__run;outcome=success;conclusion=success;duration_ms=904]
Publisher-owned smoke (python, arm64)	Install pinned cosign	2026-10-09T12:42:04.8214271Z ##[start-action display=Run echo "$HOME/.cosign" >> $GITHUB_PATH;id=__sigstore_cosign-installer.__run_2]
Publisher-owned smoke (python, arm64)	Install pinned cosign	2026-10-09T12:42:04.8268667Z ##[group]Run echo "$HOME/.cosign" >> $GITHUB_PATH
Publisher-owned smoke (python, arm64)	Install pinned cosign	2026-10-09T12:42:04.8269079Z ^[[36;1mecho "$HOME/.cosign" >> $GITHUB_PATH^[[0m
Publisher-owned smoke (python, arm64)	Install pinned cosign	2026-10-09T12:42:04.8305647Z shell: /usr/bin/bash --noprofile --norc -e -o pipefail {0}
Publisher-owned smoke (python, arm64)	Install pinned cosign	2026-10-09T12:42:04.8306190Z ##[endgroup]
Publisher-owned smoke (python, arm64)	Install pinned cosign	2026-10-09T12:42:04.8371132Z ##[end-action id=__sigstore_cosign-installer.__run_2;outcome=success;conclusion=success;duration_ms=15]
Publisher-owned smoke (python, arm64)	Install pinned cosign	2026-10-09T12:42:04.8375931Z ##[start-action display=Run echo "$HOME/.cosign" | Out-File -FilePath $env:GITHUB_PATH -Encoding utf8 -Append;id=__sigstore_cosign-installer.__run_3]
Publisher-owned smoke (python, arm64)	Install pinned cosign	2026-10-09T12:42:04.8383083Z ##[end-action id=__sigstore_cosign-installer.__run_3;outcome=skipped;conclusion=skipped;duration_ms=0]
Publisher-owned smoke (python, arm64)	Build local worker without publishing	﻿2026-10-09T12:42:04.8429797Z ##[group]Run docker build --build-arg LITELLM_RELEASE_TAG=v0.0.0-lens-ci -f deploy/lens/Dockerfile -t lens-runtime-fixture .
Publisher-owned smoke (python, arm64)	Build local worker without publishing	2026-10-09T12:42:04.8430738Z ^[[36;1mdocker build --build-arg LITELLM_RELEASE_TAG=v0.0.0-lens-ci -f deploy/lens/Dockerfile -t lens-runtime-fixture .^[[0m
Publisher-owned smoke (python, arm64)	Build local worker without publishing	2026-10-09T12:42:04.8465044Z shell: /usr/bin/bash -e {0}
Publisher-owned smoke (python, arm64)	Build local worker without publishing	2026-10-09T12:42:04.8465376Z ##[endgroup]
Publisher-owned smoke (python, arm64)	Build local worker without publishing	2026-10-09T12:42:05.6879478Z #0 building with "default" instance using docker driver
Publisher-owned smoke (python, arm64)	Build local worker without publishing	2026-10-09T12:42:05.6879904Z 
Publisher-owned smoke (python, arm64)	Build local worker without publishing	2026-10-09T12:42:05.6880292Z #1 [internal] load build definition from Dockerfile
Publisher-owned smoke (python, arm64)	Build local worker without publishing	2026-10-09T12:42:05.6884158Z #1 transferring dockerfile: 1.89kB 0.0s done
Publisher-owned smoke (python, arm64)	Build local worker without publishing	2026-10-09T12:42:05.6884557Z #1 DONE 0.0s
Publisher-owned smoke (python, arm64)	Build local worker without publishing	2026-10-09T12:42:05.6885234Z 
Publisher-owned smoke (python, arm64)	Build local worker without publishing	2026-10-09T12:42:05.6885912Z #2 [internal] load metadata for ghcr.io/astral-sh/uv:0.11.7@sha256:240fb85ab0f263ef12f492d8476aa3a2e4e1e333f7d67fbdd923d00a506a516a
Publisher-owned smoke (python, arm64)	Build local worker without publishing	2026-10-09T12:42:06.1038549Z #2 DONE 0.6s
Publisher-owned smoke (python, arm64)	Build local worker without publishing	2026-10-09T12:42:06.1039286Z 
Publisher-owned smoke (python, arm64)	Build local worker without publishing	2026-10-09T12:42:06.1041110Z #3 [internal] load metadata for cgr.dev/chainguard/wolfi-base@sha256:1d95114038f76513a9ace6fca107d5582b08c65981f81f61cb56bf7fd2ef216d
Publisher-owned smoke (python, arm64)	Build local worker without publishing	2026-10-09T12:42:06.2090601Z #3 DONE 0.7s
Publisher-owned smoke (python, arm64)	Build local worker without publishing	2026-10-09T12:42:06.3315001Z 
Publisher-owned smoke (python, arm64)	Build local worker without publishing	2026-10-09T12:42:06.3315799Z #4 [internal] load build context
Publisher-owned smoke (python, arm64)	Build local worker without publishing	2026-10-09T12:42:06.3316505Z #4 transferring context: 85.32kB done
Publisher-owned smoke (python, arm64)	Build local worker without publishing	2026-10-09T12:42:06.3317188Z #4 DONE 0.0s
Publisher-owned smoke (python, arm64)	Build local worker without publishing	2026-10-09T12:42:06.3317308Z 
Publisher-owned smoke (python, arm64)	Build local worker without publishing	2026-10-09T12:42:06.3317734Z #5 [builder 1/6] FROM cgr.dev/chainguard/wolfi-base@sha256:1d95114038f76513a9ace6fca107d5582b08c65981f81f61cb56bf7fd2ef216d
Publisher-owned smoke (python, arm64)	Build local worker without publishing	2026-10-09T12:42:06.3318658Z #5 resolve cgr.dev/chainguard/wolfi-base@sha256:1d95114038f76513a9ace6fca107d5582b08c65981f81f61cb56bf7fd2ef216d 0.0s done
Publisher-owned smoke (python, arm64)	Build local worker without publishing	2026-10-09T12:42:06.3319459Z #5 sha256:44eb6a4c017a8fa06623109ffbc2293257995d3ccf50377283a3e0e0fbfc30db 2.86kB / 2.86kB done
Publisher-owned smoke (python, arm64)	Build local worker without publishing	2026-10-09T12:42:06.3320080Z #5 sha256:48e40e3adc96c260e355ec5255b9330f7cc4e9923b2177881aef694ef967853d 0B / 2.66MB 0.1s
Publisher-owned smoke (python, arm64)	Build local worker without publishing	2026-10-09T12:42:06.3320749Z #5 sha256:538c7e5ed418e0104ed15ba918956eccc830800660efb33218ec31e399f8e761 0B / 2.50MB 0.1s
Publisher-owned smoke (python, arm64)	Build local worker without publishing	2026-10-09T12:42:06.3321414Z #5 sha256:1d95114038f76513a9ace6fca107d5582b08c65981f81f61cb56bf7fd2ef216d 1.14kB / 1.14kB done
Publisher-owned smoke (python, arm64)	Build local worker without publishing	2026-10-09T12:42:06.3322122Z #5 sha256:29c5c9258c8e88ada504d23ec15963a3d70efe582de484a7814ad63db4431acf 2.50kB / 2.50kB done
Publisher-owned smoke (python, arm64)	Build local worker without publishing	2026-10-09T12:42:06.3323070Z #5 sha256:ac5779d72c0938f1cb3ee53a68135af2cbf78099632c31a6ab28484f0adcd315 0B / 426.81kB 0.1s
Publisher-owned smoke (python, arm64)	Build local worker without publishing	2026-10-09T12:42:06.5473643Z #5 sha256:48e40e3adc96c260e355ec5255b9330f7cc4e9923b2177881aef694ef967853d 2.66MB / 2.66MB 0.3s done
Publisher-owned smoke (python, arm64)	Build local worker without publishing	2026-10-09T12:42:06.5475824Z #5 sha256:ac5779d72c0938f1cb3ee53a68135af2cbf78099632c31a6ab28484f0adcd315 426.81kB / 426.81kB 0.3s done
Publisher-owned smoke (python, arm64)	Build local worker without publishing	2026-10-09T12:42:06.5476628Z #5 extracting sha256:48e40e3adc96c260e355ec5255b9330f7cc4e9923b2177881aef694ef967853d 0.0s done
Publisher-owned smoke (python, arm64)	Build local worker without publishing	2026-10-09T12:42:06.5477613Z #5 sha256:0f5c1acc319ba5423c773004bc887959733967b41f2d1b02020e636e2094223f 0B / 171.11kB 0.3s
Publisher-owned smoke (python, arm64)	Build local worker without publishing	2026-10-09T12:42:06.5478283Z #5 sha256:35d4108703105088a046ada0ba0ba6593be2a40a8ab9445631deec27df914461 0B / 120.95kB 0.3s
Publisher-owned smoke (python, arm64)	Build local worker without publishing	2026-10-09T12:42:06.7311776Z #5 sha256:538c7e5ed418e0104ed15ba918956eccc830800660efb33218ec31e399f8e761 1.05MB / 2.50MB 0.5s
Publisher-owned smoke (python, arm64)	Build local worker without publishing	2026-10-09T12:42:06.7312750Z #5 sha256:0f5c1acc319ba5423c773004bc887959733967b41f2d1b02020e636e2094223f 171.11kB / 171.11kB 0.5s done
Publisher-owned smoke (python, arm64)	Build local worker without publishing	2026-10-09T12:42:06.7313863Z #5 sha256:35d4108703105088a046ada0ba0ba6593be2a40a8ab9445631deec27df914461 120.95kB / 120.95kB 0.5s done
Publisher-owned smoke (python, arm64)	Build local worker without publishing	2026-10-09T12:42:06.7316909Z #5 sha256:0a153062968a79c64b469dd36a2e14fe4165db15c60498537d5598b329469667 0B / 95.98kB 0.5s
Publisher-owned smoke (python, arm64)	Build local worker without publishing	2026-10-09T12:42:06.7317709Z #5 sha256:f8b42eb065a4c02eb481a87e0684c73c74d7a54434a14d5b5198ca7edaae260c 0B / 108.11kB 0.5s
Publisher-owned smoke (python, arm64)	Build local worker without publishing	2026-10-09T12:42:06.8317236Z #5 sha256:538c7e5ed418e0104ed15ba918956eccc830800660efb33218ec31e399f8e761 2.50MB / 2.50MB 0.6s
Publisher-owned smoke (python, arm64)	Build local worker without publishing	2026-10-09T12:42:07.0316480Z #5 sha256:538c7e5ed418e0104ed15ba918956eccc830800660efb33218ec31e399f8e761 2.50MB / 2.50MB 0.6s done
Publisher-owned smoke (python, arm64)	Build local worker without publishing	2026-10-09T12:42:07.0317663Z #5 sha256:0a153062968a79c64b469dd36a2e14fe4165db15c60498537d5598b329469667 95.98kB / 95.98kB 0.8s
Publisher-owned smoke (python, arm64)	Build local worker without publishing	2026-10-09T12:42:07.0320330Z #5 sha256:f8b42eb065a4c02eb481a87e0684c73c74d7a54434a14d5b5198ca7edaae260c 108.11kB / 108.11kB 0.8s
Publisher-owned smoke (python, arm64)	Build local worker without publishing	2026-10-09T12:42:07.0325150Z #5 extracting sha256:538c7e5ed418e0104ed15ba918956eccc830800660efb33218ec31e399f8e761 0.0s done
Publisher-owned smoke (python, arm64)	Build local worker without publishing	2026-10-09T12:42:07.0326460Z #5 sha256:5d31da5b55952d023f34bf449eccb28f898540e397bbf662c7447879fa420f80 0B / 76.82kB 0.8s
Publisher-owned smoke (python, arm64)	Build local worker without publishing	2026-10-09T12:42:07.4312185Z #5 sha256:0a153062968a79c64b469dd36a2e14fe4165db15c60498537d5598b329469667 95.98kB / 95.98kB 1.0s done
Publisher-owned smoke (python, arm64)	Build local worker without publishing	2026-10-09T12:42:07.4312995Z #5 sha256:5d31da5b55952d023f34bf449eccb28f898540e397bbf662c7447879fa420f80 76.82kB / 76.82kB 1.2s
Publisher-owned smoke (python, arm64)	Build local worker without publishing	2026-10-09T12:42:07.8313585Z #5 sha256:f8b42eb065a4c02eb481a87e0684c73c74d7a54434a14d5b5198ca7edaae260c 108.11kB / 108.11kB 1.5s done
Publisher-owned smoke (python, arm64)	Build local worker without publishing	2026-10-09T12:42:07.8314394Z #5 sha256:cb5586a85f193886b63b18b0aae1a72a4678568b5e3f9ae25cd329e9a87eed7b 0B / 52.16kB 1.6s
Publisher-owned smoke (python, arm64)	Build local worker without publishing	2026-10-09T12:42:07.9314437Z #5 sha256:cb5586a85f193886b63b18b0aae1a72a4678568b5e3f9ae25cd329e9a87eed7b 52.16kB / 52.16kB 1.7s
Publisher-owned smoke (python, arm64)	Build local worker without publishing	2026-10-09T12:42:08.1421854Z #5 sha256:5d31da5b55952d023f34bf449eccb28f898540e397bbf662c7447879fa420f80 76.82kB / 76.82kB 1.7s done
Publisher-owned smoke (python, arm64)	Build local worker without publishing	2026-10-09T12:42:08.1423087Z #5 sha256:cb5586a85f193886b63b18b0aae1a72a4678568b5e3f9ae25cd329e9a87eed7b 52.16kB / 52.16kB 1.9s done
Publisher-owned smoke (python, arm64)	Build local worker without publishing	2026-10-09T12:42:08.1423842Z #5 sha256:af5eeeb426904f942e71f345f0e65dc09fd932f29a5f56f08fe1cc8659477385 0B / 14.39kB 1.9s
Publisher-owned smoke (python, arm64)	Build local worker without publishing	2026-10-09T12:42:08.1424566Z #5 sha256:405730c6bc6b98de2a65c3eee2c62499d10c054890d7601d2ab962f69df04685 0B / 14.39kB 1.9s
Publisher-owned smoke (python, arm64)	Build local worker without publishing	2026-10-09T12:42:08.4369739Z #5 sha256:af5eeeb426904f942e71f345f0e65dc09fd932f29a5f56f08fe1cc8659477385 14.39kB / 14.39kB 2.2s
Publisher-owned smoke (python, arm64)	Build local worker without publishing	2026-10-09T12:42:08.4370961Z #5 sha256:405730c6bc6b98de2a65c3eee2c62499d10c054890d7601d2ab962f69df04685 14.39kB / 14.39kB 2.2s
Publisher-owned smoke (python, arm64)	Build local worker without publishing	2026-10-09T12:42:08.6367614Z #5 sha256:af5eeeb426904f942e71f345f0e65dc09fd932f29a5f56f08fe1cc8659477385 14.39kB / 14.39kB 2.3s done
Publisher-owned smoke (python, arm64)	Build local worker without publishing	2026-10-09T12:42:08.6368754Z #5 sha256:405730c6bc6b98de2a65c3eee2c62499d10c054890d7601d2ab962f69df04685 14.39kB / 14.39kB 2.3s done
Publisher-owned smoke (python, arm64)	Build local worker without publishing	2026-10-09T12:42:11.6589431Z #5 extracting sha256:ac5779d72c0938f1cb3ee53a68135af2cbf78099632c31a6ab28484f0adcd315
Publisher-owned smoke (python, arm64)	Build local worker without publishing	2026-10-09T12:42:11.7664174Z #5 ...
Publisher-owned smoke (python, arm64)	Build local worker without publishing	2026-10-09T12:42:11.7664806Z 
Publisher-owned smoke (python, arm64)	Build local worker without publishing	2026-10-09T12:42:11.7665638Z #6 [uvbin 1/1] FROM ghcr.io/astral-sh/uv:0.11.7@sha256:240fb85ab0f263ef12f492d8476aa3a2e4e1e333f7d67fbdd923d00a506a516a
Publisher-owned smoke (python, arm64)	Build local worker without publishing	2026-10-09T12:42:11.7667615Z #6 resolve ghcr.io/astral-sh/uv:0.11.7@sha256:240fb85ab0f263ef12f492d8476aa3a2e4e1e333f7d67fbdd923d00a506a516a 0.0s done
Publisher-owned smoke (python, arm64)	Build local worker without publishing	2026-10-09T12:42:11.7668653Z #6 sha256:240fb85ab0f263ef12f492d8476aa3a2e4e1e333f7d67fbdd923d00a506a516a 2.19kB / 2.19kB done
Publisher-owned smoke (python, arm64)	Build local worker without publishing	2026-10-09T12:42:11.7669839Z #6 sha256:40edad71a1710a9d5d988c6a034304e9c414d7f794dab44a0781d619bba41d33 669B / 669B done
Publisher-owned smoke (python, arm64)	Build local worker without publishing	2026-10-09T12:42:11.7670645Z #6 sha256:f524cb7a6be895d6f86d825c314cc3b927127f9a252cf6804b9b450ecf89def5 1.30kB / 1.30kB done
Publisher-owned smoke (python, arm64)	Build local worker without publishing	2026-10-09T12:42:11.7671451Z #6 sha256:d4e681c48fed6137914e9db696b9bf34d7485dcbea85b9fb115a74b553a6d438 23.71MB / 23.71MB 2.7s done
Publisher-owned smoke (python, arm64)	Build local worker without publishing	2026-10-09T12:42:11.7672390Z #6 sha256:dd7e5ff8cf6e54051ea6e9704b077427cb0ece3ddba3ee4ed658153f2e897960 98B / 98B 2.7s done
Publisher-owned smoke (python, arm64)	Build local worker without publishing	2026-10-09T12:42:11.7673502Z #6 extracting sha256:d4e681c48fed6137914e9db696b9bf34d7485dcbea85b9fb115a74b553a6d438 0.2s done
Publisher-owned smoke (python, arm64)	Build local worker without publishing	2026-10-09T12:42:11.7674405Z #6 extracting sha256:dd7e5ff8cf6e54051ea6e9704b077427cb0ece3ddba3ee4ed658153f2e897960 done
Publisher-owned smoke (python, arm64)	Build local worker without publishing	2026-10-09T12:42:11.7675168Z #6 DONE 5.5s
Publisher-owned smoke (python, arm64)	Build local worker without publishing	2026-10-09T12:42:11.7675414Z 
Publisher-owned smoke (python, arm64)	Build local worker without publishing	2026-10-09T12:42:11.7675870Z #5 [builder 1/6] FROM cgr.dev/chainguard/wolfi-base@sha256:1d95114038f76513a9ace6fca107d5582b08c65981f81f61cb56bf7fd2ef216d
Publisher-owned smoke (python, arm64)	Build local worker without publishing	2026-10-09T12:42:11.7676835Z #5 extracting sha256:ac5779d72c0938f1cb3ee53a68135af2cbf78099632c31a6ab28484f0adcd315 0.0s done
Publisher-owned smoke (python, arm64)	Build local worker without publishing	2026-10-09T12:42:11.7677770Z #5 extracting sha256:0f5c1acc319ba5423c773004bc887959733967b41f2d1b02020e636e2094223f 0.0s done
Publisher-owned smoke (python, arm64)	Build local worker without publishing	2026-10-09T12:42:11.7678620Z #5 extracting sha256:35d4108703105088a046ada0ba0ba6593be2a40a8ab9445631deec27df914461 done
Publisher-owned smoke (python, arm64)	Build local worker without publishing	2026-10-09T12:42:11.7679334Z #5 extracting sha256:0a153062968a79c64b469dd36a2e14fe4165db15c60498537d5598b329469667
Publisher-owned smoke (python, arm64)	Build local worker without publishing	2026-10-09T12:42:11.8729144Z #5 extracting sha256:0a153062968a79c64b469dd36a2e14fe4165db15c60498537d5598b329469667 done
Publisher-owned smoke (python, arm64)	Build local worker without publishing	2026-10-09T12:42:11.8735687Z #5 extracting sha256:f8b42eb065a4c02eb481a87e0684c73c74d7a54434a14d5b5198ca7edaae260c done
Publisher-owned smoke (python, arm64)	Build local worker without publishing	2026-10-09T12:42:11.8737293Z #5 extracting sha256:5d31da5b55952d023f34bf449eccb28f898540e397bbf662c7447879fa420f80 done
Publisher-owned smoke (python, arm64)	Build local worker without publishing	2026-10-09T12:42:11.8738126Z #5 extracting sha256:cb5586a85f193886b63b18b0aae1a72a4678568b5e3f9ae25cd329e9a87eed7b done
Publisher-owned smoke (python, arm64)	Build local worker without publishing	2026-10-09T12:42:11.8738863Z #5 extracting sha256:af5eeeb426904f942e71f345f0e65dc09fd932f29a5f56f08fe1cc8659477385 done
Publisher-owned smoke (python, arm64)	Build local worker without publishing	2026-10-09T12:42:11.8739699Z #5 extracting sha256:405730c6bc6b98de2a65c3eee2c62499d10c054890d7601d2ab962f69df04685
Publisher-owned smoke (python, arm64)	Build local worker without publishing	2026-10-09T12:42:12.1181808Z #5 extracting sha256:405730c6bc6b98de2a65c3eee2c62499d10c054890d7601d2ab962f69df04685 done
Publisher-owned smoke (python, arm64)	Build local worker without publishing	2026-10-09T12:42:12.1182466Z #5 DONE 5.8s
Publisher-owned smoke (python, arm64)	Build local worker without publishing	2026-10-09T12:42:12.1182590Z 
Publisher-owned smoke (python, arm64)	Build local worker without publishing	2026-10-09T12:42:12.1182874Z #7 [runtime 2/7] RUN : "v0.0.0-lens-ci"
Publisher-owned smoke (python, arm64)	Build local worker without publishing	2026-10-09T12:42:12.3971372Z #7 ...
Publisher-owned smoke (python, arm64)	Build local worker without publishing	2026-10-09T12:42:12.3971720Z 
Publisher-owned smoke (python, arm64)	Build local worker without publishing	2026-10-09T12:42:12.3973626Z #8 [builder 2/6] COPY --from=uvbin /uv /usr/local/bin/uv
Publisher-owned smoke (python, arm64)	Build local worker without publishing	2026-10-09T12:42:12.3975007Z #8 DONE 0.4s
Publisher-owned smoke (python, arm64)	Build local worker without publishing	2026-10-09T12:42:12.5014216Z 
Publisher-owned smoke (python, arm64)	Build local worker without publishing	2026-10-09T12:42:12.5015842Z #7 [runtime 2/7] RUN : "v0.0.0-lens-ci"
Publisher-owned smoke (python, arm64)	Build local worker without publishing	2026-10-09T12:42:12.5017012Z #7 DONE 0.5s
Publisher-owned smoke (python, arm64)	Build local worker without publishing	2026-10-09T12:42:12.5017628Z 
Publisher-owned smoke (python, arm64)	Build local worker without publishing	2026-10-09T12:42:12.5018000Z #9 [builder 3/6] RUN apk add --no-cache python-3.13
Publisher-owned smoke (python, arm64)	Build local worker without publishing	2026-10-09T12:42:12.6251402Z #9 0.178 fetch https://apk.cgr.dev/chainguard/aarch64/APKINDEX.tar.gz
Publisher-owned smoke (python, arm64)	Build local worker without publishing	2026-10-09T12:42:13.3852427Z #9 0.986 (1/20) Installing py3-pip-wheel (26.2.1-r3)
Publisher-owned smoke (python, arm64)	Build local worker without publishing	2026-10-09T12:42:13.8607184Z #9 1.461 (2/20) Installing libbz2-1 (1.0.8-r25)
Publisher-owned smoke (python, arm64)	Build local worker without publishing	2026-10-09T12:42:14.3654236Z #9 1.816 (3/20) Installing libbrotlicommon1 (1.2.0-r5)
Publisher-owned smoke (python, arm64)	Build local worker without publishing	2026-10-09T12:42:14.7179349Z #9 2.168 (4/20) Installing libbrotlidec1 (1.2.0-r5)
Publisher-owned smoke (python, arm64)	Build local worker without publishing	2026-10-09T12:42:14.8271490Z #9 2.428 (5/20) Installing libbrotlienc1 (1.2.0-r5)
Publisher-owned smoke (python, arm64)	Build local worker without publishing	2026-10-09T12:42:15.3887770Z #9 2.839 (6/20) Installing openssl-4.0-libcrypto (4.0.3-r5)
Publisher-owned smoke (python, arm64)	Build local worker without publishing	2026-10-09T12:42:15.8244268Z #9 3.425 (7/20) Installing libexpat1 (2.9.0-r0)
Publisher-owned smoke (python, arm64)	Build local worker without publishing	2026-10-09T12:42:16.2517306Z #9 3.702 (8/20) Installing libffi (3.8.0-r1)
Publisher-owned smoke (python, arm64)	Build local worker without publishing	2026-10-09T12:42:16.5130219Z #9 3.963 (9/20) Installing gdbm (1.26-r6)
Publisher-owned smoke (python, arm64)	Build local worker without publishing	2026-10-09T12:42:16.7848869Z #9 4.386 (10/20) Installing xz (5.8.4-r0)
Publisher-owned smoke (python, arm64)	Build local worker without publishing	2026-10-09T12:42:17.1363579Z #9 4.737 (11/20) Installing libstdc++ (16.2.0-r1)
Publisher-owned smoke (python, arm64)	Build local worker without publishing	2026-10-09T12:42:17.4338751Z #9 5.033 (12/20) Installing mpdecimal (4.0.1-r4)
Publisher-owned smoke (python, arm64)	Build local worker without publishing	2026-10-09T12:42:17.7746794Z #9 5.375 (13/20) Installing ncurses-terminfo-base (6.6.20260926-r0)
Publisher-owned smoke (python, arm64)	Build local worker without publishing	2026-10-09T12:42:18.0156538Z #9 5.616 (14/20) Installing ncurses (6.6.20260926-r0)
Publisher-owned smoke (python, arm64)	Build local worker without publishing	2026-10-09T12:42:18.3216418Z #9 5.922 (15/20) Installing readline (8.3-r3)
Publisher-owned smoke (python, arm64)	Build local worker without publishing	2026-10-09T12:42:18.6300637Z #9 6.230 (16/20) Installing sqlite-libs (3.53.4-r2)
Publisher-owned smoke (python, arm64)	Build local worker without publishing	2026-10-09T12:42:18.9574053Z #9 6.558 (17/20) Installing openssl-4.0-libssl (4.0.3-r5)
Publisher-owned smoke (python, arm64)	Build local worker without publishing	2026-10-09T12:42:19.2163713Z #9 6.817 (18/20) Installing libuuid (2.42.4-r0)
Publisher-owned smoke (python, arm64)	Build local worker without publishing	2026-10-09T12:42:19.4599067Z #9 7.061 (19/20) Installing python-3.13-base (3.13.16_git20261002-r3)
Publisher-owned smoke (python, arm64)	Build local worker without publishing	2026-10-09T12:42:19.9340331Z #9 7.534 (20/20) Installing python-3.13 (3.13.16_git20261002-r3)
Publisher-owned smoke (python, arm64)	Build local worker without publishing	2026-10-09T12:42:20.4755725Z #9 7.798 Executing busybox-1.38.0-r2.trigger
Publisher-owned smoke (python, arm64)	Build local worker without publishing	2026-10-09T12:42:20.4756320Z #9 7.819 OK: 71 MiB in 36 packages
Publisher-owned smoke (python, arm64)	Build local worker without publishing	2026-10-09T12:42:21.4865336Z #9 ...
Publisher-owned smoke (python, arm64)	Build local worker without publishing	2026-10-09T12:42:21.4866272Z 
Publisher-owned smoke (python, arm64)	Build local worker without publishing	2026-10-09T12:42:21.4866787Z #10 [runtime 3/7] RUN apk add --no-cache python-3.13
Publisher-owned smoke (python, arm64)	Build local worker without publishing	2026-10-09T12:42:21.4867876Z #10 0.121 fetch https://apk.cgr.dev/chainguard/aarch64/APKINDEX.tar.gz
Publisher-owned smoke (python, arm64)	Build local worker without publishing	2026-10-09T12:42:21.4868425Z #10 0.950 (1/20) Installing py3-pip-wheel (26.2.1-r3)
Publisher-owned smoke (python, arm64)	Build local worker without publishing	2026-10-09T12:42:21.4868938Z #10 1.701 (2/20) Installing libbz2-1 (1.0.8-r25)
Publisher-owned smoke (python, arm64)	Build local worker without publishing	2026-10-09T12:42:21.4869415Z #10 2.018 (3/20) Installing libbrotlicommon1 (1.2.0-r5)
Publisher-owned smoke (python, arm64)	Build local worker without publishing	2026-10-09T12:42:21.4869867Z #10 2.396 (4/20) Installing libbrotlidec1 (1.2.0-r5)
Publisher-owned smoke (python, arm64)	Build local worker without publishing	2026-10-09T12:42:21.4870371Z #10 2.677 (5/20) Installing libbrotlienc1 (1.2.0-r5)
Publisher-owned smoke (python, arm64)	Build local worker without publishing	2026-10-09T12:42:21.4870815Z #10 3.015 (6/20) Installing openssl-4.0-libcrypto (4.0.3-r5)
Publisher-owned smoke (python, arm64)	Build local worker without publishing	2026-10-09T12:42:21.4871318Z #10 3.538 (7/20) Installing libexpat1 (2.9.0-r0)
Publisher-owned smoke (python, arm64)	Build local worker without publishing	2026-10-09T12:42:21.4872176Z #10 3.820 (8/20) Installing libffi (3.8.0-r1)
Publisher-owned smoke (python, arm64)	Build local worker without publishing	2026-10-09T12:42:21.4872552Z #10 4.015 (9/20) Installing gdbm (1.26-r6)
Publisher-owned smoke (python, arm64)	Build local worker without publishing	2026-10-09T12:42:21.4873018Z #10 4.361 (10/20) Installing xz (5.8.4-r0)
Publisher-owned smoke (python, arm64)	Build local worker without publishing	2026-10-09T12:42:21.4873405Z #10 4.699 (11/20) Installing libstdc++ (16.2.0-r1)
Publisher-owned smoke (python, arm64)	Build local worker without publishing	2026-10-09T12:42:21.4873799Z #10 4.979 (12/20) Installing mpdecimal (4.0.1-r4)
Publisher-owned smoke (python, arm64)	Build local worker without publishing	2026-10-09T12:42:21.4874358Z #10 5.299 (13/20) Installing ncurses-terminfo-base (6.6.20260926-r0)
Publisher-owned smoke (python, arm64)	Build local worker without publishing	2026-10-09T12:42:21.4875125Z #10 5.600 (14/20) Installing ncurses (6.6.20260926-r0)
Publisher-owned smoke (python, arm64)	Build local worker without publishing	2026-10-09T12:42:21.4875739Z #10 5.845 (15/20) Installing readline (8.3-r3)
Publisher-owned smoke (python, arm64)	Build local worker without publishing	2026-10-09T12:42:21.4876242Z #10 6.155 (16/20) Installing sqlite-libs (3.53.4-r2)
Publisher-owned smoke (python, arm64)	Build local worker without publishing	2026-10-09T12:42:21.4876738Z #10 6.591 (17/20) Installing openssl-4.0-libssl (4.0.3-r5)
Publisher-owned smoke (python, arm64)	Build local worker without publishing	2026-10-09T12:42:21.4877438Z #10 6.848 (18/20) Installing libuuid (2.42.4-r0)
Publisher-owned smoke (python, arm64)	Build local worker without publishing	2026-10-09T12:42:21.4877932Z #10 7.150 (19/20) Installing python-3.13-base (3.13.16_git20261002-r3)
Publisher-owned smoke (python, arm64)	Build local worker without publishing	2026-10-09T12:42:21.4878743Z #10 7.625 (20/20) Installing python-3.13 (3.13.16_git20261002-r3)
Publisher-owned smoke (python, arm64)	Build local worker without publishing	2026-10-09T12:42:21.4879337Z #10 7.855 Executing busybox-1.38.0-r2.trigger
Publisher-owned smoke (python, arm64)	Build local worker without publishing	2026-10-09T12:42:21.4879846Z #10 8.152 OK: 71 MiB in 36 packages
Publisher-owned smoke (python, arm64)	Build local worker without publishing	2026-10-09T12:42:21.4880301Z #10 DONE 9.0s
Publisher-owned smoke (python, arm64)	Build local worker without publishing	2026-10-09T12:42:21.6781812Z 
Publisher-owned smoke (python, arm64)	Build local worker without publishing	2026-10-09T12:42:21.6783327Z #9 [builder 3/6] RUN apk add --no-cache python-3.13
Publisher-owned smoke (python, arm64)	Build local worker without publishing	2026-10-09T12:42:21.6784274Z #9 DONE 9.1s
Publisher-owned smoke (python, arm64)	Build local worker without publishing	2026-10-09T12:42:21.6784569Z 
Publisher-owned smoke (python, arm64)	Build local worker without publishing	2026-10-09T12:42:21.6785676Z #11 [builder 4/6] WORKDIR /app
Publisher-owned smoke (python, arm64)	Build local worker without publishing	2026-10-09T12:42:21.6786671Z #11 DONE 0.0s
Publisher-owned smoke (python, arm64)	Build local worker without publishing	2026-10-09T12:42:21.6786944Z 
Publisher-owned smoke (python, arm64)	Build local worker without publishing	2026-10-09T12:42:21.6787371Z #12 [runtime 4/7] WORKDIR /app
Publisher-owned smoke (python, arm64)	Build local worker without publishing	2026-10-09T12:42:21.6788169Z #12 DONE 0.0s
Publisher-owned smoke (python, arm64)	Build local worker without publishing	2026-10-09T12:42:21.6789124Z 
Publisher-owned smoke (python, arm64)	Build local worker without publishing	2026-10-09T12:42:21.6790706Z #13 [builder 5/6] COPY deploy/lens/requirements.lock /tmp/requirements.lock
Publisher-owned smoke (python, arm64)	Build local worker without publishing	2026-10-09T12:42:21.6791801Z #13 DONE 0.0s
Publisher-owned smoke (python, arm64)	Build local worker without publishing	2026-10-09T12:42:21.6792644Z 
Publisher-owned smoke (python, arm64)	Build local worker without publishing	2026-10-09T12:42:21.6793500Z #14 [builder 6/6] RUN uv venv --python python3.13 /app/.venv &&     uv pip sync --python /app/.venv/bin/python --require-hashes --only-binary :all: /tmp/requirements.lock
Publisher-owned smoke (python, arm64)	Build local worker without publishing	2026-10-09T12:42:21.6795316Z #14 0.149 Using CPython 3.13.16 interpreter at: /usr/bin/python3.13
Publisher-owned smoke (python, arm64)	Build local worker without publishing	2026-10-09T12:42:21.6796296Z #14 0.149 Creating virtual environment at: .venv
Publisher-owned smoke (python, arm64)	Build local worker without publishing	2026-10-09T12:42:22.0053307Z #14 0.476 Resolved 11 packages in 282ms
Publisher-owned smoke (python, arm64)	Build local worker without publishing	2026-10-09T12:42:22.1413882Z #14 0.521 Downloading pydantic-core (1.9MiB)
Publisher-owned smoke (python, arm64)	Build local worker without publishing	2026-10-09T12:42:22.1414544Z #14 0.612  Downloaded pydantic-core
Publisher-owned smoke (python, arm64)	Build local worker without publishing	2026-10-09T12:42:22.3150855Z #14 0.613 Prepared 11 packages in 136ms
Publisher-owned smoke (python, arm64)	Build local worker without publishing	2026-10-09T12:42:22.3151844Z #14 0.635 Installed 11 packages in 22ms
Publisher-owned smoke (python, arm64)	Build local worker without publishing	2026-10-09T12:42:22.3152240Z #14 0.636  + annotated-types==0.8.0
Publisher-owned smoke (python, arm64)	Build local worker without publishing	2026-10-09T12:42:22.3152513Z #14 0.636  + anyio==4.15.1
Publisher-owned smoke (python, arm64)	Build local worker without publishing	2026-10-09T12:42:22.3152865Z #14 0.636  + certifi==2026.7.22
Publisher-owned smoke (python, arm64)	Build local worker without publishing	2026-10-09T12:42:22.3153148Z #14 0.636  + h11==0.16.0
Publisher-owned smoke (python, arm64)	Build local worker without publishing	2026-10-09T12:42:22.3153486Z #14 0.636  + httpcore==1.0.9
Publisher-owned smoke (python, arm64)	Build local worker without publishing	2026-10-09T12:42:22.3153742Z #14 0.636  + httpx==0.28.1
Publisher-owned smoke (python, arm64)	Build local worker without publishing	2026-10-09T12:42:22.3154049Z #14 0.636  + idna==3.20
Publisher-owned smoke (python, arm64)	Build local worker without publishing	2026-10-09T12:42:22.3154307Z #14 0.636  + pydantic==2.13.4
Publisher-owned smoke (python, arm64)	Build local worker without publishing	2026-10-09T12:42:22.3154782Z #14 0.636  + pydantic-core==2.46.4
Publisher-owned smoke (python, arm64)	Build local worker without publishing	2026-10-09T12:42:22.3155137Z #14 0.636  + typing-extensions==4.16.0
Publisher-owned smoke (python, arm64)	Build local worker without publishing	2026-10-09T12:42:22.3155441Z #14 0.636  + typing-inspection==0.4.4
Publisher-owned smoke (python, arm64)	Build local worker without publishing	2026-10-09T12:42:22.3988424Z #14 DONE 0.9s
Publisher-owned smoke (python, arm64)	Build local worker without publishing	2026-10-09T12:42:22.5438236Z 
Publisher-owned smoke (python, arm64)	Build local worker without publishing	2026-10-09T12:42:22.5441168Z #15 [runtime 5/7] COPY --from=builder /app/.venv /app/.venv
Publisher-owned smoke (python, arm64)	Build local worker without publishing	2026-10-09T12:42:22.5441600Z #15 DONE 0.1s
Publisher-owned smoke (python, arm64)	Build local worker without publishing	2026-10-09T12:42:22.7442688Z 
Publisher-owned smoke (python, arm64)	Build local worker without publishing	2026-10-09T12:42:22.7444730Z #16 [runtime 6/7] COPY litellm/proxy/lens/__init__.py litellm/proxy/lens/models.py litellm/proxy/lens/trace_store.py litellm/proxy/lens/analysis.py litellm/proxy/lens/worker.py litellm/proxy/lens/release.py /app/lens/
Publisher-owned smoke (python, arm64)	Build local worker without publishing	2026-10-09T12:42:22.7445683Z #16 DONE 0.0s
Publisher-owned smoke (python, arm64)	Build local worker without publishing	2026-10-09T12:42:22.7446122Z 
Publisher-owned smoke (python, arm64)	Build local worker without publishing	2026-10-09T12:42:22.7446324Z #17 [runtime 7/7] COPY litellm/proxy/lens/prompts/ /app/lens/prompts/
Publisher-owned smoke (python, arm64)	Build local worker without publishing	2026-10-09T12:42:22.7446696Z #17 DONE 0.0s
Publisher-owned smoke (python, arm64)	Build local worker without publishing	2026-10-09T12:42:22.7446808Z 
Publisher-owned smoke (python, arm64)	Build local worker without publishing	2026-10-09T12:42:22.7447013Z #18 exporting to image
Publisher-owned smoke (python, arm64)	Build local worker without publishing	2026-10-09T12:42:22.7447709Z #18 exporting layers
Publisher-owned smoke (python, arm64)	Build local worker without publishing	2026-10-09T12:42:23.0207496Z #18 exporting layers 0.4s done
Publisher-owned smoke (python, arm64)	Build local worker without publishing	2026-10-09T12:42:23.0460079Z #18 writing image sha256:61d634384c9663e6ac827480eda309753b3c5934ca09aa6f3af9f4bb961047d6 done
Publisher-owned smoke (python, arm64)	Build local worker without publishing	2026-10-09T12:42:23.0463314Z #18 naming to docker.io/library/lens-runtime-fixture done
Publisher-owned smoke (python, arm64)	Build local worker without publishing	2026-10-09T12:42:23.0463942Z #18 DONE 0.4s
Publisher-owned smoke (python, arm64)	Run the exact publisher smoke with hostile source script	﻿2026-10-09T12:42:23.0678571Z ##[group]Run set -euo pipefail
Publisher-owned smoke (python, arm64)	Run the exact publisher smoke with hostile source script	2026-10-09T12:42:23.0678977Z ^[[36;1mset -euo pipefail^[[0m
Publisher-owned smoke (python, arm64)	Run the exact publisher smoke with hostile source script	2026-10-09T12:42:23.0679229Z ^[[36;1mpython3 - <<'PY'^[[0m
Publisher-owned smoke (python, arm64)	Run the exact publisher smoke with hostile source script	2026-10-09T12:42:23.0679452Z ^[[36;1mfrom pathlib import Path^[[0m
Publisher-owned smoke (python, arm64)	Run the exact publisher smoke with hostile source script	2026-10-09T12:42:23.0679691Z ^[[36;1mimport textwrap^[[0m
Publisher-owned smoke (python, arm64)	Run the exact publisher smoke with hostile source script	2026-10-09T12:42:23.0680085Z ^[[36;1mtext = Path('publisher/.github/workflows/release-componentized-impl.yml').read_text()^[[0m
Publisher-owned smoke (python, arm64)	Run the exact publisher smoke with hostile source script	2026-10-09T12:42:23.0680516Z ^[[36;1mscripts = []^[[0m
Publisher-owned smoke (python, arm64)	Run the exact publisher smoke with hostile source script	2026-10-09T12:42:23.0680749Z ^[[36;1mfor job in ('build-amd64', 'build-arm64'):^[[0m
Publisher-owned smoke (python, arm64)	Run the exact publisher smoke with hostile source script	2026-10-09T12:42:23.0681062Z ^[[36;1m    block = text.split(f'\n  {job}:\n', 1)[1]^[[0m
Publisher-owned smoke (python, arm64)	Run the exact publisher smoke with hostile source script	2026-10-09T12:42:23.0681478Z ^[[36;1m    block = block.split('      - name: Smoke test the standalone Lens worker\n', 1)[1]^[[0m
Publisher-owned smoke (python, arm64)	Run the exact publisher smoke with hostile source script	2026-10-09T12:42:23.0681912Z ^[[36;1m    block = block.split('\n      - name:', 1)[0]^[[0m
Publisher-owned smoke (python, arm64)	Run the exact publisher smoke with hostile source script	2026-10-09T12:42:23.0682325Z ^[[36;1m    scripts.append(textwrap.dedent(block.split('        run: |\n', 1)[1]))^[[0m
Publisher-owned smoke (python, arm64)	Run the exact publisher smoke with hostile source script	2026-10-09T12:42:23.0682730Z ^[[36;1massert scripts[0] == scripts[1]^[[0m
Publisher-owned smoke (python, arm64)	Run the exact publisher smoke with hostile source script	2026-10-09T12:42:23.0683077Z ^[[36;1mPath('publisher-smoke.sh').write_text(scripts[0])^[[0m
Publisher-owned smoke (python, arm64)	Run the exact publisher smoke with hostile source script	2026-10-09T12:42:23.0683554Z ^[[36;1mPath('source/deploy/lens/smoke.sh').write_text('echo SOURCE_SCRIPT_EXECUTED; exit 99\n')^[[0m
Publisher-owned smoke (python, arm64)	Run the exact publisher smoke with hostile source script	2026-10-09T12:42:23.0683969Z ^[[36;1mPY^[[0m
Publisher-owned smoke (python, arm64)	Run the exact publisher smoke with hostile source script	2026-10-09T12:42:23.0684143Z ^[[36;1mcd source^[[0m
Publisher-owned smoke (python, arm64)	Run the exact publisher smoke with hostile source script	2026-10-09T12:42:23.0684932Z ^[[36;1m# A local registry exercises the same digest-addressed pull used by release jobs, without any publishing credentials.^[[0m
Publisher-owned smoke (python, arm64)	Run the exact publisher smoke with hostile source script	2026-10-09T12:42:23.0685829Z ^[[36;1mdocker run -d --name fixture-registry -p 127.0.0.1:5000:5000 registry:2@sha256:a3d8aaa63ed8681a604f1dea0aa03f100d5895b6a58ace528858a7b332415373^[[0m
Publisher-owned smoke (python, arm64)	Run the exact publisher smoke with hostile source script	2026-10-09T12:42:23.0686494Z ^[[36;1mtrap 'docker rm -f fixture-registry >/dev/null' EXIT^[[0m
Publisher-owned smoke (python, arm64)	Run the exact publisher smoke with hostile source script	2026-10-09T12:42:23.0686825Z ^[[36;1mfor attempt in $(seq 1 30); do^[[0m
Publisher-owned smoke (python, arm64)	Run the exact publisher smoke with hostile source script	2026-10-09T12:42:23.0687206Z ^[[36;1m  if curl --fail --silent http://127.0.0.1:5000/v2/ >/dev/null; then break; fi^[[0m
Publisher-owned smoke (python, arm64)	Run the exact publisher smoke with hostile source script	2026-10-09T12:42:23.0687892Z ^[[36;1m  sleep 1^[[0m
Publisher-owned smoke (python, arm64)	Run the exact publisher smoke with hostile source script	2026-10-09T12:42:23.0688074Z ^[[36;1mdone^[[0m
Publisher-owned smoke (python, arm64)	Run the exact publisher smoke with hostile source script	2026-10-09T12:42:23.0688337Z ^[[36;1mcurl --fail --silent http://127.0.0.1:5000/v2/ >/dev/null^[[0m
Publisher-owned smoke (python, arm64)	Run the exact publisher smoke with hostile source script	2026-10-09T12:42:23.0688789Z ^[[36;1mdocker tag lens-runtime-fixture localhost:5000/lens-runtime-fixture:ci^[[0m
Publisher-owned smoke (python, arm64)	Run the exact publisher smoke with hostile source script	2026-10-09T12:42:23.0689227Z ^[[36;1mdocker push localhost:5000/lens-runtime-fixture:ci^[[0m
Publisher-owned smoke (python, arm64)	Run the exact publisher smoke with hostile source script	2026-10-09T12:42:23.0689754Z ^[[36;1mIMAGE=$(docker image inspect --format '{{index .RepoDigests 0}}' localhost:5000/lens-runtime-fixture:ci)^[[0m
Publisher-owned smoke (python, arm64)	Run the exact publisher smoke with hostile source script	2026-10-09T12:42:23.0690227Z ^[[36;1mexport IMAGE^[[0m
Publisher-owned smoke (python, arm64)	Run the exact publisher smoke with hostile source script	2026-10-09T12:42:23.0690439Z ^[[36;1mbash ../publisher-smoke.sh^[[0m
Publisher-owned smoke (python, arm64)	Run the exact publisher smoke with hostile source script	2026-10-09T12:42:23.0690818Z ^[[36;1mcosign generate-key-pair --output-key-prefix "${RUNNER_TEMP}/test-cosign"^[[0m
Publisher-owned smoke (python, arm64)	Run the exact publisher smoke with hostile source script	2026-10-09T12:42:23.0691407Z ^[[36;1mif cosign verify --insecure-ignore-tlog --key "${RUNNER_TEMP}/test-cosign.pub" "${IMAGE}"; then^[[0m
Publisher-owned smoke (python, arm64)	Run the exact publisher smoke with hostile source script	2026-10-09T12:42:23.0691923Z ^[[36;1m  echo "::error::Unsigned worker unexpectedly verified"^[[0m
Publisher-owned smoke (python, arm64)	Run the exact publisher smoke with hostile source script	2026-10-09T12:42:23.0692236Z ^[[36;1m  exit 1^[[0m
Publisher-owned smoke (python, arm64)	Run the exact publisher smoke with hostile source script	2026-10-09T12:42:23.0692411Z ^[[36;1mfi^[[0m
Publisher-owned smoke (python, arm64)	Run the exact publisher smoke with hostile source script	2026-10-09T12:42:23.0692732Z ^[[36;1mcosign sign --yes --tlog-upload=false --key "${RUNNER_TEMP}/test-cosign.key" \^[[0m
Publisher-owned smoke (python, arm64)	Run the exact publisher smoke with hostile source script	2026-10-09T12:42:23.0693247Z ^[[36;1m  -a "release-tag=${RELEASE_TAG}" -a "source-sha=${SOURCE_SHA}" "${IMAGE}"^[[0m
Publisher-owned smoke (python, arm64)	Run the exact publisher smoke with hostile source script	2026-10-09T12:42:23.0693761Z ^[[36;1mcosign verify --insecure-ignore-tlog --key "${RUNNER_TEMP}/test-cosign.pub" \^[[0m
Publisher-owned smoke (python, arm64)	Run the exact publisher smoke with hostile source script	2026-10-09T12:42:23.0694273Z ^[[36;1m  -a "release-tag=${RELEASE_TAG}" -a "source-sha=${SOURCE_SHA}" "${IMAGE}"^[[0m
Publisher-owned smoke (python, arm64)	Run the exact publisher smoke with hostile source script	2026-10-09T12:42:23.0695018Z ^[[36;1mif cosign verify --insecure-ignore-tlog --key "${RUNNER_TEMP}/test-cosign.pub" \^[[0m
Publisher-owned smoke (python, arm64)	Run the exact publisher smoke with hostile source script	2026-10-09T12:42:23.0695503Z ^[[36;1m  -a "release-tag=v0.0.0-wrong-release" "${IMAGE}"; then^[[0m
Publisher-owned smoke (python, arm64)	Run the exact publisher smoke with hostile source script	2026-10-09T12:42:23.0695917Z ^[[36;1m  echo "::error::Worker from another release unexpectedly verified"^[[0m
Publisher-owned smoke (python, arm64)	Run the exact publisher smoke with hostile source script	2026-10-09T12:42:23.0696261Z ^[[36;1m  exit 1^[[0m
Publisher-owned smoke (python, arm64)	Run the exact publisher smoke with hostile source script	2026-10-09T12:42:23.0696435Z ^[[36;1mfi^[[0m
Publisher-owned smoke (python, arm64)	Run the exact publisher smoke with hostile source script	2026-10-09T12:42:23.0696762Z ^[[36;1mif cosign verify --insecure-ignore-tlog --key "${RUNNER_TEMP}/test-cosign.pub" \^[[0m
Publisher-owned smoke (python, arm64)	Run the exact publisher smoke with hostile source script	2026-10-09T12:42:23.0697513Z ^[[36;1m  -a "release-tag=${RELEASE_TAG}" -a "source-sha=0000000000000000000000000000000000000000" "${IMAGE}"; then^[[0m
Publisher-owned smoke (python, arm64)	Run the exact publisher smoke with hostile source script	2026-10-09T12:42:23.0698356Z ^[[36;1m  echo "::error::Worker from another source commit unexpectedly verified"^[[0m
Publisher-owned smoke (python, arm64)	Run the exact publisher smoke with hostile source script	2026-10-09T12:42:23.0698715Z ^[[36;1m  exit 1^[[0m
Publisher-owned smoke (python, arm64)	Run the exact publisher smoke with hostile source script	2026-10-09T12:42:23.0698887Z ^[[36;1mfi^[[0m
Publisher-owned smoke (python, arm64)	Run the exact publisher smoke with hostile source script	2026-10-09T12:42:23.0732595Z shell: /usr/bin/bash -e {0}
Publisher-owned smoke (python, arm64)	Run the exact publisher smoke with hostile source script	2026-10-09T12:42:23.0732823Z env:
Publisher-owned smoke (python, arm64)	Run the exact publisher smoke with hostile source script	2026-10-09T12:42:23.0733007Z   IMAGE: lens-runtime-fixture
Publisher-owned smoke (python, arm64)	Run the exact publisher smoke with hostile source script	2026-10-09T12:42:23.0733237Z   RELEASE_TAG: v0.0.0-lens-ci
Publisher-owned smoke (python, arm64)	Run the exact publisher smoke with hostile source script	2026-10-09T12:42:23.0733500Z   SOURCE_SHA: 1454f5c75bdb9c029bc99424a234659a88320577
Publisher-owned smoke (python, arm64)	Run the exact publisher smoke with hostile source script	2026-10-09T12:42:23.0733802Z   COSIGN_PASSWORD: 
Publisher-owned smoke (python, arm64)	Run the exact publisher smoke with hostile source script	2026-10-09T12:42:23.0733991Z ##[endgroup]
Publisher-owned smoke (python, arm64)	Run the exact publisher smoke with hostile source script	2026-10-09T12:42:23.1136247Z Unable to find image 'registry:2@sha256:a3d8aaa63ed8681a604f1dea0aa03f100d5895b6a58ace528858a7b332415373' locally
Publisher-owned smoke (python, arm64)	Run the exact publisher smoke with hostile source script	2026-10-09T12:42:23.5006113Z docker.io/library/registry@sha256:a3d8aaa63ed8681a604f1dea0aa03f100d5895b6a58ace528858a7b332415373: Pulling from library/registry
Publisher-owned smoke (python, arm64)	Run the exact publisher smoke with hostile source script	2026-10-09T12:42:23.6362333Z 95459497489f: Pulling fs layer
Publisher-owned smoke (python, arm64)	Run the exact publisher smoke with hostile source script	2026-10-09T12:42:23.6362653Z 8bbaad1488a8: Pulling fs layer
Publisher-owned smoke (python, arm64)	Run the exact publisher smoke with hostile source script	2026-10-09T12:42:23.6362890Z 9a6b3f59ebc2: Pulling fs layer
Publisher-owned smoke (python, arm64)	Run the exact publisher smoke with hostile source script	2026-10-09T12:42:23.6363118Z bd39ca3613a6: Pulling fs layer
Publisher-owned smoke (python, arm64)	Run the exact publisher smoke with hostile source script	2026-10-09T12:42:23.6363346Z ddcb6d98388d: Pulling fs layer
Publisher-owned smoke (python, arm64)	Run the exact publisher smoke with hostile source script	2026-10-09T12:42:23.6363562Z bd39ca3613a6: Waiting
Publisher-owned smoke (python, arm64)	Run the exact publisher smoke with hostile source script	2026-10-09T12:42:23.6363756Z ddcb6d98388d: Waiting
Publisher-owned smoke (python, arm64)	Run the exact publisher smoke with hostile source script	2026-10-09T12:42:23.8575966Z 8bbaad1488a8: Verifying Checksum
Publisher-owned smoke (python, arm64)	Run the exact publisher smoke with hostile source script	2026-10-09T12:42:23.8576580Z 8bbaad1488a8: Download complete
Publisher-owned smoke (python, arm64)	Run the exact publisher smoke with hostile source script	2026-10-09T12:42:23.8957105Z 95459497489f: Verifying Checksum
Publisher-owned smoke (python, arm64)	Run the exact publisher smoke with hostile source script	2026-10-09T12:42:23.8957416Z 95459497489f: Download complete
Publisher-owned smoke (python, arm64)	Run the exact publisher smoke with hostile source script	2026-10-09T12:42:23.9093790Z 9a6b3f59ebc2: Verifying Checksum
Publisher-owned smoke (python, arm64)	Run the exact publisher smoke with hostile source script	2026-10-09T12:42:23.9095136Z 9a6b3f59ebc2: Download complete
Publisher-owned smoke (python, arm64)	Run the exact publisher smoke with hostile source script	2026-10-09T12:42:23.9712414Z 95459497489f: Pull complete
Publisher-owned smoke (python, arm64)	Run the exact publisher smoke with hostile source script	2026-10-09T12:42:24.0149892Z bd39ca3613a6: Verifying Checksum
Publisher-owned smoke (python, arm64)	Run the exact publisher smoke with hostile source script	2026-10-09T12:42:24.0150387Z bd39ca3613a6: Download complete
Publisher-owned smoke (python, arm64)	Run the exact publisher smoke with hostile source script	2026-10-09T12:42:24.0732149Z ddcb6d98388d: Verifying Checksum
Publisher-owned smoke (python, arm64)	Run the exact publisher smoke with hostile source script	2026-10-09T12:42:24.0732528Z ddcb6d98388d: Download complete
Publisher-owned smoke (python, arm64)	Run the exact publisher smoke with hostile source script	2026-10-09T12:42:24.2087758Z 8bbaad1488a8: Pull complete
Publisher-owned smoke (python, arm64)	Run the exact publisher smoke with hostile source script	2026-10-09T12:42:24.4109798Z 9a6b3f59ebc2: Pull complete
Publisher-owned smoke (python, arm64)	Run the exact publisher smoke with hostile source script	2026-10-09T12:42:24.4231129Z bd39ca3613a6: Pull complete
Publisher-owned smoke (python, arm64)	Run the exact publisher smoke with hostile source script	2026-10-09T12:42:24.4314476Z ddcb6d98388d: Pull complete
Publisher-owned smoke (python, arm64)	Run the exact publisher smoke with hostile source script	2026-10-09T12:42:24.4360139Z Digest: sha256:a3d8aaa63ed8681a604f1dea0aa03f100d5895b6a58ace528858a7b332415373
Publisher-owned smoke (python, arm64)	Run the exact publisher smoke with hostile source script	2026-10-09T12:42:24.4369820Z Status: Downloaded newer image for registry@sha256:a3d8aaa63ed8681a604f1dea0aa03f100d5895b6a58ace528858a7b332415373
Publisher-owned smoke (python, arm64)	Run the exact publisher smoke with hostile source script	2026-10-09T12:42:24.4557008Z 6c84927396c1513bab84f6785443e9da2be1346dd8d298eda120a47dc7f5a17e
Publisher-owned smoke (python, arm64)	Run the exact publisher smoke with hostile source script	2026-10-09T12:42:24.6535760Z The push refers to repository [localhost:5000/lens-runtime-fixture]
Publisher-owned smoke (python, arm64)	Run the exact publisher smoke with hostile source script	2026-10-09T12:42:24.6571476Z bec24ca009b8: Preparing
Publisher-owned smoke (python, arm64)	Run the exact publisher smoke with hostile source script	2026-10-09T12:42:24.6572114Z 8d38b6895b33: Preparing
Publisher-owned smoke (python, arm64)	Run the exact publisher smoke with hostile source script	2026-10-09T12:42:24.6572649Z fc44d9a2f9b7: Preparing
Publisher-owned smoke (python, arm64)	Run the exact publisher smoke with hostile source script	2026-10-09T12:42:24.6573085Z fd0bce1903b8: Preparing
Publisher-owned smoke (python, arm64)	Run the exact publisher smoke with hostile source script	2026-10-09T12:42:24.6573450Z 9d55e48e088f: Preparing
Publisher-owned smoke (python, arm64)	Run the exact publisher smoke with hostile source script	2026-10-09T12:42:24.6573752Z 5f70bf18a086: Preparing
Publisher-owned smoke (python, arm64)	Run the exact publisher smoke with hostile source script	2026-10-09T12:42:24.6574066Z 86b15ccdb598: Preparing
Publisher-owned smoke (python, arm64)	Run the exact publisher smoke with hostile source script	2026-10-09T12:42:24.6577654Z eed49cb1ab55: Preparing
Publisher-owned smoke (python, arm64)	Run the exact publisher smoke with hostile source script	2026-10-09T12:42:24.6578111Z e70d96d4d35d: Preparing
Publisher-owned smoke (python, arm64)	Run the exact publisher smoke with hostile source script	2026-10-09T12:42:24.6578556Z e2aba71c4b63: Preparing
Publisher-owned smoke (python, arm64)	Run the exact publisher smoke with hostile source script	2026-10-09T12:42:24.6578911Z e8638e7f1bcc: Preparing
Publisher-owned smoke (python, arm64)	Run the exact publisher smoke with hostile source script	2026-10-09T12:42:24.6579235Z 526e3e2e5bf7: Preparing
Publisher-owned smoke (python, arm64)	Run the exact publisher smoke with hostile source script	2026-10-09T12:42:24.6579567Z 976de5c314d4: Preparing
Publisher-owned smoke (python, arm64)	Run the exact publisher smoke with hostile source script	2026-10-09T12:42:24.6580067Z e1b3310d7e5c: Preparing
Publisher-owned smoke (python, arm64)	Run the exact publisher smoke with hostile source script	2026-10-09T12:42:24.6580394Z 3ed1dd007d64: Preparing
Publisher-owned smoke (python, arm64)	Run the exact publisher smoke with hostile source script	2026-10-09T12:42:24.6580955Z 20014528c2eb: Preparing
Publisher-owned smoke (python, arm64)	Run the exact publisher smoke with hostile source script	2026-10-09T12:42:24.6581335Z f1503594fcec: Preparing
Publisher-owned smoke (python, arm64)	Run the exact publisher smoke with hostile source script	2026-10-09T12:42:24.6581730Z 5f70bf18a086: Waiting
Publisher-owned smoke (python, arm64)	Run the exact publisher smoke with hostile source script	2026-10-09T12:42:24.6582041Z 86b15ccdb598: Waiting
Publisher-owned smoke (python, arm64)	Run the exact publisher smoke with hostile source script	2026-10-09T12:42:24.6582490Z eed49cb1ab55: Waiting
Publisher-owned smoke (python, arm64)	Run the exact publisher smoke with hostile source script	2026-10-09T12:42:24.6582816Z e70d96d4d35d: Waiting
Publisher-owned smoke (python, arm64)	Run the exact publisher smoke with hostile source script	2026-10-09T12:42:24.6583265Z e2aba71c4b63: Waiting
Publisher-owned smoke (python, arm64)	Run the exact publisher smoke with hostile source script	2026-10-09T12:42:24.6583633Z e8638e7f1bcc: Waiting
Publisher-owned smoke (python, arm64)	Run the exact publisher smoke with hostile source script	2026-10-09T12:42:24.6583933Z 526e3e2e5bf7: Waiting
Publisher-owned smoke (python, arm64)	Run the exact publisher smoke with hostile source script	2026-10-09T12:42:24.6584244Z 976de5c314d4: Waiting
Publisher-owned smoke (python, arm64)	Run the exact publisher smoke with hostile source script	2026-10-09T12:42:24.6584527Z e1b3310d7e5c: Waiting
Publisher-owned smoke (python, arm64)	Run the exact publisher smoke with hostile source script	2026-10-09T12:42:24.6585517Z 3ed1dd007d64: Waiting
Publisher-owned smoke (python, arm64)	Run the exact publisher smoke with hostile source script	2026-10-09T12:42:24.6585986Z 20014528c2eb: Waiting
Publisher-owned smoke (python, arm64)	Run the exact publisher smoke with hostile source script	2026-10-09T12:42:24.6586304Z f1503594fcec: Waiting
Publisher-owned smoke (python, arm64)	Run the exact publisher smoke with hostile source script	2026-10-09T12:42:24.9264250Z 8d38b6895b33: Pushed
Publisher-owned smoke (python, arm64)	Run the exact publisher smoke with hostile source script	2026-10-09T12:42:24.9970092Z bec24ca009b8: Pushed
Publisher-owned smoke (python, arm64)	Run the exact publisher smoke with hostile source script	2026-10-09T12:42:25.0072463Z fd0bce1903b8: Pushed
Publisher-owned smoke (python, arm64)	Run the exact publisher smoke with hostile source script	2026-10-09T12:42:25.0220388Z fc44d9a2f9b7: Pushed
Publisher-owned smoke (python, arm64)	Run the exact publisher smoke with hostile source script	2026-10-09T12:42:25.0639762Z 5f70bf18a086: Pushed
Publisher-owned smoke (python, arm64)	Run the exact publisher smoke with hostile source script	2026-10-09T12:42:25.0861966Z 86b15ccdb598: Pushed
Publisher-owned smoke (python, arm64)	Run the exact publisher smoke with hostile source script	2026-10-09T12:42:25.0971398Z eed49cb1ab55: Pushed
Publisher-owned smoke (python, arm64)	Run the exact publisher smoke with hostile source script	2026-10-09T12:42:25.1024134Z e70d96d4d35d: Pushed
Publisher-owned smoke (python, arm64)	Run the exact publisher smoke with hostile source script	2026-10-09T12:42:25.1592615Z e2aba71c4b63: Pushed
Publisher-owned smoke (python, arm64)	Run the exact publisher smoke with hostile source script	2026-10-09T12:42:25.1991654Z 976de5c314d4: Pushed
Publisher-owned smoke (python, arm64)	Run the exact publisher smoke with hostile source script	2026-10-09T12:42:25.1992438Z 526e3e2e5bf7: Pushed
Publisher-owned smoke (python, arm64)	Run the exact publisher smoke with hostile source script	2026-10-09T12:42:25.2469098Z e8638e7f1bcc: Pushed
Publisher-owned smoke (python, arm64)	Run the exact publisher smoke with hostile source script	2026-10-09T12:42:25.2474020Z e1b3310d7e5c: Pushed
Publisher-owned smoke (python, arm64)	Run the exact publisher smoke with hostile source script	2026-10-09T12:42:25.5091605Z 3ed1dd007d64: Pushed
Publisher-owned smoke (python, arm64)	Run the exact publisher smoke with hostile source script	2026-10-09T12:42:25.7168205Z 20014528c2eb: Pushed
Publisher-owned smoke (python, arm64)	Run the exact publisher smoke with hostile source script	2026-10-09T12:42:25.7330109Z f1503594fcec: Pushed
Publisher-owned smoke (python, arm64)	Run the exact publisher smoke with hostile source script	2026-10-09T12:42:26.7331632Z 9d55e48e088f: Pushed
Publisher-owned smoke (python, arm64)	Run the exact publisher smoke with hostile source script	2026-10-09T12:42:26.7534497Z ci: digest: sha256:8b1d339c005f80fc42e34482a0538fbdc1ec68d5fb59527107f9896e7cf213c1 size: 3876
Publisher-owned smoke (python, arm64)	Run the exact publisher smoke with hostile source script	2026-10-09T12:42:26.7918269Z localhost:5000/lens-runtime-fixture@sha256:8b1d339c005f80fc42e34482a0538fbdc1ec68d5fb59527107f9896e7cf213c1: Pulling from lens-runtime-fixture
Publisher-owned smoke (python, arm64)	Run the exact publisher smoke with hostile source script	2026-10-09T12:42:26.7922974Z Digest: sha256:8b1d339c005f80fc42e34482a0538fbdc1ec68d5fb59527107f9896e7cf213c1
Publisher-owned smoke (python, arm64)	Run the exact publisher smoke with hostile source script	2026-10-09T12:42:26.7924134Z Status: Image is up to date for localhost:5000/lens-runtime-fixture@sha256:8b1d339c005f80fc42e34482a0538fbdc1ec68d5fb59527107f9896e7cf213c1
Publisher-owned smoke (python, arm64)	Run the exact publisher smoke with hostile source script	2026-10-09T12:42:26.7940228Z localhost:5000/lens-runtime-fixture@sha256:8b1d339c005f80fc42e34482a0538fbdc1ec68d5fb59527107f9896e7cf213c1
Publisher-owned smoke (python, arm64)	Run the exact publisher smoke with hostile source script	2026-10-09T12:42:27.5176924Z Private key written to /home/runner/work/_temp/test-cosign.key
Publisher-owned smoke (python, arm64)	Run the exact publisher smoke with hostile source script	2026-10-09T12:42:27.5185349Z Public key written to /home/runner/work/_temp/test-cosign.pub
Publisher-owned smoke (python, arm64)	Run the exact publisher smoke with hostile source script	2026-10-09T12:42:27.5381937Z WARNING: Skipping tlog verification is an insecure practice that lacks of transparency and auditability verification for the signature.
Publisher-owned smoke (python, arm64)	Run the exact publisher smoke with hostile source script	2026-10-09T12:42:27.5455993Z Error: no signatures found
Publisher-owned smoke (python, arm64)	Run the exact publisher smoke with hostile source script	2026-10-09T12:42:27.5456634Z error during command execution: no signatures found
Publisher-owned smoke (python, arm64)	Run the exact publisher smoke with hostile source script	2026-10-09T12:42:27.7189874Z Pushing signature to: localhost:5000/lens-runtime-fixture
Publisher-owned smoke (python, arm64)	Run the exact publisher smoke with hostile source script	2026-10-09T12:42:27.7655956Z WARNING: Skipping tlog verification is an insecure practice that lacks of transparency and auditability verification for the signature.
Publisher-owned smoke (python, arm64)	Run the exact publisher smoke with hostile source script	2026-10-09T12:42:27.7733642Z 
Publisher-owned smoke (python, arm64)	Run the exact publisher smoke with hostile source script	2026-10-09T12:42:27.7733688Z 
Publisher-owned smoke (python, arm64)	Run the exact publisher smoke with hostile source script	2026-10-09T12:42:27.7735238Z [{"critical":{"identity":{"docker-reference":"localhost:5000/lens-runtime-fixture"},"image":{"docker-manifest-digest":"sha256:8b1d339c005f80fc42e34482a0538fbdc1ec68d5fb59527107f9896e7cf213c1"},"type":"cosign container image signature"},"optional":{"release-tag":"v0.0.0-lens-ci","source-sha":"1454f5c75bdb9c029bc99424a234659a88320577"}}]
Publisher-owned smoke (python, arm64)	Run the exact publisher smoke with hostile source script	2026-10-09T12:42:27.7737109Z Verification for localhost:5000/lens-runtime-fixture@sha256:8b1d339c005f80fc42e34482a0538fbdc1ec68d5fb59527107f9896e7cf213c1 --
Publisher-owned smoke (python, arm64)	Run the exact publisher smoke with hostile source script	2026-10-09T12:42:27.7745688Z The following checks were performed on each of these signatures:
Publisher-owned smoke (python, arm64)	Run the exact publisher smoke with hostile source script	2026-10-09T12:42:27.7746089Z   - The specified annotations were verified.
Publisher-owned smoke (python, arm64)	Run the exact publisher smoke with hostile source script	2026-10-09T12:42:27.7746407Z   - The cosign claims were validated
Publisher-owned smoke (python, arm64)	Run the exact publisher smoke with hostile source script	2026-10-09T12:42:27.7746730Z   - The signatures were verified against the specified public key
Publisher-owned smoke (python, arm64)	Run the exact publisher smoke with hostile source script	2026-10-09T12:42:27.7920070Z WARNING: Skipping tlog verification is an insecure practice that lacks of transparency and auditability verification for the signature.
Publisher-owned smoke (python, arm64)	Run the exact publisher smoke with hostile source script	2026-10-09T12:42:27.7988812Z Error: no matching signatures: missing or incorrect annotation
Publisher-owned smoke (python, arm64)	Run the exact publisher smoke with hostile source script	2026-10-09T12:42:27.7990056Z error during command execution: no matching signatures: missing or incorrect annotation
Publisher-owned smoke (python, arm64)	Run the exact publisher smoke with hostile source script	2026-10-09T12:42:27.8190846Z WARNING: Skipping tlog verification is an insecure practice that lacks of transparency and auditability verification for the signature.
Publisher-owned smoke (python, arm64)	Run the exact publisher smoke with hostile source script	2026-10-09T12:42:27.8235069Z Error: no matching signatures: missing or incorrect annotation
Publisher-owned smoke (python, arm64)	Run the exact publisher smoke with hostile source script	2026-10-09T12:42:27.8235988Z error during command execution: no matching signatures: missing or incorrect annotation
Publisher-owned smoke (python, arm64)	Post Checkout immutable worker fixture	﻿2026-10-09T12:42:27.9508835Z Post job cleanup.
Publisher-owned smoke (python, arm64)	Post Checkout immutable worker fixture	2026-10-09T12:42:28.0191608Z [command]/usr/bin/git version
Publisher-owned smoke (python, arm64)	Post Checkout immutable worker fixture	2026-10-09T12:42:28.0229807Z git version 2.55.0
Publisher-owned smoke (python, arm64)	Post Checkout immutable worker fixture	2026-10-09T12:42:28.0265638Z Temporarily overriding HOME='/home/runner/work/_temp/9847979b-6d64-4824-bbac-0d869a979f12' before making global git config changes
Publisher-owned smoke (python, arm64)	Post Checkout immutable worker fixture	2026-10-09T12:42:28.0266626Z Adding repository directory to the temporary git global config as a safe directory
Publisher-owned smoke (python, arm64)	Post Checkout immutable worker fixture	2026-10-09T12:42:28.0272095Z [command]/usr/bin/git config --global --add safe.directory /home/runner/work/project-releaser/project-releaser/source
Publisher-owned smoke (python, arm64)	Post Checkout immutable worker fixture	2026-10-09T12:42:28.0306611Z Removing SSH command configuration
Publisher-owned smoke (python, arm64)	Post Checkout immutable worker fixture	2026-10-09T12:42:28.0311041Z [command]/usr/bin/git config --local --name-only --get-regexp core\.sshCommand
Publisher-owned smoke (python, arm64)	Post Checkout immutable worker fixture	2026-10-09T12:42:28.0345213Z [command]/usr/bin/git submodule foreach --recursive sh -c "git config --local --name-only --get-regexp 'core\.sshCommand' && git config --local --unset-all 'core.sshCommand' || :"
Publisher-owned smoke (python, arm64)	Post Checkout immutable worker fixture	2026-10-09T12:42:28.0539457Z Removing HTTP extra header
Publisher-owned smoke (python, arm64)	Post Checkout immutable worker fixture	2026-10-09T12:42:28.0543808Z [command]/usr/bin/git config --local --name-only --get-regexp http\.https\:\/\/github\.com\/\.extraheader
Publisher-owned smoke (python, arm64)	Post Checkout immutable worker fixture	2026-10-09T12:42:28.0577048Z [command]/usr/bin/git submodule foreach --recursive sh -c "git config --local --name-only --get-regexp 'http\.https\:\/\/github\.com\/\.extraheader' && git config --local --unset-all 'http.https://github.com/.extraheader' || :"
Publisher-owned smoke (python, arm64)	Post Checkout immutable worker fixture	2026-10-09T12:42:28.0762002Z Removing includeIf entries pointing to credentials config files
Publisher-owned smoke (python, arm64)	Post Checkout immutable worker fixture	2026-10-09T12:42:28.0770411Z [command]/usr/bin/git config --local --name-only --get-regexp ^includeIf\.gitdir:
Publisher-owned smoke (python, arm64)	Post Checkout immutable worker fixture	2026-10-09T12:42:28.0798239Z [command]/usr/bin/git submodule foreach --recursive git config --local --show-origin --name-only --get-regexp remote.origin.url
Publisher-owned smoke (python, arm64)	Post Checkout publisher	﻿2026-10-09T12:42:28.1128649Z Post job cleanup.
Publisher-owned smoke (python, arm64)	Post Checkout publisher	2026-10-09T12:42:28.1887968Z [command]/usr/bin/git version
Publisher-owned smoke (python, arm64)	Post Checkout publisher	2026-10-09T12:42:28.1949221Z git version 2.55.0
Publisher-owned smoke (python, arm64)	Post Checkout publisher	2026-10-09T12:42:28.1954204Z Temporarily overriding HOME='/home/runner/work/_temp/b5e22447-f275-4655-afd4-c0f22ed5a19c' before making global git config changes
Publisher-owned smoke (python, arm64)	Post Checkout publisher	2026-10-09T12:42:28.1956535Z Adding repository directory to the temporary git global config as a safe directory
Publisher-owned smoke (python, arm64)	Post Checkout publisher	2026-10-09T12:42:28.1987859Z [command]/usr/bin/git config --global --add safe.directory /home/runner/work/project-releaser/project-releaser/publisher
Publisher-owned smoke (python, arm64)	Post Checkout publisher	2026-10-09T12:42:28.2029126Z Removing SSH command configuration
Publisher-owned smoke (python, arm64)	Post Checkout publisher	2026-10-09T12:42:28.2041314Z [command]/usr/bin/git config --local --name-only --get-regexp core\.sshCommand
Publisher-owned smoke (python, arm64)	Post Checkout publisher	2026-10-09T12:42:28.2063285Z [command]/usr/bin/git submodule foreach --recursive sh -c "git config --local --name-only --get-regexp 'core\.sshCommand' && git config --local --unset-all 'core.sshCommand' || :"
Publisher-owned smoke (python, arm64)	Post Checkout publisher	2026-10-09T12:42:28.2244973Z Removing HTTP extra header
Publisher-owned smoke (python, arm64)	Post Checkout publisher	2026-10-09T12:42:28.2245641Z [command]/usr/bin/git config --local --name-only --get-regexp http\.https\:\/\/github\.com\/\.extraheader
Publisher-owned smoke (python, arm64)	Post Checkout publisher	2026-10-09T12:42:28.2277896Z [command]/usr/bin/git submodule foreach --recursive sh -c "git config --local --name-only --get-regexp 'http\.https\:\/\/github\.com\/\.extraheader' && git config --local --unset-all 'http.https://github.com/.extraheader' || :"
Publisher-owned smoke (python, arm64)	Post Checkout publisher	2026-10-09T12:42:28.2442978Z Removing includeIf entries pointing to credentials config files
Publisher-owned smoke (python, arm64)	Post Checkout publisher	2026-10-09T12:42:28.2448675Z [command]/usr/bin/git config --local --name-only --get-regexp ^includeIf\.gitdir:
Publisher-owned smoke (python, arm64)	Post Checkout publisher	2026-10-09T12:42:28.2485700Z [command]/usr/bin/git submodule foreach --recursive git config --local --show-origin --name-only --get-regexp remote.origin.url
Publisher-owned smoke (python, arm64)	Complete job	﻿2026-10-09T12:42:28.2775889Z Cleaning up orphan processes
